Experience,Qualifications,Salary Range,location,Work Type,Job Title,Role,Job Description,skills,Responsibilities,Company,Salary_Numeric
5 to 8 Years,BCA,$63K-$85K,"Agadir, Morocco",Contract,Front-End Developer,Accessibility Developer,"An Accessibility Developer focuses on making digital products and websites accessible to individuals with disabilities, ensuring compliance with accessibility standards.","Web accessibility standards (e.g., WCAG) Assistive technologies Accessibility testing tools HTML and CSS for accessibility ARIA (Accessible Rich Internet Applications) User experience (UX) for accessibility Usability testing with individuals with disabilities Collaboration Attention to detail","Ensure web accessibility for all users, including those with disabilities. Implement WCAG guidelines and accessibility features. Conduct accessibility testing and remediation.",Icahn Enterprises,130352
5 to 9 Years,BBA,$65K-$83K,"Rabat, Morocco",Full-Time,Front-End Developer,Accessibility Developer,"An Accessibility Developer focuses on making digital products and websites accessible to individuals with disabilities, ensuring compliance with accessibility standards.","Web accessibility standards (e.g., WCAG) Assistive technologies Accessibility testing tools HTML and CSS for accessibility ARIA (Accessible Rich Internet Applications) User experience (UX) for accessibility Usability testing with individuals with disabilities Collaboration Attention to detail","Ensure web accessibility for all users, including those with disabilities. Implement WCAG guidelines and accessibility features. Conduct accessibility testing and remediation.",Brighthouse Financial,177472
3 to 9 Years,PhD,$62K-$93K,"Tangier, Morocco",Temporary,Front-End Developer,Accessibility Developer,"An Accessibility Developer focuses on making digital products and websites accessible to individuals with disabilities, ensuring compliance with accessibility standards.","Web accessibility standards (e.g., WCAG) Assistive technologies Accessibility testing tools HTML and CSS for accessibility ARIA (Accessible Rich Internet Applications) User experience (UX) for accessibility Usability testing with individuals with disabilities Collaboration Attention to detail","Ensure web accessibility for all users, including those with disabilities. Implement WCAG guidelines and accessibility features. Conduct accessibility testing and remediation.",BHP Group,160275
1 to 8 Years,M.Com,$63K-$122K,"Fes, Morocco",Part-Time,Front-End Developer,Accessibility Developer,"An Accessibility Developer focuses on making digital products and websites accessible to individuals with disabilities, ensuring compliance with accessibility standards.","Web accessibility standards (e.g., WCAG) Assistive technologies Accessibility testing tools HTML and CSS for accessibility ARIA (Accessible Rich Internet Applications) User experience (UX) for accessibility Usability testing with individuals with disabilities Collaboration Attention to detail","Ensure web accessibility for all users, including those with disabilities. Implement WCAG guidelines and accessibility features. Conduct accessibility testing and remediation.",Landstar System,141262
0 to 12 Years,B.Tech,$60K-$108K,"Casablanca, Morocco",Contract,Sales Representative,Account Executive,"Account Executives manage and grow relationships with existing clients or customers. They understand client needs, propose solutions, negotiate contracts, and ensure customer satisfaction, often working closely with sales and customer support teams.",Sales strategy and planning Account management Customer relationship management Solution selling Sales forecasting Contract negotiation Sales metrics and reporting,"Manage client accounts, negotiate contracts, and achieve revenue targets by selling products or services. Provide ongoing support and solutions to clients. Collaborate with cross-functional teams to meet client needs.",Global Payments,135388
2 to 9 Years,M.Tech,$63K-$112K,"Kenitra, Morocco",Part-Time,Sales Representative,Account Executive,"Account Executives manage and grow relationships with existing clients or customers. They understand client needs, propose solutions, negotiate contracts, and ensure customer satisfaction, often working closely with sales and customer support teams.",Sales strategy and planning Account management Customer relationship management Solution selling Sales forecasting Contract negotiation Sales metrics and reporting,"Manage client accounts, negotiate contracts, and achieve revenue targets by selling products or services. Provide ongoing support and solutions to clients. Collaborate with cross-functional teams to meet client needs.",CBRE Group,118677
5 to 11 Years,MCA,$64K-$83K,"Agadir, Morocco",Full-Time,Sales Representative,Account Executive,"Account Executives manage and grow relationships with existing clients or customers. They understand client needs, propose solutions, negotiate contracts, and ensure customer satisfaction, often working closely with sales and customer support teams.",Sales strategy and planning Account management Customer relationship management Solution selling Sales forecasting Contract negotiation Sales metrics and reporting,"Manage client accounts, negotiate contracts, and achieve revenue targets by selling products or services. Provide ongoing support and solutions to clients. Collaborate with cross-functional teams to meet client needs.",Newcrest Mining,99605
3 to 14 Years,BA,$62K-$112K,"Tangier, Morocco",Part-Time,Sales Representative,Account Executive,"Account Executives manage and grow relationships with existing clients or customers. They understand client needs, propose solutions, negotiate contracts, and ensure customer satisfaction, often working closely with sales and customer support teams.",Sales strategy and planning Account management Customer relationship management Solution selling Sales forecasting Contract negotiation Sales metrics and reporting,"Manage client accounts, negotiate contracts, and achieve revenue targets by selling products or services. Provide ongoing support and solutions to clients. Collaborate with cross-functional teams to meet client needs.",Arconic,95244
2 to 12 Years,BA,$61K-$119K,"Fes, Morocco",Intern,Sales Representative,Account Executive,"Account Executives manage and grow relationships with existing clients or customers. They understand client needs, propose solutions, negotiate contracts, and ensure customer satisfaction, often working closely with sales and customer support teams.",Sales strategy and planning Account management Customer relationship management Solution selling Sales forecasting Contract negotiation Sales metrics and reporting,"Manage client accounts, negotiate contracts, and achieve revenue targets by selling products or services. Provide ongoing support and solutions to clients. Collaborate with cross-functional teams to meet client needs.",NRG Energy,96184
5 to 15 Years,MBA,$57K-$115K,"Casablanca, Morocco",Intern,Sales Representative,Account Executive,"Account Executives manage and grow relationships with existing clients or customers. They understand client needs, propose solutions, negotiate contracts, and ensure customer satisfaction, often working closely with sales and customer support teams.",Sales strategy and planning Account management Customer relationship management Solution selling Sales forecasting Contract negotiation Sales metrics and reporting,"Manage client accounts, negotiate contracts, and achieve revenue targets by selling products or services. Provide ongoing support and solutions to clients. Collaborate with cross-functional teams to meet client needs.",NRG Energy,195693
2 to 12 Years,M.Com,$64K-$113K,"Marrakech, Morocco",Part-Time,Account Director,Account Strategist,"Account Strategists work in advertising or marketing agencies, managing client accounts. They develop strategies to meet client goals, oversee campaign execution, and maintain client satisfaction by providing expert guidance and solutions.",Account management Client relations Marketing strategies Campaign optimization Data analysis Communication skills,Develop account strategies and marketing plans to achieve client objectives. Analyze campaign performance data and provide strategic recommendations. Collaborate with cross-functional teams.,Marsh & McLennan,147241
0 to 12 Years,BA,$56K-$83K,"Rabat, Morocco",Intern,Account Director,Account Strategist,"Account Strategists work in advertising or marketing agencies, managing client accounts. They develop strategies to meet client goals, oversee campaign execution, and maintain client satisfaction by providing expert guidance and solutions.",Account management Client relations Marketing strategies Campaign optimization Data analysis Communication skills,Develop account strategies and marketing plans to achieve client objectives. Analyze campaign performance data and provide strategic recommendations. Collaborate with cross-functional teams.,Crown Holdings,114873
1 to 15 Years,BBA,$55K-$90K,"Tangier, Morocco",Contract,Finance Manager,Accounting Manager,"Accounting Managers supervise accounting teams. They ensure accurate financial reporting, manage budgets, and oversee financial transactions and compliance with accounting standards.",Accounting principles Financial reporting Team management Budgeting Financial analysis,"Manage accounting functions, including financial reporting and compliance. Ensure accurate and timely financial statements. Oversee audits and tax filings.",Interpublic Group,118581
0 to 10 Years,B.Com,$57K-$112K,"Casablanca, Morocco",Intern,Finance Manager,Accounting Manager,"Accounting Managers supervise accounting teams. They ensure accurate financial reporting, manage budgets, and oversee financial transactions and compliance with accounting standards.",Accounting principles Financial reporting Team management Budgeting Financial analysis,"Manage accounting functions, including financial reporting and compliance. Ensure accurate and timely financial statements. Oversee audits and tax filings.",Alibaba Health Information Technology,233708
1 to 13 Years,B.Com,$56K-$127K,"Marrakech, Morocco",Contract,Substance Abuse Counselor,Addiction Counselor,"An Addiction Counselor provides support and therapy to individuals struggling with addiction, helping them overcome substance abuse and develop healthier coping strategies.",Addiction counseling techniques Substance abuse treatment Counseling ethics,Provide counseling and support to individuals struggling with substance abuse issues. Conduct assessments and develop treatment plans. Facilitate group therapy sessions.,"The Vanguard Group, Inc.",113859
1 to 9 Years,B.Tech,$58K-$87K,"Rabat, Morocco",Temporary,Substance Abuse Counselor,Addiction Counselor,"An Addiction Counselor provides support and therapy to individuals struggling with addiction, helping them overcome substance abuse and develop healthier coping strategies.",Addiction counseling techniques Substance abuse treatment Counseling ethics,Provide counseling and support to individuals struggling with substance abuse issues. Conduct assessments and develop treatment plans. Facilitate group therapy sessions.,PI Industries,155844
4 to 14 Years,MCA,$61K-$127K,"Tangier, Morocco",Intern,Project Coordinator,Administrative Coordinator,"Administrative Coordinators support administrative tasks, including data entry, scheduling, and document management, to enhance organizational efficiency.",Office administration Communication skills Organizational skills Time management Microsoft Office proficiency,"Provide administrative support to project teams, including scheduling meetings, managing documents, and handling logistics. Prepare project reports and presentations. Track project budgets and expenses.",ThyssenKrupp AG,138622
5 to 13 Years,M.Tech,$65K-$112K,"Agadir, Morocco",Contract,Office Manager,Administrative Manager,"Administrative Managers oversee office operations. They manage administrative staff, coordinate tasks, and ensure smooth office functioning to support the organizations goals.",Administrative leadership Office management Staff supervision Budgeting and financial management Process improvement Communication skills,Oversee office operations and administrative staff. Develop office policies and procedures. Manage budgets and resources.,Spotify Technology S.A.,100482
0 to 9 Years,B.Tech,$59K-$87K,"Casablanca, Morocco",Temporary,Project Manager,Agile Project Manager,"The Agile Project Manager leads Agile teams, facilitating effective project development and delivery. They use Agile methodologies to manage tasks, prioritize work, and adapt to changing requirements while fostering collaboration among team members.","Agile methodologies Scrum or Kanban Team collaboration Agile tools (e.g., Jira)","Facilitate agile project development, collaborate with cross-functional teams, and manage project backlogs and sprints. Coach and mentor team members on agile practices. Drive continuous improvement of agile processes.",S&P Global,176518
4 to 15 Years,MCA,$59K-$113K,"Fes, Morocco",Contract,Architectural Designer,Architectural Drafter,Architectural Drafters assist architects and engineers in creating detailed technical drawings and plans for buildings and structures. They use computer-aided design (CAD) software to produce accurate and precise architectural drawings.,Architectural drafting AutoCAD 2D and 3D modeling Blueprint reading Building codes Collaboration with architects Detail-oriented,Prepare detailed architectural drawings and plans using computer-aided design (CAD) software. Assist architects in project documentation and coordination. Ensure compliance with building codes and regulations.,Archer Daniels Midland,81102
0 to 13 Years,M.Tech,$59K-$86K,"Rabat, Morocco",Temporary,Art Director,Art Curator,"An Art Curator is responsible for managing and preserving a collection of artworks. They curate exhibitions, acquire new pieces, and educate the public about the art.",Art history and knowledge Art curation and exhibition planning Collections management Art market trends Cultural awareness,"Curate and manage art collections, exhibitions, and galleries. Research and select artworks for display. Collaborate with artists, collectors, and institutions.",Waste Management,100050
1 to 8 Years,B.Com,$57K-$114K,"Casablanca, Morocco",Part-Time,Art Teacher,Art Education Coordinator,"An Art Education Coordinator plans and manages art education programs, curriculum development, and educational outreach to promote art appreciation and learning within communities.",Art education curriculum Program development Teacher training Communication skills Artistic expertise,"Coordinate art education programs, curriculum development, and student assessments. Collaborate with other educators and schools. Organize art exhibitions and showcases.",Melrose Industries,135340
4 to 9 Years,M.Com,$64K-$95K,"Fes, Morocco",Intern,Art Teacher,Art Education Coordinator,"An Art Education Coordinator plans and manages art education programs, curriculum development, and educational outreach to promote art appreciation and learning within communities.",Art education curriculum Program development Teacher training Communication skills Artistic expertise,"Coordinate art education programs, curriculum development, and student assessments. Collaborate with other educators and schools. Organize art exhibitions and showcases.",Fluor,83527
2 to 15 Years,BBA,$65K-$94K,"Marrakech, Morocco",Part-Time,QA Analyst,Automation Test Engineer,Automation Test Engineers develop automated test scripts and frameworks to streamline and enhance the testing process. They focus on automating repetitive tests to improve efficiency and maintain test consistency.,"Test automation Test framework development Continuous integration Scripting languages (e.g., Python) Test reporting Code review",Develop and maintain automated test scripts using testing tools like Selenium or Appium. Execute automated tests and analyze results. Continuously improve test automation frameworks.,Fuchs Petrolub SE,112911
3 to 10 Years,B.Tech,$61K-$93K,"Marrakech, Morocco",Part-Time,QA Analyst,Automation Test Engineer,Automation Test Engineers develop automated test scripts and frameworks to streamline and enhance the testing process. They focus on automating repetitive tests to improve efficiency and maintain test consistency.,"Test automation Test framework development Continuous integration Scripting languages (e.g., Python) Test reporting Code review",Develop and maintain automated test scripts using testing tools like Selenium or Appium. Execute automated tests and analyze results. Continuously improve test automation frameworks.,PNC Financial Services Group,121416
2 to 14 Years,B.Tech,$61K-$89K,"Casablanca, Morocco",Part-Time,QA Analyst,Automation Test Engineer,Automation Test Engineers develop automated test scripts and frameworks to streamline and enhance the testing process. They focus on automating repetitive tests to improve efficiency and maintain test consistency.,"Test automation Test framework development Continuous integration Scripting languages (e.g., Python) Test reporting Code review",Develop and maintain automated test scripts using testing tools like Selenium or Appium. Execute automated tests and analyze results. Continuously improve test automation frameworks.,Cleveland-Cliffs,167680
4 to 11 Years,BCA,$56K-$97K,"Tangier, Morocco",Temporary,QA Analyst,Automation Test Engineer,Automation Test Engineers develop automated test scripts and frameworks to streamline and enhance the testing process. They focus on automating repetitive tests to improve efficiency and maintain test consistency.,"Test automation Test framework development Continuous integration Scripting languages (e.g., Python) Test reporting Code review",Develop and maintain automated test scripts using testing tools like Selenium or Appium. Execute automated tests and analyze results. Continuously improve test automation frameworks.,Williams-Sonoma,130129
1 to 9 Years,BBA,$58K-$105K,"Casablanca, Morocco",Full-Time,Software Tester,Automation Tester,An Automation Tester uses automated testing tools to verify the functionality and performance of software applications. They create and execute automated test scripts.,"Test automation tools (e.g., Selenium, Appium) Scripting languages (e.g., Python, Java) Test framework development Continuous integration tools Test data management",Implement and maintain test automation frameworks. Write automated test scripts for regression testing. Analyze test results and provide feedback for continuous improvement.,Downer Group,136103
5 to 11 Years,BCA,$62K-$88K,"Casablanca, Morocco",Part-Time,Software Tester,Automation Tester,An Automation Tester uses automated testing tools to verify the functionality and performance of software applications. They create and execute automated test scripts.,"Test automation tools (e.g., Selenium, Appium) Scripting languages (e.g., Python, Java) Test framework development Continuous integration tools Test data management",Implement and maintain test automation frameworks. Write automated test scripts for regression testing. Analyze test results and provide feedback for continuous improvement.,State Farm Insurance,160754
2 to 10 Years,BA,$59K-$105K,"Rabat, Morocco",Contract,Software Tester,Automation Tester,An Automation Tester uses automated testing tools to verify the functionality and performance of software applications. They create and execute automated test scripts.,"Test automation tools (e.g., Selenium, Appium) Scripting languages (e.g., Python, Java) Test framework development Continuous integration tools Test data management",Implement and maintain test automation frameworks. Write automated test scripts for regression testing. Analyze test results and provide feedback for continuous improvement.,Adani Enterprises,132204
1 to 15 Years,M.Com,$64K-$126K,"Rabat, Morocco",Intern,Software Engineer,Backend Developer,"A Backend Developer is tasked with building and maintaining the server-side logic and database infrastructure of web applications. They work on the core functionality, data storage, and server communication to ensure the application runs smoothly and efficiently.","Proficiency in one or more backend programming languages (e.g., Java, Python, Node.js, Ruby) API development Database management (SQL or NoSQL) Server management and deployment Security best practices Knowledge of web frameworks (e.g., Express, Django)","Develop server-side logic and databases using programming languages like Java, Python, or Node.js. Ensure data security and integrity. Implement APIs for seamless communication between frontend and backend.",Broadcom,212591
3 to 13 Years,MBA,$65K-$105K,"Fes, Morocco",Intern,Software Engineer,Backend Developer,"A Backend Developer is tasked with building and maintaining the server-side logic and database infrastructure of web applications. They work on the core functionality, data storage, and server communication to ensure the application runs smoothly and efficiently.","Proficiency in one or more backend programming languages (e.g., Java, Python, Node.js, Ruby) API development Database management (SQL or NoSQL) Server management and deployment Security best practices Knowledge of web frameworks (e.g., Express, Django)","Develop server-side logic and databases using programming languages like Java, Python, or Node.js. Ensure data security and integrity. Implement APIs for seamless communication between frontend and backend.",National Australia Bank (NAB),130888
2 to 11 Years,MCA,$57K-$115K,"Tangier, Morocco",Intern,Software Engineer,Backend Developer,"A Backend Developer is tasked with building and maintaining the server-side logic and database infrastructure of web applications. They work on the core functionality, data storage, and server communication to ensure the application runs smoothly and efficiently.","Proficiency in one or more backend programming languages (e.g., Java, Python, Node.js, Ruby) API development Database management (SQL or NoSQL) Server management and deployment Security best practices Knowledge of web frameworks (e.g., Express, Django)","Develop server-side logic and databases using programming languages like Java, Python, or Node.js. Ensure data security and integrity. Implement APIs for seamless communication between frontend and backend.",Taylor Morrison Home,141778
4 to 15 Years,BA,$56K-$107K,"Fes, Morocco",Part-Time,Software Engineer,Backend Developer,"A Backend Developer is tasked with building and maintaining the server-side logic and database infrastructure of web applications. They work on the core functionality, data storage, and server communication to ensure the application runs smoothly and efficiently.","Proficiency in one or more backend programming languages (e.g., Java, Python, Node.js, Ruby) API development Database management (SQL or NoSQL) Server management and deployment Security best practices Knowledge of web frameworks (e.g., Express, Django)","Develop server-side logic and databases using programming languages like Java, Python, or Node.js. Ensure data security and integrity. Implement APIs for seamless communication between frontend and backend.",AstraZeneca,95525
0 to 15 Years,PhD,$63K-$106K,"Tangier, Morocco",Temporary,Software Engineer,Backend Developer,"A Backend Developer is tasked with building and maintaining the server-side logic and database infrastructure of web applications. They work on the core functionality, data storage, and server communication to ensure the application runs smoothly and efficiently.","Proficiency in one or more backend programming languages (e.g., Java, Python, Node.js, Ruby) API development Database management (SQL or NoSQL) Server management and deployment Security best practices Knowledge of web frameworks (e.g., Express, Django)","Develop server-side logic and databases using programming languages like Java, Python, or Node.js. Ensure data security and integrity. Implement APIs for seamless communication between frontend and backend.",O'Reilly Automotive,139947
5 to 9 Years,B.Tech,$56K-$102K,"Casablanca, Morocco",Intern,Software Engineer,Backend Developer,"A Backend Developer is tasked with building and maintaining the server-side logic and database infrastructure of web applications. They work on the core functionality, data storage, and server communication to ensure the application runs smoothly and efficiently.","Proficiency in one or more backend programming languages (e.g., Java, Python, Node.js, Ruby) API development Database management (SQL or NoSQL) Server management and deployment Security best practices Knowledge of web frameworks (e.g., Express, Django)","Develop server-side logic and databases using programming languages like Java, Python, or Node.js. Ensure data security and integrity. Implement APIs for seamless communication between frontend and backend.",Packaging Corp. of America,198426
0 to 10 Years,BCA,$65K-$110K,"Casablanca, Morocco",Part-Time,Software Engineer,Backend Developer,"A Backend Developer is tasked with building and maintaining the server-side logic and database infrastructure of web applications. They work on the core functionality, data storage, and server communication to ensure the application runs smoothly and efficiently.","Proficiency in one or more backend programming languages (e.g., Java, Python, Node.js, Ruby) API development Database management (SQL or NoSQL) Server management and deployment Security best practices Knowledge of web frameworks (e.g., Express, Django)","Develop server-side logic and databases using programming languages like Java, Python, or Node.js. Ensure data security and integrity. Implement APIs for seamless communication between frontend and backend.",Ball,219422
5 to 12 Years,BA,$61K-$100K,"Casablanca, Morocco",Temporary,Software Engineer,Backend Developer,"A Backend Developer is tasked with building and maintaining the server-side logic and database infrastructure of web applications. They work on the core functionality, data storage, and server communication to ensure the application runs smoothly and efficiently.","Proficiency in one or more backend programming languages (e.g., Java, Python, Node.js, Ruby) API development Database management (SQL or NoSQL) Server management and deployment Security best practices Knowledge of web frameworks (e.g., Express, Django)","Develop server-side logic and databases using programming languages like Java, Python, or Node.js. Ensure data security and integrity. Implement APIs for seamless communication between frontend and backend.",Henry Schein,157405
0 to 14 Years,BBA,$62K-$107K,"Rabat, Morocco",Intern,Data Engineer,Big Data Engineer,"A Big Data Engineer develops and manages big data solutions, including data storage, processing, and analysis platforms, to extract valuable insights and support data-driven decisions.","Big data technologies (Hadoop, Spark, etc.) Data processing and analysis Distributed computing","Work with large and complex datasets, using technologies like Hadoop and Spark. Develop and maintain big data solutions. Optimize data processing and storage for performance.",Universal Health Services,192212
5 to 9 Years,BCA,$64K-$100K,"Casablanca, Morocco",Intern,Data Engineer,Big Data Engineer,"A Big Data Engineer develops and manages big data solutions, including data storage, processing, and analysis platforms, to extract valuable insights and support data-driven decisions.","Big data technologies (Hadoop, Spark, etc.) Data processing and analysis Distributed computing","Work with large and complex datasets, using technologies like Hadoop and Spark. Develop and maintain big data solutions. Optimize data processing and storage for performance.",Duke Energy,219922
4 to 13 Years,M.Tech,$63K-$91K,"Oujda, Morocco",Temporary,Data Engineer,Big Data Engineer,"A Big Data Engineer develops and manages big data solutions, including data storage, processing, and analysis platforms, to extract valuable insights and support data-driven decisions.","Big data technologies (Hadoop, Spark, etc.) Data processing and analysis Distributed computing","Work with large and complex datasets, using technologies like Hadoop and Spark. Develop and maintain big data solutions. Optimize data processing and storage for performance.",Weir Group,76254
3 to 8 Years,MCA,$59K-$105K,"Rabat, Morocco",Part-Time,Data Engineer,Big Data Engineer,"A Big Data Engineer develops and manages big data solutions, including data storage, processing, and analysis platforms, to extract valuable insights and support data-driven decisions.","Big data technologies (Hadoop, Spark, etc.) Data processing and analysis Distributed computing","Work with large and complex datasets, using technologies like Hadoop and Spark. Develop and maintain big data solutions. Optimize data processing and storage for performance.",TIAA,122062
4 to 8 Years,PhD,$57K-$84K,"Casablanca, Morocco",Contract,Marketing Manager,Brand Manager,"Brand Managers are responsible for maintaining and enhancing a brands image and reputation. They develop brand strategies, oversee branding campaigns, and ensure brand consistency in all marketing and communication efforts.",Brand strategy development Brand identity and design Brand storytelling Marketing campaigns Brand performance measurement Creative thinking Strong communication skills,"Manage the overall brand identity, create marketing campaigns, and ensure brand consistency across all materials and touchpoints. Monitor brand performance and reputation. Collaborate with creative teams on branding materials.",Ebay,164204
4 to 8 Years,BCA,$59K-$88K,"Agadir, Morocco",Part-Time,Brand Manager,Brand Marketing Analyst,A Brand Marketing Analyst analyzes market data and consumer behavior to assess the effectiveness of branding strategies. They provide insights to improve brand marketing efforts.,"Marketing analytics Data analysis tools (e.g., Google Analytics, Adobe Analytics) Brand performance measurement Consumer behavior analysis Campaign effectiveness evaluation",Analyze brand performance metrics and consumer behavior. Track marketing campaigns and assess their impact on brand perception. Provide insights and recommendations for brand improvement.,PI Industries,191252
4 to 13 Years,M.Tech,$57K-$81K,"Rabat, Morocco",Intern,Brand Manager,Brand Marketing Analyst,A Brand Marketing Analyst analyzes market data and consumer behavior to assess the effectiveness of branding strategies. They provide insights to improve brand marketing efforts.,"Marketing analytics Data analysis tools (e.g., Google Analytics, Adobe Analytics) Brand performance measurement Consumer behavior analysis Campaign effectiveness evaluation",Analyze brand performance metrics and consumer behavior. Track marketing campaigns and assess their impact on brand perception. Provide insights and recommendations for brand improvement.,Osram Licht AG (Now part of ams AG),223777
5 to 9 Years,M.Tech,$57K-$90K,"Casablanca, Morocco",Contract,Public Relations Specialist,Brand PR Specialist,"Brand PR Specialists focus on promoting and maintaining a positive brand image through media relations, events, and communication efforts.",Brand management Public relations Brand storytelling Influencer marketing Media monitoring,Promote and protect the brands image and reputation. Develop PR campaigns and brand messaging. Monitor and analyze PR campaign performance.,CMS Energy,186767
4 to 11 Years,MBA,$64K-$116K,"Fes, Morocco",Part-Time,Brand Manager,Brand Strategist,A Brand Strategist develops strategies to build and strengthen a companys brand identity. They research market trends and consumer preferences to guide branding decisions.,Brand strategy development Market research and analysis Competitive analysis Brand positioning and messaging Creative direction and collaboration,"Develop brand strategies, positioning, and messaging to drive brand awareness and loyalty. Conduct market research and competitor analysis. Collaborate with creative teams on branding materials.",Apollo Global Management,166971
0 to 9 Years,MCA,$60K-$105K,"Casablanca, Morocco",Temporary,Brand Manager,Brand Strategist,A Brand Strategist develops strategies to build and strengthen a companys brand identity. They research market trends and consumer preferences to guide branding decisions.,Brand strategy development Market research and analysis Competitive analysis Brand positioning and messaging Creative direction and collaboration,"Develop brand strategies, positioning, and messaging to drive brand awareness and loyalty. Conduct market research and competitor analysis. Collaborate with creative teams on branding materials.",Hess,225492
4 to 11 Years,BCA,$62K-$85K,"Marrakech, Morocco",Contract,Financial Analyst,Budget Analyst,"Budget Analysts manage and analyze financial data to develop, monitor, and report on budgets. They work with departments to ensure budget compliance, identify cost-saving opportunities, and provide financial insights to support strategic planning and decision-making.",Budget planning Financial forecasting Excel proficiency Data analysis,"Develop and manage budgets, track financial performance, and prepare financial reports. Collaborate with department heads to create and monitor budget plans. Identify cost-saving opportunities.",JD.com,185147
5 to 8 Years,B.Tech,$56K-$96K,"Tangier, Morocco",Part-Time,Data Analyst,Business Intelligence Analyst,"Business Intelligence Analysts gather and analyze data to provide valuable insights to support decision-making within an organization. They create reports, dashboards, and data visualizations to help stakeholders understand trends, patterns, and opportunities in the data.","Data analysis and visualization tools (e.g., Tableau, Power BI) SQL and database querying Business intelligence concepts Data modeling and reporting Strong analytical and problem-solving skills Data-driven decision-making",Gather and analyze data to provide insights for decision-making using tools like Tableau or Power BI. Create data visualizations and reports. Identify trends and patterns in data.,Adani Enterprises,175744
2 to 14 Years,B.Com,$63K-$95K,"Tangier, Morocco",Intern,Data Analyst,Business Intelligence Analyst,"Business Intelligence Analysts gather and analyze data to provide valuable insights to support decision-making within an organization. They create reports, dashboards, and data visualizations to help stakeholders understand trends, patterns, and opportunities in the data.","Data analysis and visualization tools (e.g., Tableau, Power BI) SQL and database querying Business intelligence concepts Data modeling and reporting Strong analytical and problem-solving skills Data-driven decision-making",Gather and analyze data to provide insights for decision-making using tools like Tableau or Power BI. Create data visualizations and reports. Identify trends and patterns in data.,Hargreaves Lansdown,158362
0 to 14 Years,BBA,$59K-$82K,"Agadir, Morocco",Temporary,Data Analyst,Business Intelligence Analyst,"Business Intelligence Analysts gather and analyze data to provide valuable insights to support decision-making within an organization. They create reports, dashboards, and data visualizations to help stakeholders understand trends, patterns, and opportunities in the data.","Data analysis and visualization tools (e.g., Tableau, Power BI) SQL and database querying Business intelligence concepts Data modeling and reporting Strong analytical and problem-solving skills Data-driven decision-making",Gather and analyze data to provide insights for decision-making using tools like Tableau or Power BI. Create data visualizations and reports. Identify trends and patterns in data.,CRRC Corporation,143628
3 to 9 Years,B.Tech,$61K-$89K,"Rabat, Morocco",Full-Time,Systems Analyst,Business Systems Analyst,"A Business Systems Analyst analyzes business processes and requirements, recommends technology solutions, and bridges the gap between business objectives and IT systems.",Business systems analysis Requirements gathering Process improvement,Focus on improving business processes through technology solutions. Conduct business process modeling and workflow analysis. Facilitate communication between business and IT stakeholders.,Reinsurance Group of America,148123
3 to 8 Years,BA,$58K-$121K,"Tangier, Morocco",Full-Time,Systems Analyst,Business Systems Analyst,"A Business Systems Analyst analyzes business processes and requirements, recommends technology solutions, and bridges the gap between business objectives and IT systems.",Business systems analysis Requirements gathering Process improvement,Focus on improving business processes through technology solutions. Conduct business process modeling and workflow analysis. Facilitate communication between business and IT stakeholders.,Ingredion,202208
4 to 13 Years,MBA,$58K-$91K,"Nador, Morocco",Temporary,Systems Analyst,Business Systems Analyst,"A Business Systems Analyst analyzes business processes and requirements, recommends technology solutions, and bridges the gap between business objectives and IT systems.",Business systems analysis Requirements gathering Process improvement,Focus on improving business processes through technology solutions. Conduct business process modeling and workflow analysis. Facilitate communication between business and IT stakeholders.,Estée Lauder,72822
3 to 10 Years,M.Com,$57K-$83K,"Nador, Morocco",Contract,Tax Consultant,Business Tax Consultant,"A Business Tax Consultant specializes in tax planning and compliance for businesses. They assist with tax strategy, filings, and help organizations minimize tax liabilities.",Business tax law knowledge Corporate tax planning Tax compliance for businesses Tax credits and incentives Tax strategy development Financial analysis IRS regulations Client relationship management Communication skills Tax software proficiency,"Advise businesses on tax strategies, deductions, and compliance. Prepare corporate tax returns and financial statements. Assist with tax audits and negotiations with tax authorities.",Hormel Foods,116743
0 to 10 Years,MBA,$55K-$94K,"Casablanca, Morocco",Full-Time,Tax Consultant,Business Tax Consultant,"A Business Tax Consultant specializes in tax planning and compliance for businesses. They assist with tax strategy, filings, and help organizations minimize tax liabilities.",Business tax law knowledge Corporate tax planning Tax compliance for businesses Tax credits and incentives Tax strategy development Financial analysis IRS regulations Client relationship management Communication skills Tax software proficiency,"Advise businesses on tax strategies, deductions, and compliance. Prepare corporate tax returns and financial statements. Assist with tax audits and negotiations with tax authorities.",Jones Financial (Edward Jones),127322
2 to 8 Years,PhD,$62K-$87K,"Tangier, Morocco",Part-Time,Tax Consultant,Business Tax Consultant,"A Business Tax Consultant specializes in tax planning and compliance for businesses. They assist with tax strategy, filings, and help organizations minimize tax liabilities.",Business tax law knowledge Corporate tax planning Tax compliance for businesses Tax credits and incentives Tax strategy development Financial analysis IRS regulations Client relationship management Communication skills Tax software proficiency,"Advise businesses on tax strategies, deductions, and compliance. Prepare corporate tax returns and financial statements. Assist with tax audits and negotiations with tax authorities.",Constellation Brands,98050
4 to 15 Years,B.Com,$65K-$106K,"Casablanca, Morocco",Temporary,Mechanical Designer,CAD Technician,Create and modify technical drawings using computer-aided design (CAD) software for various engineering projects.,Computer-aided design (CAD) software Technical drawing Blueprint interpretation Drafting standards Engineering principles Collaboration with engineers Problem-solving Attention to detail Communication skills 3D modeling (if applicable),Use computer-aided design (CAD) software to create and revise technical drawings. Ensure drawings comply with industry standards. Support design projects with technical expertise.,Walgreens Boots Alliance,157082
3 to 15 Years,M.Com,$60K-$104K,"Casablanca, Morocco",Full-Time,Mechanical Designer,CAD Technician,Create and modify technical drawings using computer-aided design (CAD) software for various engineering projects.,Computer-aided design (CAD) software Technical drawing Blueprint interpretation Drafting standards Engineering principles Collaboration with engineers Problem-solving Attention to detail Communication skills 3D modeling (if applicable),Use computer-aided design (CAD) software to create and revise technical drawings. Ensure drawings comply with industry standards. Support design projects with technical expertise.,Wells Fargo,164488
1 to 15 Years,M.Com,$57K-$122K,"Marrakech, Morocco",Intern,Mechanical Designer,CAD Technician,Create and modify technical drawings using computer-aided design (CAD) software for various engineering projects.,Computer-aided design (CAD) software Technical drawing Blueprint interpretation Drafting standards Engineering principles Collaboration with engineers Problem-solving Attention to detail Communication skills 3D modeling (if applicable),Use computer-aided design (CAD) software to create and revise technical drawings. Ensure drawings comply with industry standards. Support design projects with technical expertise.,JD Wetherspoon,134950
0 to 14 Years,BA,$58K-$113K,"Tangier, Morocco",Temporary,Registered Nurse,Charge Nurse,"A Charge Nurse leads and supervises nursing staff, coordinates patient care, and ensures efficient operations within a healthcare unit or department.",Nursing leadership Charge nurse responsibilities Team coordination,Supervise nursing staff and allocate patient assignments. Ensure compliance with nursing standards and protocols. Act as a resource for nursing-related issues.,Jones Lang LaSalle,148570
0 to 8 Years,PhD,$55K-$104K,"Kenitra, Morocco",Part-Time,Registered Nurse,Charge Nurse,"A Charge Nurse leads and supervises nursing staff, coordinates patient care, and ensures efficient operations within a healthcare unit or department.",Nursing leadership Charge nurse responsibilities Team coordination,Supervise nursing staff and allocate patient assignments. Ensure compliance with nursing standards and protocols. Act as a resource for nursing-related issues.,BAE Systems,116615
4 to 10 Years,BA,$57K-$118K,"Tangier, Morocco",Contract,Registered Nurse,Charge Nurse,"A Charge Nurse leads and supervises nursing staff, coordinates patient care, and ensures efficient operations within a healthcare unit or department.",Nursing leadership Charge nurse responsibilities Team coordination,Supervise nursing staff and allocate patient assignments. Ensure compliance with nursing standards and protocols. Act as a resource for nursing-related issues.,JD.com,155151
0 to 9 Years,B.Tech,$57K-$89K,"Oujda, Morocco",Intern,Process Engineer,Chemical Engineer,"Chemical Engineers design and oversee processes for the production of chemicals and related products. They conduct experiments, analyze data, and develop processes to optimize production, ensure safety, and minimize environmental impact.",Chemical engineering Process design Chemical reactions Safety protocols Laboratory techniques Problem-solving skills,"Specialize in chemical processes, including design and optimization. Monitor chemical reactions and processes. Ensure compliance with environmental regulations.",Asbury Automotive Group,94534
3 to 11 Years,M.Tech,$55K-$86K,"Fes, Morocco",Part-Time,Process Engineer,Chemical Engineer,"Chemical Engineers design and oversee processes for the production of chemicals and related products. They conduct experiments, analyze data, and develop processes to optimize production, ensure safety, and minimize environmental impact.",Chemical engineering Process design Chemical reactions Safety protocols Laboratory techniques Problem-solving skills,"Specialize in chemical processes, including design and optimization. Monitor chemical reactions and processes. Ensure compliance with environmental regulations.",Aditya Birla Capital,109866
2 to 12 Years,B.Com,$56K-$101K,"Oujda, Morocco",Intern,Process Engineer,Chemical Engineer,"Chemical Engineers design and oversee processes for the production of chemicals and related products. They conduct experiments, analyze data, and develop processes to optimize production, ensure safety, and minimize environmental impact.",Chemical engineering Process design Chemical reactions Safety protocols Laboratory techniques Problem-solving skills,"Specialize in chemical processes, including design and optimization. Monitor chemical reactions and processes. Ensure compliance with environmental regulations.",Bunzl,132782
4 to 13 Years,PhD,$62K-$127K,"Fes, Morocco",Full-Time,Social Worker,Child Welfare Worker,"Work with at-risk children and families, assess needs, provide support, and ensure child safety and well-being.",Child welfare policies and regulations Child protective services Child development Crisis intervention Case management Cultural competence Interviewing and assessment skills Court procedures Documentation Empathy Communication skills,Provide support and counseling to children and families in need. Assess child safety and risk factors. Develop and implement care plans and interventions.,3M,120075
4 to 13 Years,BBA,$63K-$108K,"Rabat, Morocco",Contract,Social Worker,Child Welfare Worker,"Work with at-risk children and families, assess needs, provide support, and ensure child safety and well-being.",Child welfare policies and regulations Child protective services Child development Crisis intervention Case management Cultural competence Interviewing and assessment skills Court procedures Documentation Empathy Communication skills,Provide support and counseling to children and families in need. Assess child safety and risk factors. Develop and implement care plans and interventions.,KKR,135636
4 to 10 Years,BCA,$59K-$103K,"Tangier, Morocco",Full-Time,Teacher,Classroom Teacher,"A Classroom Teacher educates students in a specific subject or grade level. They create lesson plans, deliver instruction, assess student progress, and foster a positive learning environment.",Teaching pedagogy Classroom management Curriculum development Student assessment Differentiated instruction,"Plan and deliver engaging lessons, adapting teaching methods to student needs. Assess student progress and provide feedback. Create a positive and inclusive classroom environment.",ConocoPhillips,103400
1 to 11 Years,MCA,$56K-$119K,"Marrakech, Morocco",Temporary,Teacher,Classroom Teacher,"A Classroom Teacher educates students in a specific subject or grade level. They create lesson plans, deliver instruction, assess student progress, and foster a positive learning environment.",Teaching pedagogy Classroom management Curriculum development Student assessment Differentiated instruction,"Plan and deliver engaging lessons, adapting teaching methods to student needs. Assess student progress and provide feedback. Create a positive and inclusive classroom environment.",PayPal Holdings,92295
1 to 15 Years,PhD,$62K-$91K,"Casablanca, Morocco",Temporary,Account Manager,Client Relationship Manager,"Build and maintain strong client relationships, understand their needs, and ensure client satisfaction.",Client relationship management Customer service Communication skills,Build and nurture strong client relationships. Understand client needs and objectives. Serve as the main point of contact for client communication.,WPP plc,182601
2 to 15 Years,MBA,$65K-$113K,"Tangier, Morocco",Contract,Account Manager,Client Relationship Manager,"Build and maintain strong client relationships, understand their needs, and ensure client satisfaction.",Client relationship management Customer service Communication skills,Build and nurture strong client relationships. Understand client needs and objectives. Serve as the main point of contact for client communication.,Broadcom,179822
5 to 10 Years,MCA,$56K-$120K,"Nador, Morocco",Temporary,Nurse Manager,Clinical Nurse Manager,"Clinical Nurse Managers lead and supervise nursing staff in clinical settings. They coordinate patient care, manage resources, and support nursing teams in providing safe and effective patient treatment.",Clinical nursing Patient assessment Care planning Staff development Healthcare protocols Communication skills Problem-solving abilities,Manage clinical nursing teams in hospitals or medical facilities. Supervise patient care and treatment plans. Monitor patient outcomes and quality of care.,Carvana,127683
5 to 15 Years,BBA,$58K-$82K,"Casablanca, Morocco",Contract,Nurse Manager,Clinical Nurse Manager,"Clinical Nurse Managers lead and supervise nursing staff in clinical settings. They coordinate patient care, manage resources, and support nursing teams in providing safe and effective patient treatment.",Clinical nursing Patient assessment Care planning Staff development Healthcare protocols Communication skills Problem-solving abilities,Manage clinical nursing teams in hospitals or medical facilities. Supervise patient care and treatment plans. Monitor patient outcomes and quality of care.,Whitbread plc,252504
5 to 14 Years,BA,$56K-$84K,"Rabat, Morocco",Intern,Psychologist,Clinical Psychologist,"Clinical Psychologists diagnose and treat mental health disorders. They conduct therapy sessions, assessments, and research to improve patients well-being.",Clinical psychology Counseling skills Assessment tools Diagnostic skills Empathy and listening skills,"Provide therapy and counseling services to individuals, couples, and families. Conduct psychological assessments and diagnoses. Develop treatment plans and provide ongoing support.",Avis Budget Group,177254
1 to 13 Years,BA,$60K-$88K,"Rabat, Morocco",Part-Time,Psychologist,Clinical Psychologist,"Clinical Psychologists diagnose and treat mental health disorders. They conduct therapy sessions, assessments, and research to improve patients well-being.",Clinical psychology Counseling skills Assessment tools Diagnostic skills Empathy and listening skills,"Provide therapy and counseling services to individuals, couples, and families. Conduct psychological assessments and diagnoses. Develop treatment plans and provide ongoing support.",Olin,100109
3 to 9 Years,B.Tech,$55K-$122K,"Rabat, Morocco",Full-Time,Software Architect,Cloud Architect,"A Cloud Architect designs and manages cloud-based solutions, optimizing scalability, security, and performance while aligning them with the companys technology strategy.","Cloud computing platforms (AWS, Azure, etc.) Cloud security Containerization (Docker, Kubernetes)","Design and implement cloud-based solutions, optimizing for performance and cost-efficiency. Develop cloud migration strategies. Architect and manage cloud infrastructure.",Glencore,128816
3 to 8 Years,BA,$61K-$88K,"Marrakech, Morocco",Part-Time,Systems Engineer,Cloud Systems Engineer,"As a Cloud Systems Engineer, you will be responsible for designing, implementing, and managing cloud infrastructure solutions. You will work with cloud platforms like AWS, Azure, or GCP to build scalable and reliable systems. Your role involves optimizing cloud resources, ensuring security, and troubleshooting issues to maintain high system availability and performance.","Cloud systems engineering Cloud infrastructure (e.g., AWS, Azure) DevOps practices Automation Security in the cloud Disaster recovery Scalability","Focus on cloud computing solutions, including AWS or Azure. Design, deploy, and manage cloud-based infrastructure and services. Optimize cloud resources and cost efficiency.",Merck,159231
5 to 14 Years,MBA,$64K-$119K,"Marrakech, Morocco",Temporary,Systems Engineer,Cloud Systems Engineer,"As a Cloud Systems Engineer, you will be responsible for designing, implementing, and managing cloud infrastructure solutions. You will work with cloud platforms like AWS, Azure, or GCP to build scalable and reliable systems. Your role involves optimizing cloud resources, ensuring security, and troubleshooting issues to maintain high system availability and performance.","Cloud systems engineering Cloud infrastructure (e.g., AWS, Azure) DevOps practices Automation Security in the cloud Disaster recovery Scalability","Focus on cloud computing solutions, including AWS or Azure. Design, deploy, and manage cloud-based infrastructure and services. Optimize cloud resources and cost efficiency.",Target,117939
2 to 11 Years,PhD,$61K-$84K,"Tangier, Morocco",Temporary,Interior Designer,Commercial Interior Designer,A Commercial Interior Designer focuses on designing interior spaces for businesses and commercial properties. They optimize layouts for productivity and aesthetics.,Commercial interior design Workplace ergonomics Building codes and regulations knowledge Sustainable design principles AutoCAD and Revit proficiency,"Design and optimize interior spaces for commercial and public use, such as offices, restaurants, and retail stores. Collaborate with architects and contractors. Ensure compliance with building codes and regulations.",Pfizer Inc.,94456
2 to 10 Years,B.Com,$57K-$124K,"Rabat, Morocco",Contract,Interior Designer,Commercial Interior Designer,A Commercial Interior Designer focuses on designing interior spaces for businesses and commercial properties. They optimize layouts for productivity and aesthetics.,Commercial interior design Workplace ergonomics Building codes and regulations knowledge Sustainable design principles AutoCAD and Revit proficiency,"Design and optimize interior spaces for commercial and public use, such as offices, restaurants, and retail stores. Collaborate with architects and contractors. Ensure compliance with building codes and regulations.",Whirlpool,141415
4 to 12 Years,PhD,$56K-$128K,"Marrakech, Morocco",Contract,Landscape Designer,Commercial Landscape Architect,"Commercial Landscape Architects design outdoor spaces for commercial properties, such as office complexes and retail centers. They create functional and aesthetically pleasing landscapes that align with the clients goals and needs.",Landscape architecture Site planning Plant selection Environmental sustainability AutoCAD Project management,"Plan and design outdoor spaces for commercial and public projects, such as parks, resorts, and urban developments. Manage project budgets and timelines. Collaborate with architects and contractors.",Jackson Financial,135494
0 to 8 Years,MBA,$63K-$119K,"Marrakech, Morocco",Full-Time,Social Media Manager,Community Manager,"Community Managers build and engage online communities around a brand or product. They interact with community members, moderate discussions, and foster a sense of belonging and loyalty among community members.",Community engagement and moderation Online community-building strategies Content curation and creation Crisis management and conflict resolution Analytics and reporting,Build and manage online communities and social media profiles. Engage with followers and respond to comments and messages. Handle reputation management and address customer inquiries.,National Australia Bank (NAB),189709
0 to 15 Years,BBA,$55K-$83K,"Casablanca, Morocco",Contract,Market Analyst,Competitive Intelligence Analyst,Competitive Intelligence Analysts gather data on competitors and industry trends. They analyze information to help businesses make informed decisions and gain a competitive edge.,Competitive analysis Market research Data analysis Business strategy Industry knowledge,Research competitors and industry trends to assess market positioning. Analyze competitors strategies and product offerings. Provide recommendations for competitive advantage.,AutoNation,204129
4 to 12 Years,B.Tech,$56K-$90K,"Tangier, Morocco",Part-Time,Structural Engineer,Construction Engineer,"A Construction Engineer manages construction projects, oversees project planning, budgets, and construction activities, and ensures projects are completed on time and within budget.",Construction management Structural design AutoCAD proficiency Project management Site inspection,"Oversee construction projects, including structural aspects, budgeting, and scheduling. Collaborate with architects and contractors. Ensure compliance with building codes and safety standards.",Fresenius Medical Care AG & Co. KGaA,144459
2 to 14 Years,M.Tech,$63K-$99K,"Rabat, Morocco",Contract,Project Manager,Construction Project Manager,"The Construction Project Manager oversees and manages construction projects, ensuring they are completed on time and within budget. They coordinate with contractors, architects, and other stakeholders to ensure successful project delivery.",Construction management Budgeting Contract negotiation Safety regulations,"Oversee construction projects, including budgeting, scheduling, and coordination of subcontractors. Ensure compliance with safety regulations. Communicate project status to stakeholders.",Sirius XM Holdings Inc.,130955
5 to 14 Years,B.Tech,$65K-$82K,"Marrakech, Morocco",Temporary,Project Manager,Construction Project Manager,"The Construction Project Manager oversees and manages construction projects, ensuring they are completed on time and within budget. They coordinate with contractors, architects, and other stakeholders to ensure successful project delivery.",Construction management Budgeting Contract negotiation Safety regulations,"Oversee construction projects, including budgeting, scheduling, and coordination of subcontractors. Ensure compliance with safety regulations. Communicate project status to stakeholders.",Keurig Dr Pepper Inc.,182804
0 to 15 Years,B.Tech,$56K-$93K,"Tangier, Morocco",Temporary,Project Manager,Construction Project Manager,"The Construction Project Manager oversees and manages construction projects, ensuring they are completed on time and within budget. They coordinate with contractors, architects, and other stakeholders to ensure successful project delivery.",Construction management Budgeting Contract negotiation Safety regulations,"Oversee construction projects, including budgeting, scheduling, and coordination of subcontractors. Ensure compliance with safety regulations. Communicate project status to stakeholders.",DTE Energy,163443
2 to 15 Years,BA,$65K-$114K,"Fes, Morocco",Intern,Social Media Coordinator,Content Creator,"Create engaging and relevant content, such as articles, videos, or social media posts, to promote brands or products.","Content creation (e.g., writing, editing, graphic design, video production) Content marketing Social media management SEO optimization Creative storytelling Audience engagement Analytics and reporting Adaptability Communication skills Creativity","Create compelling and shareable content for social media platforms, including text, images, and videos. Collaborate with designers and photographers for visuals. Engage with the audience and respond to comments.",S&P Global,77957
0 to 10 Years,PhD,$62K-$112K,"Oujda, Morocco",Contract,Social Media Coordinator,Content Creator,"Create engaging and relevant content, such as articles, videos, or social media posts, to promote brands or products.","Content creation (e.g., writing, editing, graphic design, video production) Content marketing Social media management SEO optimization Creative storytelling Audience engagement Analytics and reporting Adaptability Communication skills Creativity","Create compelling and shareable content for social media platforms, including text, images, and videos. Collaborate with designers and photographers for visuals. Engage with the audience and respond to comments.",Symrise AG,84370
4 to 11 Years,BA,$61K-$105K,"Casablanca, Morocco",Part-Time,Social Media Coordinator,Content Creator,"Create engaging and relevant content, such as articles, videos, or social media posts, to promote brands or products.","Content creation (e.g., writing, editing, graphic design, video production) Content marketing Social media management SEO optimization Creative storytelling Audience engagement Analytics and reporting Adaptability Communication skills Creativity","Create compelling and shareable content for social media platforms, including text, images, and videos. Collaborate with designers and photographers for visuals. Engage with the audience and respond to comments.",Marathon Petroleum,137813
1 to 15 Years,BCA,$62K-$112K,"Rabat, Morocco",Temporary,Social Media Coordinator,Content Creator,"Create engaging and relevant content, such as articles, videos, or social media posts, to promote brands or products.","Content creation (e.g., writing, editing, graphic design, video production) Content marketing Social media management SEO optimization Creative storytelling Audience engagement Analytics and reporting Adaptability Communication skills Creativity","Create compelling and shareable content for social media platforms, including text, images, and videos. Collaborate with designers and photographers for visuals. Engage with the audience and respond to comments.",SBI Life Insurance Company,106273
3 to 11 Years,M.Com,$62K-$94K,"Rabat, Morocco",Part-Time,SEO Specialist,Content SEO Strategist,"Content SEO Strategists create SEO strategies specifically for content, focusing on keyword integration, content quality, and user engagement to boost organic traffic.",Content strategy SEO content optimization Content marketing Keyword mapping Analytics,"Develop content strategies for SEO, including keyword integration and content optimization. Collaborate with content creators to align content with SEO goals. Track content performance and make improvements.",Electrocomponents,160550
4 to 8 Years,BA,$62K-$92K,"Rabat, Morocco",Contract,Content Writer,Content Strategist,"Content Strategists develop and execute content strategies that align with business objectives. They plan content creation, distribution, and promotion to engage audiences and drive brand growth.",Content strategy Content planning SEO optimization Content marketing Analytics,"Develop content strategies, plan editorial calendars, and ensure content aligns with marketing and branding objectives. Monitor content performance and adjust strategies. Identify content trends and opportunities.",New Oriental Education & Technology Group,167102
2 to 14 Years,MCA,$60K-$91K,"Agadir, Morocco",Contract,Content Writer,Content Strategist,"Content Strategists develop and execute content strategies that align with business objectives. They plan content creation, distribution, and promotion to engage audiences and drive brand growth.",Content strategy Content planning SEO optimization Content marketing Analytics,"Develop content strategies, plan editorial calendars, and ensure content aligns with marketing and branding objectives. Monitor content performance and adjust strategies. Identify content trends and opportunities.",Constellation Brands,124257
2 to 14 Years,M.Com,$63K-$124K,"Tangier, Morocco",Contract,Content Writer,Content Strategist,"Content Strategists develop and execute content strategies that align with business objectives. They plan content creation, distribution, and promotion to engage audiences and drive brand growth.",Content strategy Content planning SEO optimization Content marketing Analytics,"Develop content strategies, plan editorial calendars, and ensure content aligns with marketing and branding objectives. Monitor content performance and adjust strategies. Identify content trends and opportunities.",Carnival Corporation & plc,141337
2 to 13 Years,BCA,$62K-$121K,"Marrakech, Morocco",Temporary,Electrical Engineer,Controls Engineer,"Controls Engineers specialize in industrial automation, designing and implementing control systems for machinery and manufacturing processes. They optimize efficiency and safety.",Control system design PLC programming Automation Instrumentation System integration,Design and implement control systems for industrial automation and robotics. Program PLCs (Programmable Logic Controllers) and HMI (Human-Machine Interface) systems. Troubleshoot control system issues.,GAIL (India) Limited,136245
4 to 12 Years,BA,$57K-$128K,"Tangier, Morocco",Intern,Content Writer,Copywriter,"Copywriters create compelling written content for various mediums, such as advertising, websites, and marketing materials. They craft persuasive and engaging messages that resonate with target audiences.",Copywriting Content creation SEO Marketing strategies Creativity,"Create engaging and persuasive content for marketing materials, websites, blog posts, and social media. Conduct keyword research and SEO optimization. Proofread and edit content for accuracy and clarity.",Coty Inc.,133881
0 to 8 Years,PhD,$58K-$90K,"Casablanca, Morocco",Part-Time,Content Writer,Copywriter,"Copywriters create compelling written content for various mediums, such as advertising, websites, and marketing materials. They craft persuasive and engaging messages that resonate with target audiences.",Copywriting Content creation SEO Marketing strategies Creativity,"Create engaging and persuasive content for marketing materials, websites, blog posts, and social media. Conduct keyword research and SEO optimization. Proofread and edit content for accuracy and clarity.",Sage Group,171860
1 to 13 Years,MBA,$59K-$84K,"Oujda, Morocco",Contract,Content Writer,Copywriter,"Copywriters create compelling written content for various mediums, such as advertising, websites, and marketing materials. They craft persuasive and engaging messages that resonate with target audiences.",Copywriting Content creation SEO Marketing strategies Creativity,"Create engaging and persuasive content for marketing materials, websites, blog posts, and social media. Conduct keyword research and SEO optimization. Proofread and edit content for accuracy and clarity.",Avenue Supermarts (DMart),83963
5 to 13 Years,B.Com,$57K-$121K,"Fes, Morocco",Full-Time,Legal Advisor,Corporate Counsel,"As a Corporate Counsel, you will focus on legal matters related to corporate governance, mergers and acquisitions, and corporate compliance. You will draft and review corporate documents, oversee compliance programs, and handle complex legal negotiations. Your role includes managing legal relationships with external partners and providing strategic legal guidance to the company.",Corporate law Compliance Mergers and acquisitions Corporate governance Contract drafting Risk management Legal strategy Due diligence,"Specialize in corporate law, advising companies on legal compliance, mergers and acquisitions, and corporate governance. Ensure legal risk mitigation and compliance with corporate regulations. Handle corporate transactions and contracts.",Aviva,97408
5 to 13 Years,B.Com,$57K-$102K,"Casablanca, Morocco",Part-Time,Event Coordinator,Corporate Event Coordinator,"Coordinate corporate events, conferences, and meetings, handle logistics, and ensure a seamless experience for attendees.",Corporate event planning Corporate branding and messaging Speaker and entertainment booking Audiovisual production Team coordination Crisis management Budgeting and financial management Client communication Creativity Problem-solving Attention to detail,"Specialize in planning and managing corporate events, including meetings, seminars, and trade shows. Handle event marketing and branding. Oversee event registration and attendee experience.",Bank of New York Mellon,176649
4 to 10 Years,BBA,$58K-$112K,"Tangier, Morocco",Intern,Event Coordinator,Corporate Event Coordinator,"Coordinate corporate events, conferences, and meetings, handle logistics, and ensure a seamless experience for attendees.",Corporate event planning Corporate branding and messaging Speaker and entertainment booking Audiovisual production Team coordination Crisis management Budgeting and financial management Client communication Creativity Problem-solving Attention to detail,"Specialize in planning and managing corporate events, including meetings, seminars, and trade shows. Handle event marketing and branding. Oversee event registration and attendee experience.",Continental AG,82479
3 to 10 Years,B.Tech,$64K-$120K,"Rabat, Morocco",Part-Time,Event Coordinator,Corporate Event Coordinator,"Coordinate corporate events, conferences, and meetings, handle logistics, and ensure a seamless experience for attendees.",Corporate event planning Corporate branding and messaging Speaker and entertainment booking Audiovisual production Team coordination Crisis management Budgeting and financial management Client communication Creativity Problem-solving Attention to detail,"Specialize in planning and managing corporate events, including meetings, seminars, and trade shows. Handle event marketing and branding. Oversee event registration and attendee experience.",Fortune Brands Innovations,123978
3 to 12 Years,B.Com,$57K-$112K,"Casablanca, Morocco",Intern,Event Planner,Corporate Event Planner,"Corporate Event Planners organize business-related events such as seminars, conferences, and product launches, ensuring they meet corporate goals and standards.",Corporate event planning Corporate branding Corporate communication Audiovisual equipment Crisis management,"Organize corporate events, conferences, and seminars. Develop event marketing strategies and manage event budgets. Coordinate speakers, sponsors, and attendee registration.",NRG Energy,138673
1 to 13 Years,B.Tech,$64K-$105K,"Kenitra, Morocco",Temporary,Litigation Attorney,Corporate Litigator,"Corporate Litigators specialize in corporate law. They handle legal matters related to businesses, such as mergers, acquisitions, contracts, and disputes, to protect corporate interests.",Corporate law Commercial litigation Dispute resolution Contract law Legal strategy Negotiation,"Focus on corporate legal matters, including contracts, disputes, and compliance. Provide legal counsel to businesses and organizations. Handle litigation involving corporate interests.",CHS,99333
4 to 13 Years,BA,$63K-$85K,"Casablanca, Morocco",Intern,Paralegal,Corporate Paralegal,"Provide legal support to corporate legal teams, assist with mergers and acquisitions, and manage corporate records.",Corporate legal tasks Document drafting Compliance Corporate governance Contract management Due diligence Entity formation Communication with stakeholders Attention to detail Technology proficiency Legal software proficiency Legal research skills,"Support corporate legal matters, including mergers and acquisitions, contract drafting, and compliance. Maintain corporate records and filings. Assist in due diligence processes.",Cadila Healthcare,165700
1 to 14 Years,BA,$56K-$125K,"Rabat, Morocco",Part-Time,Paralegal,Corporate Paralegal,"Provide legal support to corporate legal teams, assist with mergers and acquisitions, and manage corporate records.",Corporate legal tasks Document drafting Compliance Corporate governance Contract management Due diligence Entity formation Communication with stakeholders Attention to detail Technology proficiency Legal software proficiency Legal research skills,"Support corporate legal matters, including mergers and acquisitions, contract drafting, and compliance. Maintain corporate records and filings. Assist in due diligence processes.",Dollar General,109793
5 to 9 Years,PhD,$62K-$99K,"Tangier, Morocco",Temporary,Copywriter,Creative Copywriter,"Creative Copywriters craft engaging and persuasive copy for marketing materials, advertisements, and content marketing campaigns. They use their writing skills to captivate audiences and convey brand messages effectively.",Creative writing Copywriting Advertising copy Content creation Brand storytelling Marketing campaigns Proofreading and editing,"Write creative and persuasive copy for advertising campaigns, marketing materials, and brand storytelling. Develop unique and engaging brand voices and messages. Collaborate with art directors and designers.",Iluka Resources,126714
4 to 14 Years,B.Tech,$57K-$93K,"Casablanca, Morocco",Intern,Copywriter,Creative Copywriter,"Creative Copywriters craft engaging and persuasive copy for marketing materials, advertisements, and content marketing campaigns. They use their writing skills to captivate audiences and convey brand messages effectively.",Creative writing Copywriting Advertising copy Content creation Brand storytelling Marketing campaigns Proofreading and editing,"Write creative and persuasive copy for advertising campaigns, marketing materials, and brand storytelling. Develop unique and engaging brand voices and messages. Collaborate with art directors and designers.",Petronet LNG,162297
1 to 9 Years,M.Com,$64K-$101K,"Fes, Morocco",Full-Time,Art Director,Creative Director,"Creative Directors lead creative teams in developing visual and conceptual designs for various media, ensuring brand consistency and artistic quality.",Creative leadership Art direction Concept development Visual design Advertising and marketing expertise,"Lead and oversee creative teams, including graphic designers and copywriters. Develop and maintain the artistic and creative direction of projects. Ensure brand consistency and visual identity in all creative materials.",Magellan Financial Group,132826
3 to 9 Years,M.Com,$55K-$118K,"Casablanca, Morocco",Part-Time,Customer Service Manager,Customer Experience Strategist,"Customer Experience Strategists develop and execute strategies to enhance the overall customer experience. They analyze customer feedback, identify pain points, and work across departments to improve products, services, and customer interactions.",Customer experience strategy Customer journey mapping Feedback analysis User research Metrics and KPIs Communication skills,Develop and execute customer experience strategies to improve satisfaction and loyalty. Gather and analyze customer feedback. Collaborate with cross-functional teams to enhance the customer journey.,Alibaba Health Information Technology,256300
5 to 15 Years,B.Tech,$55K-$123K,"Nador, Morocco",Contract,Customer Service Manager,Customer Experience Strategist,"Customer Experience Strategists develop and execute strategies to enhance the overall customer experience. They analyze customer feedback, identify pain points, and work across departments to improve products, services, and customer interactions.",Customer experience strategy Customer journey mapping Feedback analysis User research Metrics and KPIs Communication skills,Develop and execute customer experience strategies to improve satisfaction and loyalty. Gather and analyze customer feedback. Collaborate with cross-functional teams to enhance the customer journey.,Adobe,144442
3 to 10 Years,BA,$64K-$100K,"Casablanca, Morocco",Intern,Customer Support Specialist,Customer Success Manager,"Customer Success Managers focus on ensuring customer satisfaction and retention. They build relationships with clients, understand their needs, and work to maximize the value customers receive from products or services, ultimately driving customer success and loyalty.",Customer relationship management Onboarding and training Customer feedback analysis Retention strategies Cross-selling and upselling Strong communication and empathy Customer advocacy,"Build and maintain strong customer relationships, ensuring customer satisfaction and retention. Identify opportunities to upsell or cross-sell products or services. Gather and relay customer feedback to improve products.",Mohawk Industries,181869
3 to 12 Years,B.Com,$59K-$85K,"Oujda, Morocco",Part-Time,Customer Support Specialist,Customer Success Manager,"Customer Success Managers focus on ensuring customer satisfaction and retention. They build relationships with clients, understand their needs, and work to maximize the value customers receive from products or services, ultimately driving customer success and loyalty.",Customer relationship management Onboarding and training Customer feedback analysis Retention strategies Cross-selling and upselling Strong communication and empathy Customer advocacy,"Build and maintain strong customer relationships, ensuring customer satisfaction and retention. Identify opportunities to upsell or cross-sell products or services. Gather and relay customer feedback to improve products.",Steel Dynamics,77097
4 to 9 Years,B.Tech,$61K-$111K,"Marrakech, Morocco",Intern,Customer Support Specialist,Customer Success Manager,"Customer Success Managers focus on ensuring customer satisfaction and retention. They build relationships with clients, understand their needs, and work to maximize the value customers receive from products or services, ultimately driving customer success and loyalty.",Customer relationship management Onboarding and training Customer feedback analysis Retention strategies Cross-selling and upselling Strong communication and empathy Customer advocacy,"Build and maintain strong customer relationships, ensuring customer satisfaction and retention. Identify opportunities to upsell or cross-sell products or services. Gather and relay customer feedback to improve products.",Oil and Natural Gas Corporation (ONGC),104672
3 to 14 Years,M.Com,$64K-$118K,"Agadir, Morocco",Full-Time,Customer Service Manager,Customer Support Manager,"Customer Support Managers oversee a team of customer support representatives. They set performance goals, resolve complex customer issues, and develop strategies to improve customer satisfaction and the efficiency of support operations.",Customer support Team leadership Customer satisfaction Issue resolution Performance metrics Training and development,"Oversee the customer support team, including hiring, training, and performance management. Set and monitor customer service KPIs and targets. Handle escalated customer issues and resolutions.",Omnicom Group,111045
1 to 15 Years,MBA,$56K-$127K,"Casablanca, Morocco",Temporary,Customer Success Manager,Customer Support Specialist,A Customer Support Specialist assists customers with inquiries or issues related to a companys products or services. They provide solutions and maintain customer satisfaction.,Customer service Problem-solving Communication skills Ticketing system usage Product knowledge,"Provide responsive and effective customer support, addressing inquiries and resolving issues. Escalate and track customer cases as needed. Document customer interactions and feedback.",Anheuser-Busch InBev SA/NV,186356
0 to 14 Years,BBA,$55K-$94K,"Fes, Morocco",Full-Time,Customer Success Manager,Customer Support Specialist,A Customer Support Specialist assists customers with inquiries or issues related to a companys products or services. They provide solutions and maintain customer satisfaction.,Customer service Problem-solving Communication skills Ticketing system usage Product knowledge,"Provide responsive and effective customer support, addressing inquiries and resolving issues. Escalate and track customer cases as needed. Document customer interactions and feedback.",HP,96117
5 to 10 Years,MCA,$57K-$82K,"Marrakech, Morocco",Full-Time,Customer Success Manager,Customer Support Specialist,A Customer Support Specialist assists customers with inquiries or issues related to a companys products or services. They provide solutions and maintain customer satisfaction.,Customer service Problem-solving Communication skills Ticketing system usage Product knowledge,"Provide responsive and effective customer support, addressing inquiries and resolving issues. Escalate and track customer cases as needed. Document customer interactions and feedback.",Hargreaves Lansdown,112601
0 to 13 Years,MCA,$63K-$126K,"Tangier, Morocco",Temporary,Customer Success Manager,Customer Support Specialist,A Customer Support Specialist assists customers with inquiries or issues related to a companys products or services. They provide solutions and maintain customer satisfaction.,Customer service Problem-solving Communication skills Ticketing system usage Product knowledge,"Provide responsive and effective customer support, addressing inquiries and resolving issues. Escalate and track customer cases as needed. Document customer interactions and feedback.",Mosaic,220709
2 to 10 Years,PhD,$58K-$109K,"Casablanca, Morocco",Contract,Customer Success Manager,Customer Support Specialist,A Customer Support Specialist assists customers with inquiries or issues related to a companys products or services. They provide solutions and maintain customer satisfaction.,Customer service Problem-solving Communication skills Ticketing system usage Product knowledge,"Provide responsive and effective customer support, addressing inquiries and resolving issues. Escalate and track customer cases as needed. Document customer interactions and feedback.",Sartorius AG,184396
1 to 11 Years,BBA,$60K-$107K,"Casablanca, Morocco",Full-Time,Network Security Specialist,Cybersecurity Analyst,"Cybersecurity Analysts protect computer systems and networks from cyber threats. They monitor security systems, investigate breaches, and implement security measures to safeguard data.","Cybersecurity Security assessments Intrusion detection Security tools (e.g., SIEM) Incident response Vulnerability scanning","Focus on cybersecurity, implementing measures to protect against cyber threats. Monitor network traffic for anomalies and security breaches. Conduct security audits and recommend improvements.",Emerson Electric,168719
5 to 13 Years,MBA,$62K-$89K,"Rabat, Morocco",Temporary,Network Security Specialist,Cybersecurity Analyst,"Cybersecurity Analysts protect computer systems and networks from cyber threats. They monitor security systems, investigate breaches, and implement security measures to safeguard data.","Cybersecurity Security assessments Intrusion detection Security tools (e.g., SIEM) Incident response Vulnerability scanning","Focus on cybersecurity, implementing measures to protect against cyber threats. Monitor network traffic for anomalies and security breaches. Conduct security audits and recommend improvements.",Merck,106903
0 to 10 Years,B.Com,$58K-$90K,"Rabat, Morocco",Intern,Marketing Analyst,Data Analyst,"Analyze data sets, generate insights, and provide data-driven recommendations to inform business decisions.","Data analysis tools (e.g., SQL, Python) Data visualization tools (e.g., Tableau, Power BI) Statistical analysis Data cleansing and transformation Data modeling Communication of data insights Problem-solving Attention to detail Business acumen",Analyze marketing data to measure campaign performance and ROI. Provide insights for marketing strategy adjustments. Create data visualizations and dashboards.,Polaris,126127
3 to 10 Years,M.Tech,$65K-$109K,"Tetouan, Morocco",Intern,Marketing Analyst,Data Analyst,"Analyze data sets, generate insights, and provide data-driven recommendations to inform business decisions.","Data analysis tools (e.g., SQL, Python) Data visualization tools (e.g., Tableau, Power BI) Statistical analysis Data cleansing and transformation Data modeling Communication of data insights Problem-solving Attention to detail Business acumen",Analyze marketing data to measure campaign performance and ROI. Provide insights for marketing strategy adjustments. Create data visualizations and dashboards.,Adidas AG,130688
2 to 8 Years,BCA,$63K-$122K,"Rabat, Morocco",Temporary,Marketing Analyst,Data Analyst,"Analyze data sets, generate insights, and provide data-driven recommendations to inform business decisions.","Data analysis tools (e.g., SQL, Python) Data visualization tools (e.g., Tableau, Power BI) Statistical analysis Data cleansing and transformation Data modeling Communication of data insights Problem-solving Attention to detail Business acumen",Analyze marketing data to measure campaign performance and ROI. Provide insights for marketing strategy adjustments. Create data visualizations and dashboards.,EMCOR Group,144136
1 to 11 Years,BBA,$62K-$95K,"Tetouan, Morocco",Intern,Marketing Analyst,Data Analyst,"Analyze data sets, generate insights, and provide data-driven recommendations to inform business decisions.","Data analysis tools (e.g., SQL, Python) Data visualization tools (e.g., Tableau, Power BI) Statistical analysis Data cleansing and transformation Data modeling Communication of data insights Problem-solving Attention to detail Business acumen",Analyze marketing data to measure campaign performance and ROI. Provide insights for marketing strategy adjustments. Create data visualizations and dashboards.,Indian Oil Corporation,105148
4 to 13 Years,BCA,$62K-$118K,"Oujda, Morocco",Part-Time,Marketing Analyst,Data Analyst,"Analyze data sets, generate insights, and provide data-driven recommendations to inform business decisions.","Data analysis tools (e.g., SQL, Python) Data visualization tools (e.g., Tableau, Power BI) Statistical analysis Data cleansing and transformation Data modeling Communication of data insights Problem-solving Attention to detail Business acumen",Analyze marketing data to measure campaign performance and ROI. Provide insights for marketing strategy adjustments. Create data visualizations and dashboards.,Newcrest Mining,92152
1 to 11 Years,PhD,$60K-$97K,"Nador, Morocco",Contract,Marketing Analyst,Data Analyst,"Analyze data sets, generate insights, and provide data-driven recommendations to inform business decisions.","Data analysis tools (e.g., SQL, Python) Data visualization tools (e.g., Tableau, Power BI) Statistical analysis Data cleansing and transformation Data modeling Communication of data insights Problem-solving Attention to detail Business acumen",Analyze marketing data to measure campaign performance and ROI. Provide insights for marketing strategy adjustments. Create data visualizations and dashboards.,United Natural Foods,77753
0 to 15 Years,BBA,$59K-$121K,"Rabat, Morocco",Contract,Marketing Analyst,Data Analyst,"Analyze data sets, generate insights, and provide data-driven recommendations to inform business decisions.","Data analysis tools (e.g., SQL, Python) Data visualization tools (e.g., Tableau, Power BI) Statistical analysis Data cleansing and transformation Data modeling Communication of data insights Problem-solving Attention to detail Business acumen",Analyze marketing data to measure campaign performance and ROI. Provide insights for marketing strategy adjustments. Create data visualizations and dashboards.,TPG Telecom,133406
1 to 15 Years,BBA,$57K-$92K,"Rabat, Morocco",Part-Time,Marketing Analyst,Data Analyst,"Analyze data sets, generate insights, and provide data-driven recommendations to inform business decisions.","Data analysis tools (e.g., SQL, Python) Data visualization tools (e.g., Tableau, Power BI) Statistical analysis Data cleansing and transformation Data modeling Communication of data insights Problem-solving Attention to detail Business acumen",Analyze marketing data to measure campaign performance and ROI. Provide insights for marketing strategy adjustments. Create data visualizations and dashboards.,Midea Group,165293
5 to 13 Years,B.Tech,$61K-$113K,"Tangier, Morocco",Intern,Data Engineer,Data Architect,"A Data Architect designs and manages data infrastructure, ensuring data availability, security, and integrity while aligning data systems with business goals and requirements.",Data architecture design Database management systems Data modeling,Design data architecture and systems to meet business needs. Develop data models and database schemas. Ensure data security and compliance.,Burberry Group,155547
2 to 13 Years,M.Tech,$65K-$81K,"Casablanca, Morocco",Intern,Data Engineer,Data Architect,"A Data Architect designs and manages data infrastructure, ensuring data availability, security, and integrity while aligning data systems with business goals and requirements.",Data architecture design Database management systems Data modeling,Design data architecture and systems to meet business needs. Develop data models and database schemas. Ensure data security and compliance.,Blackstone,173499
3 to 8 Years,PhD,$57K-$108K,"Kenitra, Morocco",Temporary,Data Engineer,Data Architect,"A Data Architect designs and manages data infrastructure, ensuring data availability, security, and integrity while aligning data systems with business goals and requirements.",Data architecture design Database management systems Data modeling,Design data architecture and systems to meet business needs. Develop data models and database schemas. Ensure data security and compliance.,Reliance Industries Limited,142600
5 to 9 Years,MBA,$56K-$83K,"Rabat, Morocco",Full-Time,Business Analyst,Data Business Analyst,"Data Business Analysts focus on data-related projects. They collect and analyze data, identify trends, and provide insights to support data-driven decision-making within the organization.","Data analysis Data modeling Data visualization SQL Data tools (e.g., Tableau)","Focus on data analysis, data modeling, and data visualization to support business decision-making. Develop and maintain data dictionaries and metadata. Collaborate with data engineers and analysts.",Fresenius SE & Co. KGaA,214203
1 to 9 Years,M.Com,$59K-$124K,"Casablanca, Morocco",Part-Time,Business Analyst,Data Business Analyst,"Data Business Analysts focus on data-related projects. They collect and analyze data, identify trends, and provide insights to support data-driven decision-making within the organization.","Data analysis Data modeling Data visualization SQL Data tools (e.g., Tableau)","Focus on data analysis, data modeling, and data visualization to support business decision-making. Develop and maintain data dictionaries and metadata. Collaborate with data engineers and analysts.","McCormick & Company, Incorporated",182578
2 to 9 Years,M.Tech,$58K-$84K,"Marrakech, Morocco",Full-Time,Business Analyst,Data Business Analyst,"Data Business Analysts focus on data-related projects. They collect and analyze data, identify trends, and provide insights to support data-driven decision-making within the organization.","Data analysis Data modeling Data visualization SQL Data tools (e.g., Tableau)","Focus on data analysis, data modeling, and data visualization to support business decision-making. Develop and maintain data dictionaries and metadata. Collaborate with data engineers and analysts.",Merck,129511
4 to 10 Years,MBA,$62K-$113K,"Rabat, Morocco",Full-Time,Data Scientist,Data Engineer,"Data Engineers design and maintain data pipelines, ensuring data availability and quality for analysis and reporting purposes.","Data integration ETL (Extract, Transform, Load) Big data technologies (e.g., Hadoop, Spark) Database management Data warehousing","Design, build, and maintain data pipelines and ETL (Extract, Transform, Load) processes. Ensure data accessibility and availability for analytics and reporting. Collaborate with data scientists and analysts.",Knight-Swift Transportation Holdings,138067
5 to 10 Years,BA,$57K-$96K,"Tangier, Morocco",Intern,Data Scientist,Data Engineer,"Data Engineers design and maintain data pipelines, ensuring data availability and quality for analysis and reporting purposes.","Data integration ETL (Extract, Transform, Load) Big data technologies (e.g., Hadoop, Spark) Database management Data warehousing","Design, build, and maintain data pipelines and ETL (Extract, Transform, Load) processes. Ensure data accessibility and availability for analytics and reporting. Collaborate with data scientists and analysts.",Titan Company,151199
4 to 13 Years,MCA,$57K-$122K,"Marrakech, Morocco",Contract,Administrative Assistant,Data Entry Specialist,"Accurately input and maintain data in databases or spreadsheets, ensuring data integrity and organization.","Data entry accuracy and speed Database software (e.g., Microsoft Access, Excel) Attention to detail Time management Organization Multitasking Keyboarding skills Data verification Problem-solving Communication skills Computer proficiency",Accurately enter and maintain data in databases or spreadsheets. Perform data verification and quality checks. Assist with data analysis and reporting.,Texas Instruments,116359
0 to 12 Years,B.Tech,$64K-$120K,"Tangier, Morocco",Part-Time,Administrative Assistant,Data Entry Specialist,"Accurately input and maintain data in databases or spreadsheets, ensuring data integrity and organization.","Data entry accuracy and speed Database software (e.g., Microsoft Access, Excel) Attention to detail Time management Organization Multitasking Keyboarding skills Data verification Problem-solving Communication skills Computer proficiency",Accurately enter and maintain data in databases or spreadsheets. Perform data verification and quality checks. Assist with data analysis and reporting.,Nike,85185
3 to 15 Years,M.Tech,$58K-$117K,"Oujda, Morocco",Temporary,Administrative Assistant,Data Entry Specialist,"Accurately input and maintain data in databases or spreadsheets, ensuring data integrity and organization.","Data entry accuracy and speed Database software (e.g., Microsoft Access, Excel) Attention to detail Time management Organization Multitasking Keyboarding skills Data verification Problem-solving Communication skills Computer proficiency",Accurately enter and maintain data in databases or spreadsheets. Perform data verification and quality checks. Assist with data analysis and reporting.,Bath & Body Works,57498
2 to 11 Years,BBA,$61K-$88K,"Marrakech, Morocco",Contract,Data Analyst,Data Scientist,"Data Scientists use their expertise in data analysis and machine learning to extract valuable insights and predictions from data. They build and train models, conduct statistical analysis, and communicate findings to drive data-driven decision-making in the organization.","Machine learning algorithms and libraries (e.g., scikit-learn, TensorFlow, PyTorch) Statistical analysis and modeling Data preprocessing and cleaning Big data technologies (e.g., Hadoop, Spark) Data visualization Strong programming skills (Python, R)",Apply machine learning algorithms and statistical techniques to extract insights from large datasets. Develop predictive models. Conduct data experiments and A/B testing.,Geely Automobile Holdings,101944
4 to 15 Years,BA,$61K-$83K,"Casablanca, Morocco",Part-Time,Data Analyst,Data Scientist,"Data Scientists use their expertise in data analysis and machine learning to extract valuable insights and predictions from data. They build and train models, conduct statistical analysis, and communicate findings to drive data-driven decision-making in the organization.","Machine learning algorithms and libraries (e.g., scikit-learn, TensorFlow, PyTorch) Statistical analysis and modeling Data preprocessing and cleaning Big data technologies (e.g., Hadoop, Spark) Data visualization Strong programming skills (Python, R)",Apply machine learning algorithms and statistical techniques to extract insights from large datasets. Develop predictive models. Conduct data experiments and A/B testing.,Procter & Gamble,194174
2 to 15 Years,B.Tech,$62K-$90K,"Tetouan, Morocco",Full-Time,Data Analyst,Data Scientist,"Data Scientists use their expertise in data analysis and machine learning to extract valuable insights and predictions from data. They build and train models, conduct statistical analysis, and communicate findings to drive data-driven decision-making in the organization.","Machine learning algorithms and libraries (e.g., scikit-learn, TensorFlow, PyTorch) Statistical analysis and modeling Data preprocessing and cleaning Big data technologies (e.g., Hadoop, Spark) Data visualization Strong programming skills (Python, R)",Apply machine learning algorithms and statistical techniques to extract insights from large datasets. Develop predictive models. Conduct data experiments and A/B testing.,Norfolk Southern,137605
4 to 14 Years,MBA,$56K-$124K,"Marrakech, Morocco",Temporary,Data Analyst,Data Scientist,"Data Scientists use their expertise in data analysis and machine learning to extract valuable insights and predictions from data. They build and train models, conduct statistical analysis, and communicate findings to drive data-driven decision-making in the organization.","Machine learning algorithms and libraries (e.g., scikit-learn, TensorFlow, PyTorch) Statistical analysis and modeling Data preprocessing and cleaning Big data technologies (e.g., Hadoop, Spark) Data visualization Strong programming skills (Python, R)",Apply machine learning algorithms and statistical techniques to extract insights from large datasets. Develop predictive models. Conduct data experiments and A/B testing.,Alaska Air Group,167418
4 to 12 Years,MCA,$65K-$113K,"Marrakech, Morocco",Part-Time,Data Analyst,Data Scientist,"Data Scientists use their expertise in data analysis and machine learning to extract valuable insights and predictions from data. They build and train models, conduct statistical analysis, and communicate findings to drive data-driven decision-making in the organization.","Machine learning algorithms and libraries (e.g., scikit-learn, TensorFlow, PyTorch) Statistical analysis and modeling Data preprocessing and cleaning Big data technologies (e.g., Hadoop, Spark) Data visualization Strong programming skills (Python, R)",Apply machine learning algorithms and statistical techniques to extract insights from large datasets. Develop predictive models. Conduct data experiments and A/B testing.,MasTec,183554
4 to 12 Years,BBA,$59K-$88K,"Tangier, Morocco",Intern,Systems Administrator,Database Administrator,"Database Administrators manage databases, ensuring data integrity, security, and efficient performance. They design, implement, and maintain databases while troubleshooting issues.","Database management systems (e.g., MySQL, Oracle, SQL Server) Data security Database tuning and optimization Backup and recovery","Administer and optimize databases, ensuring data availability and performance. Backup and restore databases. Implement database security and access controls.",Bandhan Bank,165738
4 to 12 Years,MCA,$56K-$118K,"Marrakech, Morocco",Full-Time,Systems Administrator,Database Administrator,"Database Administrators manage databases, ensuring data integrity, security, and efficient performance. They design, implement, and maintain databases while troubleshooting issues.","Database management systems (e.g., MySQL, Oracle, SQL Server) Data security Database tuning and optimization Backup and recovery","Administer and optimize databases, ensuring data availability and performance. Backup and restore databases. Implement database security and access controls.",The Hershey Company,159779
1 to 14 Years,MCA,$59K-$116K,"Casablanca, Morocco",Temporary,Systems Administrator,Database Administrator,"Database Administrators manage databases, ensuring data integrity, security, and efficient performance. They design, implement, and maintain databases while troubleshooting issues.","Database management systems (e.g., MySQL, Oracle, SQL Server) Data security Database tuning and optimization Backup and recovery","Administer and optimize databases, ensuring data availability and performance. Backup and restore databases. Implement database security and access controls.",Berkeley Group Holdings,148096
2 to 14 Years,B.Tech,$59K-$130K,"Casablanca, Morocco",Full-Time,Systems Administrator,Database Administrator,"Database Administrators manage databases, ensuring data integrity, security, and efficient performance. They design, implement, and maintain databases while troubleshooting issues.","Database management systems (e.g., MySQL, Oracle, SQL Server) Data security Database tuning and optimization Backup and recovery","Administer and optimize databases, ensuring data availability and performance. Backup and restore databases. Implement database security and access controls.",News Corp.,169711
2 to 11 Years,B.Tech,$58K-$90K,"Marrakech, Morocco",Contract,Systems Administrator,Database Administrator,"Database Administrators manage databases, ensuring data integrity, security, and efficient performance. They design, implement, and maintain databases while troubleshooting issues.","Database management systems (e.g., MySQL, Oracle, SQL Server) Data security Database tuning and optimization Backup and recovery","Administer and optimize databases, ensuring data availability and performance. Backup and restore databases. Implement database security and access controls.",Barclays,145220
1 to 9 Years,BCA,$60K-$127K,"Casablanca, Morocco",Full-Time,Systems Administrator,Database Administrator,"Database Administrators manage databases, ensuring data integrity, security, and efficient performance. They design, implement, and maintain databases while troubleshooting issues.","Database management systems (e.g., MySQL, Oracle, SQL Server) Data security Database tuning and optimization Backup and recovery","Administer and optimize databases, ensuring data availability and performance. Backup and restore databases. Implement database security and access controls.",Petronet LNG,135821
0 to 9 Years,BA,$57K-$117K,"Casablanca, Morocco",Intern,Database Administrator,Database Analyst,"A Database Analyst examines and interprets data stored in databases. They generate reports, identify trends, and provide insights to support business decision-making.",Data analysis Database querying and reporting Data visualization SQL proficiency Data quality assurance,"Analyze and interpret database performance data, identifying areas for improvement. Troubleshoot database issues and optimize query performance. Generate reports and insights from database data.",Sanmina,133067
4 to 14 Years,MBA,$58K-$91K,"Rabat, Morocco",Intern,Database Administrator,Database Developer,"A Database Developer designs, develops, and maintains databases. They create efficient data structures, write queries, and ensure data security and integrity.","Database design and development SQL and database querying Data modeling Programming languages (e.g., Java, Python) Data security and privacy regulations knowledge","Design and implement database systems, tables, and structures. Develop and optimize SQL queries and scripts. Ensure data security, integrity, and backup procedures.",The Coca-Cola Company,117174
3 to 15 Years,M.Com,$57K-$88K,"Tangier, Morocco",Contract,Database Administrator,Database Security Specialist,A Database Security Specialist focuses on protecting databases from unauthorized access and data breaches. They implement security measures and ensure compliance with regulations.,Database security measures Data encryption and access control Security compliance Vulnerability assessment Database auditing and monitoring,Implement and maintain security measures to protect databases from unauthorized access and cyber threats. Monitor and audit database activity. Ensure compliance with data protection regulations.,Johnson Controls International plc,106555
0 to 9 Years,M.Tech,$65K-$97K,"Marrakech, Morocco",Full-Time,Database Administrator,Database Security Specialist,A Database Security Specialist focuses on protecting databases from unauthorized access and data breaches. They implement security measures and ensure compliance with regulations.,Database security measures Data encryption and access control Security compliance Vulnerability assessment Database auditing and monitoring,Implement and maintain security measures to protect databases from unauthorized access and cyber threats. Monitor and audit database activity. Ensure compliance with data protection regulations.,"Dunkin'Brands Group, Inc.",149180
5 to 8 Years,BCA,$61K-$83K,"Rabat, Morocco",Full-Time,Email Marketing Specialist,Deliverability Analyst,"Monitor and improve email deliverability rates, troubleshoot delivery issues, and maintain a clean email list.","Email deliverability best practices Spam filter testing List hygiene Blacklist monitoring Email authentication (e.g., SPF, DKIM) Deliverability metrics analysis Troubleshooting deliverability issues Communication skills Data analysis Attention to detail","Focus on email deliverability, monitoring email sender reputation and list quality. Troubleshoot email delivery issues and maintain sender compliance. Implement best practices for inbox placement.",CNOOC (China National Offshore Oil Corporation),161286
2 to 11 Years,MCA,$64K-$86K,"Casablanca, Morocco",Contract,Supply Chain Manager,Demand Planner,A Demand Planner analyzes historical sales data to forecast future demand for products. They work to optimize inventory levels and ensure product availability while minimizing costs.,Demand forecasting Inventory management Data analysis Sales and operations planning (S&OP) ERP software proficiency,Analyze demand patterns and market trends to forecast product demand. Collaborate with production and sales teams to optimize inventory levels. Implement demand planning and forecasting tools.,L3Harris Technologies,245866
3 to 13 Years,MBA,$61K-$130K,"Rabat, Morocco",Intern,Supply Chain Manager,Demand Planner,A Demand Planner analyzes historical sales data to forecast future demand for products. They work to optimize inventory levels and ensure product availability while minimizing costs.,Demand forecasting Inventory management Data analysis Sales and operations planning (S&OP) ERP software proficiency,Analyze demand patterns and market trends to forecast product demand. Collaborate with production and sales teams to optimize inventory levels. Implement demand planning and forecasting tools.,Hindustan Zinc,162148
4 to 9 Years,M.Tech,$56K-$102K,"Casablanca, Morocco",Temporary,Supply Chain Manager,Demand Planner,A Demand Planner analyzes historical sales data to forecast future demand for products. They work to optimize inventory levels and ensure product availability while minimizing costs.,Demand forecasting Inventory management Data analysis Sales and operations planning (S&OP) ERP software proficiency,Analyze demand patterns and market trends to forecast product demand. Collaborate with production and sales teams to optimize inventory levels. Implement demand planning and forecasting tools.,Progressive,250499
5 to 11 Years,M.Tech,$55K-$100K,"Tangier, Morocco",Temporary,Supply Chain Manager,Demand Planner,A Demand Planner analyzes historical sales data to forecast future demand for products. They work to optimize inventory levels and ensure product availability while minimizing costs.,Demand forecasting Inventory management Data analysis Sales and operations planning (S&OP) ERP software proficiency,Analyze demand patterns and market trends to forecast product demand. Collaborate with production and sales teams to optimize inventory levels. Implement demand planning and forecasting tools.,Everbright Securities,122700
1 to 10 Years,BBA,$65K-$109K,"Rabat, Morocco",Intern,Supply Chain Manager,Demand Planner,A Demand Planner analyzes historical sales data to forecast future demand for products. They work to optimize inventory levels and ensure product availability while minimizing costs.,Demand forecasting Inventory management Data analysis Sales and operations planning (S&OP) ERP software proficiency,Analyze demand patterns and market trends to forecast product demand. Collaborate with production and sales teams to optimize inventory levels. Implement demand planning and forecasting tools.,Univar Solutions,202663
5 to 12 Years,BBA,$60K-$105K,"Tangier, Morocco",Full-Time,Supply Chain Manager,Demand Planner,A Demand Planner analyzes historical sales data to forecast future demand for products. They work to optimize inventory levels and ensure product availability while minimizing costs.,Demand forecasting Inventory management Data analysis Sales and operations planning (S&OP) ERP software proficiency,Analyze demand patterns and market trends to forecast product demand. Collaborate with production and sales teams to optimize inventory levels. Implement demand planning and forecasting tools.,Voltas Limited,139121
1 to 13 Years,PhD,$61K-$90K,"Tetouan, Morocco",Contract,Dental Hygienist,Dental Public Health Hygienist,A Dental Public Health Hygienist works to improve oral health at the community level. They develop and implement public health programs and educate individuals on oral hygiene.,Dental public health principles Community outreach and education Dental health program planning Epidemiology knowledge Public health regulations knowledge,"Focus on community oral health, conducting screenings and preventive dental programs. Promote oral health initiatives and awareness. Collaborate with public health agencies.",Reynolds American Inc.,73590
0 to 12 Years,B.Com,$58K-$125K,"Kenitra, Morocco",Contract,Dental Hygienist,Dental Public Health Hygienist,A Dental Public Health Hygienist works to improve oral health at the community level. They develop and implement public health programs and educate individuals on oral hygiene.,Dental public health principles Community outreach and education Dental health program planning Epidemiology knowledge Public health regulations knowledge,"Focus on community oral health, conducting screenings and preventive dental programs. Promote oral health initiatives and awareness. Collaborate with public health agencies.",Hormel Foods,105624
0 to 12 Years,MBA,$61K-$122K,"Rabat, Morocco",Contract,Structural Engineer,Design Engineer,"A Design Engineer creates and develops product designs and specifications, using engineering principles and design software to bring innovative products to market.",Engineering design CAD software proficiency Problem-solving Technical knowledge Communication skills,Design structural systems and components for buildings and infrastructure projects. Perform structural analysis and calculations. Create detailed design plans and specifications.,UnitedHealth Group,200846
0 to 14 Years,PhD,$64K-$84K,"Casablanca, Morocco",Part-Time,IT Support Specialist,Desktop Support Technician,"Desktop Support Technicians troubleshoot and maintain desktop computer systems, resolving hardware and software problems for users.","Desktop hardware and software troubleshooting Operating system expertise (e.g., Windows, macOS) Remote desktop support Hardware and software upgrades Customer service skills","Install, configure, and maintain desktop computers and peripherals. Perform hardware and software upgrades and repairs. Manage IT inventory and asset tracking.","T-Mobile US, Inc.",149540
3 to 10 Years,B.Tech,$56K-$122K,"Rabat, Morocco",Full-Time,Software Engineer,DevOps Engineer,"DevOps Engineers focus on automating and streamlining the development and deployment processes. They work to improve collaboration between development and IT operations, implementing tools and practices for continuous integration and continuous delivery (CI/CD).","Automation and scripting (e.g., Python, Bash) Continuous Integration/Continuous Deployment (CI/CD) Containerization (e.g., Docker, Kubernetes) Infrastructure as Code (e.g., Terraform, Ansible) Cloud platforms (e.g., AWS, Azure, GCP) Monitoring and troubleshooting skills","Configure and maintain continuous integration and deployment (CI/CD) pipelines, ensuring efficient software delivery. Automate and streamline development and deployment processes. Monitor and troubleshoot system issues.",BP (British Petroleum),183181
2 to 12 Years,PhD,$63K-$107K,"Marrakech, Morocco",Contract,Software Engineer,DevOps Engineer,"DevOps Engineers focus on automating and streamlining the development and deployment processes. They work to improve collaboration between development and IT operations, implementing tools and practices for continuous integration and continuous delivery (CI/CD).","Automation and scripting (e.g., Python, Bash) Continuous Integration/Continuous Deployment (CI/CD) Containerization (e.g., Docker, Kubernetes) Infrastructure as Code (e.g., Terraform, Ansible) Cloud platforms (e.g., AWS, Azure, GCP) Monitoring and troubleshooting skills","Configure and maintain continuous integration and deployment (CI/CD) pipelines, ensuring efficient software delivery. Automate and streamline development and deployment processes. Monitor and troubleshoot system issues.",Telstra Corporation,106437
1 to 8 Years,M.Tech,$58K-$99K,"Oujda, Morocco",Intern,Marketing Analyst,Digital Marketing Analyst,"Analyze digital marketing campaigns, track performance metrics, and optimize online marketing strategies.",Digital marketing strategies Analytics and reporting SEO and SEM Social media marketing Email marketing Data interpretation Marketing automation tools A/B testing Communication skills Problem-solving Attention to detail Marketing knowledge,"Focus on digital marketing data analysis, including website traffic, SEO, and social media metrics. Optimize digital marketing campaigns based on data-driven insights. Report on digital marketing performance.",Albertsons,122586
5 to 11 Years,PhD,$60K-$86K,"Rabat, Morocco",Temporary,Marketing Analyst,Digital Marketing Analyst,"Analyze digital marketing campaigns, track performance metrics, and optimize online marketing strategies.",Digital marketing strategies Analytics and reporting SEO and SEM Social media marketing Email marketing Data interpretation Marketing automation tools A/B testing Communication skills Problem-solving Attention to detail Marketing knowledge,"Focus on digital marketing data analysis, including website traffic, SEO, and social media metrics. Optimize digital marketing campaigns based on data-driven insights. Report on digital marketing performance.",Power Grid Corporation of India,189167
3 to 8 Years,M.Com,$57K-$102K,"Casablanca, Morocco",Intern,Marketing Coordinator,Digital Marketing Coordinator,"Digital Marketing Coordinators manage online marketing efforts, including social media, email marketing, and SEO, to drive digital engagement and growth.",Digital marketing strategy development Social media advertising Email marketing Google Analytics and SEO Content management systems (CMS) proficiency,"Support digital marketing efforts, including social media management and email marketing. Create and schedule digital content. Analyze digital marketing analytics.",Indian Bank,175322
3 to 12 Years,B.Com,$65K-$113K,"Tangier, Morocco",Temporary,Marketing Coordinator,Digital Marketing Coordinator,"Digital Marketing Coordinators manage online marketing efforts, including social media, email marketing, and SEO, to drive digital engagement and growth.",Digital marketing strategy development Social media advertising Email marketing Google Analytics and SEO Content management systems (CMS) proficiency,"Support digital marketing efforts, including social media management and email marketing. Create and schedule digital content. Analyze digital marketing analytics.",Xcel Energy,81575
1 to 15 Years,PhD,$64K-$109K,"Casablanca, Morocco",Contract,Marketing Director,Digital Marketing Director,"Digital Marketing Directors lead digital marketing efforts. They develop and execute digital strategies, oversee campaigns, and measure performance to achieve marketing goals.",Digital marketing strategy Marketing analytics Team leadership Content marketing SEO and SEM proficiency,"Develop and oversee digital marketing strategies, including SEO, SEM, and social media campaigns. Analyze digital marketing performance metrics. Manage digital marketing budgets.",Iluka Resources,165434
5 to 12 Years,M.Com,$63K-$90K,"Nador, Morocco",Intern,Marketing Manager,Digital Marketing Manager,"Digital Marketing Managers lead digital marketing efforts, including SEO, SEM, social media, email marketing, and content strategy. They develop and execute digital marketing campaigns to increase brand awareness, drive traffic, and generate leads or sales.","Digital marketing strategies SEO and SEM Social media marketing Email marketing campaigns Content marketing Web analytics (e.g., Google Analytics) Marketing automation tools (e.g., HubSpot, Marketo)","Develop and execute digital marketing strategies, including SEO, email marketing, and social media campaigns. Analyze digital marketing metrics and adjust strategies as needed. Manage digital marketing budgets.",The Clorox Company,93496
5 to 12 Years,M.Tech,$63K-$85K,"Rabat, Morocco",Intern,Marketing Specialist,Digital Marketing Specialist,"Digital Marketing Specialists create and execute online marketing campaigns. They utilize digital channels like social media, email, and SEO to reach target audiences, generate leads, and improve brand visibility and engagement.",Digital marketing strategy Social media marketing Content creation SEO (Search Engine Optimization) PPC advertising Analytics and reporting,"Develop and implement digital marketing campaigns across various channels, including SEO, SEM, and social media. Analyze campaign performance and adjust strategies for optimization. Manage digital advertising budgets.",Berger Paints India Limited,111857
5 to 10 Years,MCA,$58K-$125K,"Rabat, Morocco",Full-Time,Technical Writer,Documentation Specialist,"Documentation Specialists create and manage documents, manuals, or technical materials. They ensure accuracy, consistency, and accessibility of documentation.",Document management Recordkeeping Attention to detail Data entry Organizational skills,"Create technical documentation, manuals, and user guides for software, hardware, or products. Collaborate with subject matter experts and engineers. Ensure documentation accuracy and clarity.",Royal Mail,103117
3 to 11 Years,B.Tech,$59K-$103K,"Rabat, Morocco",Full-Time,Technical Writer,Documentation Specialist,"Documentation Specialists create and manage documents, manuals, or technical materials. They ensure accuracy, consistency, and accessibility of documentation.",Document management Recordkeeping Attention to detail Data entry Organizational skills,"Create technical documentation, manuals, and user guides for software, hardware, or products. Collaborate with subject matter experts and engineers. Ensure documentation accuracy and clarity.",Alibaba Health Information Technology,157713
2 to 15 Years,BCA,$58K-$110K,"Tangier, Morocco",Part-Time,Web Designer,E-commerce Web Designer,"E-commerce Web Designers specialize in designing and optimizing online stores and shopping websites. They focus on user experience, product presentation, and conversion rate optimization to drive online sales and customer engagement.","E-commerce web design UX/UI design Shopping cart integration Payment gateway integration Mobile responsiveness E-commerce platforms (e.g., Shopify)","Focus on designing user interfaces for e-commerce websites, including product listings, shopping carts, and checkout processes. Enhance the online shopping experience and conversion rates.",DTE Energy,107196
0 to 12 Years,B.Com,$59K-$83K,"Marrakech, Morocco",Intern,Electrical Designer,Electrical Engineer,"Electrical Engineers design and develop electrical systems and devices. They work on projects such as power generation, electronics, and control systems for various industries.",Electrical engineering Circuit design Electronics AutoCAD proficiency Problem-solving,Design electrical systems and components for buildings and infrastructure projects. Ensure compliance with electrical codes and safety standards. Collaborate with architects and contractors.,HeidelbergCement AG,159163
3 to 11 Years,MCA,$59K-$119K,"Agadir, Morocco",Temporary,Electrical Engineer,Electronics Hardware Engineer,"Electronics Hardware Engineers develop and design electronic components and systems, from circuit boards to hardware prototypes, ensuring functionality and performance.",Electronics design PCB layout Embedded systems Circuit analysis Troubleshooting,Develop electronic hardware components and circuits for various applications. Conduct testing and validation of electronic systems. Collaborate with cross-functional teams on product development.,"Spirit Airlines, Inc.",103617
1 to 8 Years,B.Tech,$56K-$99K,"Rabat, Morocco",Contract,Email Marketing Specialist,Email Campaign Manager,"Plan, execute, and analyze email marketing campaigns to engage subscribers, increase conversions, and build brand awareness.","Email marketing strategies Email marketing platforms (e.g., MailChimp, HubSpot) Audience segmentation A/B testing Campaign analytics Copywriting HTML/CSS for email Marketing automation Communication skills Data analysis Attention to detail","Plan and execute email marketing campaigns, including segmenting lists and scheduling sends. Create compelling email content and visuals. Analyze email performance and optimize campaigns.",UFP Industries,152212
4 to 14 Years,BCA,$59K-$98K,"Tangier, Morocco",Full-Time,Physician Assistant,Emergency Medicine Physician Assistant,"Work in emergency departments, diagnose and treat acute medical conditions, and provide urgent care.",Emergency medical care Triage and assessment Trauma management,"Work in emergency departments, providing urgent medical care to patients. Triage patients, order tests, and stabilize critical conditions. Collaborate with emergency medical teams.",Ocado Group,140746
5 to 10 Years,PhD,$64K-$80K,"Rabat, Morocco",Intern,Physician Assistant,Emergency Medicine Physician Assistant,"Work in emergency departments, diagnose and treat acute medical conditions, and provide urgent care.",Emergency medical care Triage and assessment Trauma management,"Work in emergency departments, providing urgent medical care to patients. Triage patients, order tests, and stabilize critical conditions. Collaborate with emergency medical teams.",Arthur J. Gallagher,149430
1 to 14 Years,B.Tech,$56K-$91K,"Kenitra, Morocco",Intern,Physician Assistant,Emergency Medicine Physician Assistant,"Work in emergency departments, diagnose and treat acute medical conditions, and provide urgent care.",Emergency medical care Triage and assessment Trauma management,"Work in emergency departments, providing urgent medical care to patients. Triage patients, order tests, and stabilize critical conditions. Collaborate with emergency medical teams.",Morgan Stanley,120438
5 to 10 Years,BA,$57K-$120K,"Fes, Morocco",Contract,HR Manager,Employee Development Manager,"An Employee Development Manager focuses on employee growth and skill development, designing and implementing training programs to enhance employee capabilities and performance.",Training and development Performance management Learning programs Employee engagement Coaching and mentoring,"Focus on employee training, development, and career advancement. Create training programs and succession plans. Foster a culture of continuous learning.",Metro Bank,112508
3 to 9 Years,BCA,$65K-$109K,"Rabat, Morocco",Part-Time,Environmental Consultant,Environmental Compliance Officer,"Environmental Compliance Officers ensure that organizations adhere to environmental regulations and standards. They conduct audits, develop compliance programs, and oversee efforts to minimize environmental impact and maintain regulatory compliance.",Environmental compliance Regulatory requirements Environmental impact assessments Reporting Environmental regulations Auditing,Ensure compliance with environmental laws and regulations. Conduct environmental assessments and audits. Develop and implement compliance strategies.,Cognizant Technology Solutions,123928
1 to 13 Years,MCA,$58K-$92K,"Rabat, Morocco",Intern,Environmental Engineer,Environmental Consultant,"An Environmental Consultant assesses environmental impacts, provides regulatory compliance guidance, and develops strategies for sustainable practices and environmental protection.",Environmental assessments Regulatory compliance Environmental impact analysis,"Provide expertise on environmental regulations, assessments, and compliance. Conduct environmental impact assessments. Develop and implement environmental management plans.",Otis Worldwide,161328
4 to 14 Years,MBA,$62K-$117K,"Tangier, Morocco",Temporary,Environmental Engineer,Environmental Consultant,"An Environmental Consultant assesses environmental impacts, provides regulatory compliance guidance, and develops strategies for sustainable practices and environmental protection.",Environmental assessments Regulatory compliance Environmental impact analysis,"Provide expertise on environmental regulations, assessments, and compliance. Conduct environmental impact assessments. Develop and implement environmental management plans.",Truist Financial,122359
0 to 8 Years,BBA,$57K-$87K,"Kenitra, Morocco",Intern,Environmental Engineer,Environmental Consultant,"An Environmental Consultant assesses environmental impacts, provides regulatory compliance guidance, and develops strategies for sustainable practices and environmental protection.",Environmental assessments Regulatory compliance Environmental impact analysis,"Provide expertise on environmental regulations, assessments, and compliance. Conduct environmental impact assessments. Develop and implement environmental management plans.",SVB Financial Group,88016
1 to 14 Years,MCA,$60K-$103K,"Rabat, Morocco",Contract,Landscape Architect,Environmental Designer,"Design outdoor spaces, parks, and landscapes with an emphasis on environmental sustainability.",Environmental design principles Sustainability concepts CAD and design software,"Focus on environmentally sustainable landscape design. Design landscapes to conserve resources, reduce pollution, and support biodiversity. Select native plants and sustainable materials.",National Australia Bank (NAB),137412
3 to 10 Years,BCA,$56K-$115K,"Fes, Morocco",Full-Time,Landscape Architect,Environmental Designer,"Design outdoor spaces, parks, and landscapes with an emphasis on environmental sustainability.",Environmental design principles Sustainability concepts CAD and design software,"Focus on environmentally sustainable landscape design. Design landscapes to conserve resources, reduce pollution, and support biodiversity. Select native plants and sustainable materials.",CRRC Corporation,86075
3 to 8 Years,PhD,$63K-$95K,"Casablanca, Morocco",Full-Time,Data Engineer,ETL Developer,"An ETL Developer specializes in designing and implementing Extract, Transform, Load (ETL) processes to move and transform data between systems, supporting data integration and analytics.","ETL (Extract, Transform, Load) processes Data integration SQL and scripting languages","Extract, transform, and load (ETL) data from various sources into data warehouses. Create ETL workflows and data pipelines. Perform data validation and quality checks.",Public Service Enterprise Group,177875
2 to 13 Years,B.Com,$59K-$80K,"Casablanca, Morocco",Temporary,Event Coordinator,Event Planner,"Plan and coordinate events, including selecting venues, managing budgets, arranging logistics, and ensuring a successful outcome.",Event planning and coordination Budget management Vendor negotiation Venue selection and management Timeline and logistics planning Marketing and promotion Risk management Client communication Creativity Problem-solving Attention to detail,"Plan and organize events, such as weddings, conferences, and parties. Coordinate logistics, vendors, and budgets. Ensure events run smoothly and meet client expectations.",New Oriental Education & Technology Group,135364
5 to 11 Years,BCA,$55K-$116K,"Casablanca, Morocco",Part-Time,Event Coordinator,Event Planner,"Plan and coordinate events, including selecting venues, managing budgets, arranging logistics, and ensuring a successful outcome.",Event planning and coordination Budget management Vendor negotiation Venue selection and management Timeline and logistics planning Marketing and promotion Risk management Client communication Creativity Problem-solving Attention to detail,"Plan and organize events, such as weddings, conferences, and parties. Coordinate logistics, vendors, and budgets. Ensure events run smoothly and meet client expectations.","The Goldman Sachs Group, Inc.",150435
5 to 9 Years,BBA,$60K-$84K,"Tangier, Morocco",Temporary,Event Coordinator,Event Planner,"Plan and coordinate events, including selecting venues, managing budgets, arranging logistics, and ensuring a successful outcome.",Event planning and coordination Budget management Vendor negotiation Venue selection and management Timeline and logistics planning Marketing and promotion Risk management Client communication Creativity Problem-solving Attention to detail,"Plan and organize events, such as weddings, conferences, and parties. Coordinate logistics, vendors, and budgets. Ensure events run smoothly and meet client expectations.",Comcast,108515
2 to 13 Years,BA,$64K-$98K,"Tangier, Morocco",Part-Time,Event Coordinator,Event Planner,"Plan and coordinate events, including selecting venues, managing budgets, arranging logistics, and ensuring a successful outcome.",Event planning and coordination Budget management Vendor negotiation Venue selection and management Timeline and logistics planning Marketing and promotion Risk management Client communication Creativity Problem-solving Attention to detail,"Plan and organize events, such as weddings, conferences, and parties. Coordinate logistics, vendors, and budgets. Ensure events run smoothly and meet client expectations.",MetLife,149133
3 to 11 Years,MBA,$61K-$91K,"Tetouan, Morocco",Temporary,Administrative Assistant,Executive Assistant,"Support high-level executives by managing schedules, coordinating meetings, and handling various administrative tasks.","Calendar management Travel coordination Meeting scheduling Correspondence and communication Office organization Confidentiality Time management Problem-solving Attention to detail Communication skills Technology proficiency (e.g., MS Office)","Provide high-level administrative support to executives, including managing schedules and communications. Coordinate meetings and travel arrangements. Handle confidential information with discretion.",CNOOC (China National Offshore Oil Corporation),71856
3 to 8 Years,BBA,$55K-$84K,"Oujda, Morocco",Part-Time,Administrative Assistant,Executive Assistant,"Support high-level executives by managing schedules, coordinating meetings, and handling various administrative tasks.","Calendar management Travel coordination Meeting scheduling Correspondence and communication Office organization Confidentiality Time management Problem-solving Attention to detail Communication skills Technology proficiency (e.g., MS Office)","Provide high-level administrative support to executives, including managing schedules and communications. Coordinate meetings and travel arrangements. Handle confidential information with discretion.",Mutual of Omaha Insurance,74757
4 to 11 Years,M.Com,$65K-$109K,"Agadir, Morocco",Part-Time,Administrative Assistant,Executive Assistant,"Support high-level executives by managing schedules, coordinating meetings, and handling various administrative tasks.","Calendar management Travel coordination Meeting scheduling Correspondence and communication Office organization Confidentiality Time management Problem-solving Attention to detail Communication skills Technology proficiency (e.g., MS Office)","Provide high-level administrative support to executives, including managing schedules and communications. Coordinate meetings and travel arrangements. Handle confidential information with discretion.",St. James's Place plc,84597
5 to 8 Years,B.Tech,$63K-$125K,"Oujda, Morocco",Part-Time,Administrative Assistant,Executive Assistant,"Support high-level executives by managing schedules, coordinating meetings, and handling various administrative tasks.","Calendar management Travel coordination Meeting scheduling Correspondence and communication Office organization Confidentiality Time management Problem-solving Attention to detail Communication skills Technology proficiency (e.g., MS Office)","Provide high-level administrative support to executives, including managing schedules and communications. Coordinate meetings and travel arrangements. Handle confidential information with discretion.",Xiaomi Corporation,114126
3 to 9 Years,B.Tech,$63K-$80K,"Agadir, Morocco",Contract,Administrative Assistant,Executive Assistant,"Support high-level executives by managing schedules, coordinating meetings, and handling various administrative tasks.","Calendar management Travel coordination Meeting scheduling Correspondence and communication Office organization Confidentiality Time management Problem-solving Attention to detail Communication skills Technology proficiency (e.g., MS Office)","Provide high-level administrative support to executives, including managing schedules and communications. Coordinate meetings and travel arrangements. Handle confidential information with discretion.",Deutsche Lufthansa AG,101436
5 to 12 Years,M.Com,$60K-$97K,"Rabat, Morocco",Contract,Administrative Assistant,Executive Assistant,"Support high-level executives by managing schedules, coordinating meetings, and handling various administrative tasks.","Calendar management Travel coordination Meeting scheduling Correspondence and communication Office organization Confidentiality Time management Problem-solving Attention to detail Communication skills Technology proficiency (e.g., MS Office)","Provide high-level administrative support to executives, including managing schedules and communications. Coordinate meetings and travel arrangements. Handle confidential information with discretion.",CHS,95533
5 to 9 Years,MBA,$62K-$130K,"Rabat, Morocco",Temporary,Substance Abuse Counselor,Family Counselor,"A Family Counselor works with families to address interpersonal issues, improve communication, and resolve conflicts, fostering healthier family dynamics.",Family counseling Marriage and family therapy Conflict resolution skills,Work with the families of individuals facing substance abuse challenges. Provide education and therapy to improve family dynamics and support networks. Collaborate with treatment teams.,ICICI Bank,120084
0 to 12 Years,BA,$58K-$90K,"Fes, Morocco",Temporary,Substance Abuse Counselor,Family Counselor,"A Family Counselor works with families to address interpersonal issues, improve communication, and resolve conflicts, fostering healthier family dynamics.",Family counseling Marriage and family therapy Conflict resolution skills,Work with the families of individuals facing substance abuse challenges. Provide education and therapy to improve family dynamics and support networks. Collaborate with treatment teams.,Bayerische Motoren Werke AG (BMW),66037
5 to 12 Years,BA,$59K-$103K,"Rabat, Morocco",Temporary,Litigation Attorney,Family Law Attorney,"Family Law Attorneys deal with legal matters related to family relationships. They handle cases like divorce, child custody, adoption, and domestic disputes to provide legal guidance.",Family law Divorce proceedings Child custody Mediation Legal counseling Court representation,"Specialize in family law matters, such as divorce, child custody, and adoption. Advocate for clients in family court proceedings. Offer legal advice and mediation services.",Marico Limited,132371
2 to 11 Years,B.Tech,$60K-$116K,"Casablanca, Morocco",Contract,Litigation Attorney,Family Law Attorney,"Family Law Attorneys deal with legal matters related to family relationships. They handle cases like divorce, child custody, adoption, and domestic disputes to provide legal guidance.",Family law Divorce proceedings Child custody Mediation Legal counseling Court representation,"Specialize in family law matters, such as divorce, child custody, and adoption. Advocate for clients in family court proceedings. Offer legal advice and mediation services.",Jones Lang LaSalle,144447
2 to 9 Years,MBA,$62K-$116K,"Casablanca, Morocco",Intern,Litigation Attorney,Family Law Attorney,"Family Law Attorneys deal with legal matters related to family relationships. They handle cases like divorce, child custody, adoption, and domestic disputes to provide legal guidance.",Family law Divorce proceedings Child custody Mediation Legal counseling Court representation,"Specialize in family law matters, such as divorce, child custody, and adoption. Advocate for clients in family court proceedings. Offer legal advice and mediation services.",Newmont,161967
1 to 15 Years,MCA,$59K-$80K,"Tetouan, Morocco",Intern,Litigation Attorney,Family Law Attorney,"Family Law Attorneys deal with legal matters related to family relationships. They handle cases like divorce, child custody, adoption, and domestic disputes to provide legal guidance.",Family law Divorce proceedings Child custody Mediation Legal counseling Court representation,"Specialize in family law matters, such as divorce, child custody, and adoption. Advocate for clients in family court proceedings. Offer legal advice and mediation services.",Equinix,98375
4 to 11 Years,MCA,$57K-$81K,"Tangier, Morocco",Intern,Litigation Attorney,Family Law Attorney,"Family Law Attorneys deal with legal matters related to family relationships. They handle cases like divorce, child custody, adoption, and domestic disputes to provide legal guidance.",Family law Divorce proceedings Child custody Mediation Legal counseling Court representation,"Specialize in family law matters, such as divorce, child custody, and adoption. Advocate for clients in family court proceedings. Offer legal advice and mediation services.",PNC Financial Services Group,141306
0 to 13 Years,PhD,$60K-$116K,"Fes, Morocco",Contract,Litigation Attorney,Family Law Attorney,"Family Law Attorneys deal with legal matters related to family relationships. They handle cases like divorce, child custody, adoption, and domestic disputes to provide legal guidance.",Family law Divorce proceedings Child custody Mediation Legal counseling Court representation,"Specialize in family law matters, such as divorce, child custody, and adoption. Advocate for clients in family court proceedings. Offer legal advice and mediation services.",Deutsche Telekom AG,123959
1 to 8 Years,MBA,$63K-$94K,"Rabat, Morocco",Full-Time,Nurse Practitioner,Family Nurse Practitioner,"Family Nurse Practitioners specialize in family-centered healthcare, providing comprehensive medical care to individuals of all ages within a family context.",Family medicine Health assessment Pediatric care Chronic disease management Patient education,"Focus on family-centered care, providing healthcare services to individuals and families of all ages. Perform physical exams, order diagnostic tests, and manage chronic conditions. Promote health and wellness.",Tata Steel,116830
0 to 8 Years,BBA,$62K-$114K,"Fes, Morocco",Part-Time,Financial Controller,Finance Manager,"Finance Managers oversee an organizations financial operations, including budgeting, financial reporting, and investment management. They analyze financial data, make strategic financial decisions, and ensure compliance with financial regulations.","Financial management Budgeting Financial analysis Financial reporting Risk management Financial software (e.g., Excel, QuickBooks) Strategic planning","Oversee financial operations, including budgeting, financial reporting, and cash flow management. Ensure compliance with accounting standards and regulations. Supervise finance staff.",Sherwin-Williams,117342
2 to 13 Years,PhD,$64K-$82K,"Casablanca, Morocco",Full-Time,Accountant,Financial Accountant,"Financial Accountants handle financial records, prepare financial statements, and ensure compliance with accounting standards. They analyze financial data to provide accurate financial reports and support decision-making within the organization.","Financial reporting Accounting software (e.g., QuickBooks) Auditing GAAP knowledge","Maintain financial records, prepare financial statements, and ensure compliance with accounting standards and regulations. Reconcile accounts and analyze financial data. Assist with financial audits.",Mindtree Limited,148879
0 to 12 Years,BA,$61K-$110K,"Tangier, Morocco",Full-Time,Accountant,Financial Accountant,"Financial Accountants handle financial records, prepare financial statements, and ensure compliance with accounting standards. They analyze financial data to provide accurate financial reports and support decision-making within the organization.","Financial reporting Accounting software (e.g., QuickBooks) Auditing GAAP knowledge","Maintain financial records, prepare financial statements, and ensure compliance with accounting standards and regulations. Reconcile accounts and analyze financial data. Assist with financial audits.",Reliance Industries Limited,124070
0 to 8 Years,B.Com,$62K-$124K,"Casablanca, Morocco",Temporary,Accountant,Financial Accountant,"Financial Accountants handle financial records, prepare financial statements, and ensure compliance with accounting standards. They analyze financial data to provide accurate financial reports and support decision-making within the organization.","Financial reporting Accounting software (e.g., QuickBooks) Auditing GAAP knowledge","Maintain financial records, prepare financial statements, and ensure compliance with accounting standards and regulations. Reconcile accounts and analyze financial data. Assist with financial audits.",PG&E,158767
4 to 8 Years,BBA,$56K-$99K,"Rabat, Morocco",Full-Time,Investment Banker,Financial Analyst,"A Financial Analyst conducts financial analysis, generates reports, and provides insights to support decision-making, budgeting, and financial planning.",Financial analysis Data analysis Financial modeling,"Analyze financial data, research investment opportunities, and provide recommendations for investment decisions. Create financial models and projections. Collaborate with clients on investment strategies.",Infosys,139545
4 to 9 Years,MCA,$60K-$99K,"Oujda, Morocco",Full-Time,Investment Banker,Financial Analyst,"A Financial Analyst conducts financial analysis, generates reports, and provides insights to support decision-making, budgeting, and financial planning.",Financial analysis Data analysis Financial modeling,"Analyze financial data, research investment opportunities, and provide recommendations for investment decisions. Create financial models and projections. Collaborate with clients on investment strategies.",Dixons Carphone,99863
2 to 12 Years,B.Com,$60K-$120K,"Casablanca, Morocco",Contract,Investment Banker,Financial Analyst,"A Financial Analyst conducts financial analysis, generates reports, and provides insights to support decision-making, budgeting, and financial planning.",Financial analysis Data analysis Financial modeling,"Analyze financial data, research investment opportunities, and provide recommendations for investment decisions. Create financial models and projections. Collaborate with clients on investment strategies.",Phillips 66,165591
5 to 12 Years,BBA,$58K-$94K,"Rabat, Morocco",Intern,Investment Banker,Financial Analyst,"A Financial Analyst conducts financial analysis, generates reports, and provides insights to support decision-making, budgeting, and financial planning.",Financial analysis Data analysis Financial modeling,"Analyze financial data, research investment opportunities, and provide recommendations for investment decisions. Create financial models and projections. Collaborate with clients on investment strategies.",Britannia Industries,150233
4 to 13 Years,PhD,$57K-$108K,"Tangier, Morocco",Intern,Financial Analyst,Financial Planner,"Financial Planners help clients achieve their financial goals by providing personalized financial advice and investment strategies. They assess clients financial situations, develop financial plans, and offer recommendations on savings, investments, and retirement planning.",Financial planning Investment strategy Retirement planning Tax knowledge,"Assist clients with financial planning, investment strategies, and retirement planning. Conduct comprehensive financial assessments. Provide personalized financial advice and recommendations.",Taylor Wimpey,155066
5 to 8 Years,M.Tech,$62K-$103K,"Marrakech, Morocco",Contract,Financial Analyst,Financial Planner,"Financial Planners help clients achieve their financial goals by providing personalized financial advice and investment strategies. They assess clients financial situations, develop financial plans, and offer recommendations on savings, investments, and retirement planning.",Financial planning Investment strategy Retirement planning Tax knowledge,"Assist clients with financial planning, investment strategies, and retirement planning. Conduct comprehensive financial assessments. Provide personalized financial advice and recommendations.",Taylor Wimpey,172435
3 to 14 Years,BBA,$58K-$99K,"Rabat, Morocco",Temporary,Financial Analyst,Financial Planner,"Financial Planners help clients achieve their financial goals by providing personalized financial advice and investment strategies. They assess clients financial situations, develop financial plans, and offer recommendations on savings, investments, and retirement planning.",Financial planning Investment strategy Retirement planning Tax knowledge,"Assist clients with financial planning, investment strategies, and retirement planning. Conduct comprehensive financial assessments. Provide personalized financial advice and recommendations.",TravelCenters of America,173764
4 to 8 Years,BCA,$56K-$118K,"Fes, Morocco",Temporary,Finance Manager,Financial Planning Manager,"Financial Planning Managers oversee financial planning services. They lead a team of financial planners, develop financial strategies, and ensure clients financial goals are met.",Financial planning Investment strategies Team leadership Wealth management Client advisory skills,"Oversee financial planning and analysis, including budgeting and forecasting. Develop financial strategies to achieve organizational goals. Provide financial guidance to departments.",American Tower,96288
3 to 11 Years,BCA,$64K-$90K,"Casablanca, Morocco",Part-Time,Art Teacher,Fine Arts Instructor,"A Fine Arts Instructor teaches various forms of fine arts, such as painting, sculpture, or drawing, to students, guiding them in developing their artistic skills and creativity.",Artistic skills Teaching ability Communication skills Art history knowledge Creativity,"Teach fine arts, including drawing, painting, and sculpture, to students of all ages. Develop and execute art lesson plans. Foster creativity and artistic expression.",Kainos Group,121923
4 to 14 Years,M.Tech,$64K-$101K,"Fes, Morocco",Part-Time,Accountant,Forensic Accountant,"Forensic Accountants investigate financial discrepancies and fraud. They analyze financial documents, track financial transactions, and provide expert testimony in legal proceedings. They play a critical role in detecting and preventing financial fraud.",Forensic accounting Fraud detection Legal knowledge Investigative skills,"Investigate financial discrepancies, analyze financial data for fraud, and provide expert testimony in legal cases. Perform forensic audits and fraud detection. Collaborate with law enforcement and legal teams.",Scottish Mortgage Investment Trust,82013
1 to 11 Years,B.Com,$65K-$119K,"Rabat, Morocco",Part-Time,Accountant,Forensic Accountant,"Forensic Accountants investigate financial discrepancies and fraud. They analyze financial documents, track financial transactions, and provide expert testimony in legal proceedings. They play a critical role in detecting and preventing financial fraud.",Forensic accounting Fraud detection Legal knowledge Investigative skills,"Investigate financial discrepancies, analyze financial data for fraud, and provide expert testimony in legal cases. Perform forensic audits and fraud detection. Collaborate with law enforcement and legal teams.",Marsh & McLennan,128391
3 to 15 Years,MCA,$55K-$87K,"Agadir, Morocco",Intern,UI Developer,Front-End Developer,A Front-End Developer specializes in creating the user interface and user experience of websites or applications. They code and design elements that users interact with directly.,"Front-end web development HTML, CSS, JavaScript Responsive design Web performance optimization Cross-browser compatibility","Develop and maintain user interfaces for websites and web applications. Write clean and efficient HTML, CSS, and JavaScript code. Collaborate with UX designers to ensure a seamless user experience.",AutoNation,161393
3 to 9 Years,B.Tech,$60K-$97K,"Agadir, Morocco",Intern,UI Developer,Front-End Developer,A Front-End Developer specializes in creating the user interface and user experience of websites or applications. They code and design elements that users interact with directly.,"Front-end web development HTML, CSS, JavaScript Responsive design Web performance optimization Cross-browser compatibility","Develop and maintain user interfaces for websites and web applications. Write clean and efficient HTML, CSS, and JavaScript code. Collaborate with UX designers to ensure a seamless user experience.",Kohl's,176496
3 to 14 Years,B.Tech,$61K-$96K,"Oujda, Morocco",Contract,UI Developer,Front-End Developer,A Front-End Developer specializes in creating the user interface and user experience of websites or applications. They code and design elements that users interact with directly.,"Front-end web development HTML, CSS, JavaScript Responsive design Web performance optimization Cross-browser compatibility","Develop and maintain user interfaces for websites and web applications. Write clean and efficient HTML, CSS, and JavaScript code. Collaborate with UX designers to ensure a seamless user experience.",Bandhan Bank,104414
3 to 15 Years,MCA,$58K-$112K,"Kenitra, Morocco",Part-Time,UI Developer,Front-End Developer,A Front-End Developer specializes in creating the user interface and user experience of websites or applications. They code and design elements that users interact with directly.,"Front-end web development HTML, CSS, JavaScript Responsive design Web performance optimization Cross-browser compatibility","Develop and maintain user interfaces for websites and web applications. Write clean and efficient HTML, CSS, and JavaScript code. Collaborate with UX designers to ensure a seamless user experience.",Constellation Brands,96222
2 to 14 Years,BBA,$57K-$113K,"Casablanca, Morocco",Temporary,UI Developer,Front-End Developer,A Front-End Developer specializes in creating the user interface and user experience of websites or applications. They code and design elements that users interact with directly.,"Front-end web development HTML, CSS, JavaScript Responsive design Web performance optimization Cross-browser compatibility","Develop and maintain user interfaces for websites and web applications. Write clean and efficient HTML, CSS, and JavaScript code. Collaborate with UX designers to ensure a seamless user experience.",Skechers U.S.A.,159613
2 to 13 Years,BBA,$59K-$120K,"Kenitra, Morocco",Full-Time,UI Developer,Front-End Developer,A Front-End Developer specializes in creating the user interface and user experience of websites or applications. They code and design elements that users interact with directly.,"Front-end web development HTML, CSS, JavaScript Responsive design Web performance optimization Cross-browser compatibility","Develop and maintain user interfaces for websites and web applications. Write clean and efficient HTML, CSS, and JavaScript code. Collaborate with UX designers to ensure a seamless user experience.",Icahn Enterprises,138731
0 to 15 Years,BCA,$55K-$99K,"Casablanca, Morocco",Part-Time,Software Engineer,Frontend Developer,"A Frontend Developer is responsible for designing and implementing user interfaces for web applications. They collaborate with designers to create visually appealing and responsive web pages, ensuring a seamless user experience across different devices and browsers.","Proficiency in HTML, CSS, and JavaScript Experience with frontend frameworks like React, Angular, or Vue.js Responsive web design Cross-browser compatibility Version control (e.g., Git) Frontend performance optimization","Design and implement user interfaces for web applications using HTML, CSS, and JavaScript. Collaborate with UX designers to ensure a user-friendly experience. Optimize applications for speed and responsiveness.",Petronet LNG,178090
2 to 13 Years,M.Tech,$61K-$89K,"Oujda, Morocco",Full-Time,Software Engineer,Frontend Developer,"A Frontend Developer is responsible for designing and implementing user interfaces for web applications. They collaborate with designers to create visually appealing and responsive web pages, ensuring a seamless user experience across different devices and browsers.","Proficiency in HTML, CSS, and JavaScript Experience with frontend frameworks like React, Angular, or Vue.js Responsive web design Cross-browser compatibility Version control (e.g., Git) Frontend performance optimization","Design and implement user interfaces for web applications using HTML, CSS, and JavaScript. Collaborate with UX designers to ensure a user-friendly experience. Optimize applications for speed and responsiveness.",Hartford Financial Services Group,148205
4 to 13 Years,B.Tech,$65K-$117K,"Tetouan, Morocco",Full-Time,Software Engineer,Frontend Developer,"A Frontend Developer is responsible for designing and implementing user interfaces for web applications. They collaborate with designers to create visually appealing and responsive web pages, ensuring a seamless user experience across different devices and browsers.","Proficiency in HTML, CSS, and JavaScript Experience with frontend frameworks like React, Angular, or Vue.js Responsive web design Cross-browser compatibility Version control (e.g., Git) Frontend performance optimization","Design and implement user interfaces for web applications using HTML, CSS, and JavaScript. Collaborate with UX designers to ensure a user-friendly experience. Optimize applications for speed and responsiveness.",Charter Communications,132727
5 to 11 Years,M.Tech,$61K-$80K,"Casablanca, Morocco",Part-Time,Software Engineer,Frontend Developer,"A Frontend Developer is responsible for designing and implementing user interfaces for web applications. They collaborate with designers to create visually appealing and responsive web pages, ensuring a seamless user experience across different devices and browsers.","Proficiency in HTML, CSS, and JavaScript Experience with frontend frameworks like React, Angular, or Vue.js Responsive web design Cross-browser compatibility Version control (e.g., Git) Frontend performance optimization","Design and implement user interfaces for web applications using HTML, CSS, and JavaScript. Collaborate with UX designers to ensure a user-friendly experience. Optimize applications for speed and responsiveness.",Genworth Financial,186043
1 to 12 Years,MBA,$62K-$119K,"Rabat, Morocco",Full-Time,Web Designer,Frontend Web Designer,"Frontend Web Designers create the visual elements and user interfaces of websites. They use HTML, CSS, and JavaScript to design responsive, user-friendly web pages, ensuring a seamless and visually appealing online experience.",Frontend web development HTML/CSS Responsive design User interface (UI) design Adobe Creative Suite Collaboration skills,"Create visually appealing and responsive web designs using HTML, CSS, and JavaScript. Ensure cross-browser compatibility. Optimize web performance and page load times.",Corteva,148886
0 to 12 Years,PhD,$55K-$101K,"Rabat, Morocco",Intern,Web Designer,Frontend Web Designer,"Frontend Web Designers create the visual elements and user interfaces of websites. They use HTML, CSS, and JavaScript to design responsive, user-friendly web pages, ensuring a seamless and visually appealing online experience.",Frontend web development HTML/CSS Responsive design User interface (UI) design Adobe Creative Suite Collaboration skills,"Create visually appealing and responsive web designs using HTML, CSS, and JavaScript. Ensure cross-browser compatibility. Optimize web performance and page load times.",Chevron,116466
4 to 11 Years,BA,$56K-$84K,"Casablanca, Morocco",Part-Time,Web Designer,Frontend Web Designer,"Frontend Web Designers create the visual elements and user interfaces of websites. They use HTML, CSS, and JavaScript to design responsive, user-friendly web pages, ensuring a seamless and visually appealing online experience.",Frontend web development HTML/CSS Responsive design User interface (UI) design Adobe Creative Suite Collaboration skills,"Create visually appealing and responsive web designs using HTML, CSS, and JavaScript. Ensure cross-browser compatibility. Optimize web performance and page load times.",Westlake,151256
3 to 8 Years,BBA,$62K-$122K,"Casablanca, Morocco",Temporary,Web Developer,Frontend Web Developer,"Frontend Web Developers design and implement user interfaces for websites, ensuring they are visually appealing and user-friendly. They collaborate with designers and backend developers to create seamless web experiences for users.","HTML, CSS, JavaScript Frontend frameworks (e.g., React, Angular) User experience (UX)","Design and code user interfaces for websites, ensuring a seamless and visually appealing user experience. Collaborate with UX designers to optimize user journeys. Ensure cross-browser compatibility and responsive design.",Sinopharm Group,211288
1 to 15 Years,PhD,$65K-$92K,"Fes, Morocco",Intern,Web Developer,Full-Stack Developer,"Full-Stack Developers are skilled in both frontend and backend development. They can work on all aspects of web application development, from creating user interfaces to designing databases and server infrastructure, providing end-to-end solutions.",Frontend and backend development Database integration Problem-solving API knowledge,"Work on both frontend and backend aspects, creating full-stack solutions for web development. Integrate third-party APIs and services. Troubleshoot and debug web applications.",McKesson,116470
1 to 9 Years,B.Tech,$56K-$123K,"Rabat, Morocco",Full-Time,Web Developer,Full-Stack Developer,"Full-Stack Developers are skilled in both frontend and backend development. They can work on all aspects of web application development, from creating user interfaces to designing databases and server infrastructure, providing end-to-end solutions.",Frontend and backend development Database integration Problem-solving API knowledge,"Work on both frontend and backend aspects, creating full-stack solutions for web development. Integrate third-party APIs and services. Troubleshoot and debug web applications.",JD Sports Fashion,181995
2 to 9 Years,M.Com,$59K-$114K,"Casablanca, Morocco",Temporary,Web Developer,Full-Stack Developer,"Full-Stack Developers are skilled in both frontend and backend development. They can work on all aspects of web application development, from creating user interfaces to designing databases and server infrastructure, providing end-to-end solutions.",Frontend and backend development Database integration Problem-solving API knowledge,"Work on both frontend and backend aspects, creating full-stack solutions for web development. Integrate third-party APIs and services. Troubleshoot and debug web applications.",Derwent London,236119
1 to 9 Years,B.Com,$58K-$84K,"Agadir, Morocco",Part-Time,Web Developer,Full-Stack Developer,"Full-Stack Developers are skilled in both frontend and backend development. They can work on all aspects of web application development, from creating user interfaces to designing databases and server infrastructure, providing end-to-end solutions.",Frontend and backend development Database integration Problem-solving API knowledge,"Work on both frontend and backend aspects, creating full-stack solutions for web development. Integrate third-party APIs and services. Troubleshoot and debug web applications.",Sinopec,151461
5 to 8 Years,MBA,$56K-$97K,"Marrakech, Morocco",Full-Time,Family Nurse Practitioner,Geriatric Nurse Practitioner,Geriatric Nurse Practitioners focus on the healthcare needs of elderly patients. They provide specialized care and address age-related health concerns.,Geriatric healthcare Geriatric assessment Geriatric treatment Elderly patient care Geriatric pharmacology,"Focus on elderly patient care, addressing age-related health concerns. Manage chronic conditions and medication regimens. Collaborate with healthcare teams in nursing homes or geriatric clinics.",Air Products & Chemicals,126627
4 to 12 Years,B.Tech,$57K-$118K,"Tetouan, Morocco",Contract,Family Nurse Practitioner,Geriatric Nurse Practitioner,Geriatric Nurse Practitioners focus on the healthcare needs of elderly patients. They provide specialized care and address age-related health concerns.,Geriatric healthcare Geriatric assessment Geriatric treatment Elderly patient care Geriatric pharmacology,"Focus on elderly patient care, addressing age-related health concerns. Manage chronic conditions and medication regimens. Collaborate with healthcare teams in nursing homes or geriatric clinics.",Guardian Life Ins. Co. of America,72041
4 to 9 Years,B.Tech,$62K-$82K,"Casablanca, Morocco",Part-Time,IT Support Specialist,Help Desk Support Specialist,"Help Desk Support Specialists provide technical assistance and support to end-users, resolving IT issues and ensuring smooth operations.",Technical troubleshooting Customer service and communication Ticketing system usage Basic IT knowledge Problem-solving and critical-thinking skills,"Provide technical support to end-users, troubleshoot hardware and software issues, and resolve IT-related problems. Document and track support requests and resolutions. Provide training and guidance to end-users.",Admiral Group,198062
5 to 10 Years,BBA,$56K-$83K,"Rabat, Morocco",Intern,IT Support Specialist,Help Desk Support Specialist,"Help Desk Support Specialists provide technical assistance and support to end-users, resolving IT issues and ensuring smooth operations.",Technical troubleshooting Customer service and communication Ticketing system usage Basic IT knowledge Problem-solving and critical-thinking skills,"Provide technical support to end-users, troubleshoot hardware and software issues, and resolve IT-related problems. Document and track support requests and resolutions. Provide training and guidance to end-users.",ABM Industries,163592
4 to 9 Years,M.Tech,$59K-$92K,"Casablanca, Morocco",Intern,IT Support Specialist,Help Desk Support Specialist,"Help Desk Support Specialists provide technical assistance and support to end-users, resolving IT issues and ensuring smooth operations.",Technical troubleshooting Customer service and communication Ticketing system usage Basic IT knowledge Problem-solving and critical-thinking skills,"Provide technical support to end-users, troubleshoot hardware and software issues, and resolve IT-related problems. Document and track support requests and resolutions. Provide training and guidance to end-users.",NRG Energy,170027
2 to 9 Years,M.Tech,$62K-$111K,"Rabat, Morocco",Part-Time,IT Support Specialist,Help Desk Support Specialist,"Help Desk Support Specialists provide technical assistance and support to end-users, resolving IT issues and ensuring smooth operations.",Technical troubleshooting Customer service and communication Ticketing system usage Basic IT knowledge Problem-solving and critical-thinking skills,"Provide technical support to end-users, troubleshoot hardware and software issues, and resolve IT-related problems. Document and track support requests and resolutions. Provide training and guidance to end-users.",Colgate-Palmolive,164528
0 to 15 Years,M.Com,$63K-$83K,"Rabat, Morocco",Temporary,HR Manager,HR Compliance Specialist,"An HR Compliance Specialist ensures adherence to employment laws and regulations, conducts audits, and provides guidance to maintain legal compliance within the organization.",Employment law knowledge Compliance management Auditing skills Employee relations Communication skills,Ensure HR policies and practices comply with legal and regulatory requirements. Conduct audits and investigations. Provide guidance on compliance issues.,Carvana,219126
2 to 14 Years,PhD,$63K-$120K,"Agadir, Morocco",Full-Time,HR Manager,HR Compliance Specialist,"An HR Compliance Specialist ensures adherence to employment laws and regulations, conducts audits, and provides guidance to maintain legal compliance within the organization.",Employment law knowledge Compliance management Auditing skills Employee relations Communication skills,Ensure HR policies and practices comply with legal and regulatory requirements. Conduct audits and investigations. Provide guidance on compliance issues.,Weyerhaeuser,130399
1 to 10 Years,MCA,$59K-$80K,"Casablanca, Morocco",Part-Time,HR Manager,HR Compliance Specialist,"An HR Compliance Specialist ensures adherence to employment laws and regulations, conducts audits, and provides guidance to maintain legal compliance within the organization.",Employment law knowledge Compliance management Auditing skills Employee relations Communication skills,Ensure HR policies and practices comply with legal and regulatory requirements. Conduct audits and investigations. Provide guidance on compliance issues.,Nike,171331
1 to 9 Years,B.Com,$56K-$100K,"Rabat, Morocco",Temporary,HR Generalist,HR Coordinator,"HR Coordinators assist in HR functions such as recruitment, onboarding, and employee record maintenance. They often handle administrative tasks, organize training programs, and provide support to the HR department in various ways.",Human resources Recruitment Employee onboarding HRIS (HR Information Systems) Record keeping Communication skills,"Assist with recruitment activities, including posting job openings, coordinating interviews, and managing applicant data. Ensure a positive candidate experience. Maintain recruitment records and metrics.",Alphabet,178316
2 to 10 Years,B.Tech,$57K-$91K,"Rabat, Morocco",Temporary,HR Generalist,HR Coordinator,"HR Coordinators assist in HR functions such as recruitment, onboarding, and employee record maintenance. They often handle administrative tasks, organize training programs, and provide support to the HR department in various ways.",Human resources Recruitment Employee onboarding HRIS (HR Information Systems) Record keeping Communication skills,"Assist with recruitment activities, including posting job openings, coordinating interviews, and managing applicant data. Ensure a positive candidate experience. Maintain recruitment records and metrics.",Marico Limited,159900
5 to 12 Years,B.Com,$59K-$86K,"Casablanca, Morocco",Full-Time,HR Generalist,HR Coordinator,"HR Coordinators assist in HR functions such as recruitment, onboarding, and employee record maintenance. They often handle administrative tasks, organize training programs, and provide support to the HR department in various ways.",Human resources Recruitment Employee onboarding HRIS (HR Information Systems) Record keeping Communication skills,"Assist with recruitment activities, including posting job openings, coordinating interviews, and managing applicant data. Ensure a positive candidate experience. Maintain recruitment records and metrics.",SF Express,181591
4 to 10 Years,BA,$55K-$80K,"Tangier, Morocco",Contract,HR Generalist,HR Coordinator,"HR Coordinators assist in HR functions such as recruitment, onboarding, and employee record maintenance. They often handle administrative tasks, organize training programs, and provide support to the HR department in various ways.",Human resources Recruitment Employee onboarding HRIS (HR Information Systems) Record keeping Communication skills,"Assist with recruitment activities, including posting job openings, coordinating interviews, and managing applicant data. Ensure a positive candidate experience. Maintain recruitment records and metrics.",PepsiCo,116931
3 to 12 Years,MBA,$65K-$113K,"Tetouan, Morocco",Contract,Human Resources Manager,HR Generalist,"HR Generalists handle various HR functions, including recruitment, employee relations, benefits administration, and HR compliance. They serve as a resource for employees and management, ensuring HR policies and practices align with organizational goals and legal requirements.",HR policies and procedures Employee relations Recruitment Communication skills,"Oversee various HR functions, including recruitment, benefits administration, and employee relations. Develop and implement HR policies and procedures. Handle employee inquiries and concerns.",Goodman Group,147753
4 to 10 Years,M.Com,$56K-$110K,"Tetouan, Morocco",Part-Time,HR Manager,Human Resources Director,"A Human Resources Director leads HR functions, including talent acquisition, employee development, and HR strategy, to promote a positive work environment and support organizational goals.",Strategic HR planning Employee relations Talent management HR policy development Leadership skills,"Oversee all HR functions, including recruitment, benefits administration, employee relations, and policy development. Align HR strategies with business goals. Provide leadership to the HR team.",JPMorgan Chase,131366
3 to 8 Years,B.Com,$57K-$89K,"Agadir, Morocco",Part-Time,HR Manager,Human Resources Director,"A Human Resources Director leads HR functions, including talent acquisition, employee development, and HR strategy, to promote a positive work environment and support organizational goals.",Strategic HR planning Employee relations Talent management HR policy development Leadership skills,"Oversee all HR functions, including recruitment, benefits administration, employee relations, and policy development. Align HR strategies with business goals. Provide leadership to the HR team.",Petronet LNG,103344
0 to 8 Years,MBA,$58K-$116K,"Fes, Morocco",Temporary,HR Manager,Human Resources Director,"A Human Resources Director leads HR functions, including talent acquisition, employee development, and HR strategy, to promote a positive work environment and support organizational goals.",Strategic HR planning Employee relations Talent management HR policy development Leadership skills,"Oversee all HR functions, including recruitment, benefits administration, employee relations, and policy development. Align HR strategies with business goals. Provide leadership to the HR team.",China Evergrande Group,175868
3 to 14 Years,PhD,$58K-$82K,"Tangier, Morocco",Intern,Mechanical Designer,HVAC Systems Designer,"Design and optimize heating, ventilation, and air conditioning (HVAC) systems for buildings, focusing on energy efficiency and comfort.",HVAC system design Load calculations Energy efficiency AutoCAD or similar software Mechanical engineering principles Collaboration with architects and engineers Regulatory compliance Problem-solving Attention to detail Communication skills,"Specialize in designing heating, ventilation, and air conditioning (HVAC) systems. Calculate load requirements and select HVAC equipment. Ensure energy efficiency and compliance.",Boise Cascade,100615
2 to 13 Years,M.Tech,$57K-$91K,"Rabat, Morocco",Contract,Mechanical Designer,HVAC Systems Designer,"Design and optimize heating, ventilation, and air conditioning (HVAC) systems for buildings, focusing on energy efficiency and comfort.",HVAC system design Load calculations Energy efficiency AutoCAD or similar software Mechanical engineering principles Collaboration with architects and engineers Regulatory compliance Problem-solving Attention to detail Communication skills,"Specialize in designing heating, ventilation, and air conditioning (HVAC) systems. Calculate load requirements and select HVAC equipment. Ensure energy efficiency and compliance.",Charter Communications,167194
3 to 9 Years,PhD,$64K-$109K,"Tangier, Morocco",Temporary,Legal Advisor,In-House Counsel,"In the role of In-House Counsel, you will provide legal support to the organization across various areas, including contracts, employment law, and regulatory compliance. You will draft legal documents, handle litigation matters, and advise on legal risks affecting day-to-day operations. Your role is crucial in ensuring the company operates within the bounds of the law.",In-house counsel Legal advisory Employment law Intellectual property Regulatory compliance Dispute resolution Contract review Client counseling,"Serve as in-house legal counsel for organizations, managing legal issues and contracts internally. Provide legal training to staff and address legal questions and concerns.",CRH (China Resources Holdings),161193
3 to 10 Years,B.Tech,$56K-$93K,"Tangier, Morocco",Temporary,Legal Advisor,In-House Counsel,"In the role of In-House Counsel, you will provide legal support to the organization across various areas, including contracts, employment law, and regulatory compliance. You will draft legal documents, handle litigation matters, and advise on legal risks affecting day-to-day operations. Your role is crucial in ensuring the company operates within the bounds of the law.",In-house counsel Legal advisory Employment law Intellectual property Regulatory compliance Dispute resolution Contract review Client counseling,"Serve as in-house legal counsel for organizations, managing legal issues and contracts internally. Provide legal training to staff and address legal questions and concerns.",HDFC Bank,99378
2 to 10 Years,B.Com,$63K-$112K,"Oujda, Morocco",Part-Time,Legal Advisor,In-House Counsel,"In the role of In-House Counsel, you will provide legal support to the organization across various areas, including contracts, employment law, and regulatory compliance. You will draft legal documents, handle litigation matters, and advise on legal risks affecting day-to-day operations. Your role is crucial in ensuring the company operates within the bounds of the law.",In-house counsel Legal advisory Employment law Intellectual property Regulatory compliance Dispute resolution Contract review Client counseling,"Serve as in-house legal counsel for organizations, managing legal issues and contracts internally. Provide legal training to staff and address legal questions and concerns.",Deutsche Bank AG,90925
1 to 13 Years,MCA,$61K-$98K,"Tangier, Morocco",Temporary,Process Engineer,Industrial Engineer,"Industrial Engineers focus on improving efficiency and productivity in various industries. They analyze processes, design systems, and implement solutions to streamline operations, reduce costs, and enhance quality.",Industrial engineering Process optimization Lean manufacturing Quality control Data analysis Workflow design,"Focus on industrial processes and systems. Streamline operations, reduce waste, and improve productivity. Implement lean and Six Sigma methodologies.",Derwent London,179813
2 to 12 Years,M.Com,$65K-$92K,"Tangier, Morocco",Temporary,IT Manager,Infrastructure Manager,"An Infrastructure Manager is responsible for the operation and maintenance of an organizations IT infrastructure, including servers, networks, and data centers.","Network administration System administration Virtualization technologies (e.g., VMware, Hyper-V) Storage management IT security Disaster recovery planning Capacity planning Monitoring and troubleshooting Cloud infrastructure (e.g., AWS, Azure) Vendor management","Manage IT infrastructure, including servers, networks, and data centers. Ensure high availability, security, and scalability of IT systems. Plan and implement technology upgrades.",Scottish Mortgage Investment Trust,151094
5 to 14 Years,BBA,$63K-$123K,"Tangier, Morocco",Intern,IT Manager,Infrastructure Manager,"An Infrastructure Manager is responsible for the operation and maintenance of an organizations IT infrastructure, including servers, networks, and data centers.","Network administration System administration Virtualization technologies (e.g., VMware, Hyper-V) Storage management IT security Disaster recovery planning Capacity planning Monitoring and troubleshooting Cloud infrastructure (e.g., AWS, Azure) Vendor management","Manage IT infrastructure, including servers, networks, and data centers. Ensure high availability, security, and scalability of IT systems. Plan and implement technology upgrades.",Tyson Foods,168660
3 to 9 Years,MBA,$62K-$83K,"Rabat, Morocco",Temporary,Sales Representative,Inside Sales Representative,"Inside Sales Representatives are responsible for selling products or services to customers over the phone or through online channels. They engage with leads, answer customer inquiries, and use persuasive communication to close sales and meet revenue targets.","Sales prospecting and lead generation Sales presentation and communication CRM software (e.g., Salesforce) Sales negotiation and closing techniques Product knowledge Relationship building","Identify and qualify sales leads, conduct sales presentations, and close deals through phone and email. Maintain accurate sales records and reports. Provide excellent customer service throughout the sales process.",Eastman Chemical,137834
2 to 11 Years,MBA,$63K-$110K,"Casablanca, Morocco",Part-Time,Sales Representative,Inside Sales Representative,"Inside Sales Representatives are responsible for selling products or services to customers over the phone or through online channels. They engage with leads, answer customer inquiries, and use persuasive communication to close sales and meet revenue targets.","Sales prospecting and lead generation Sales presentation and communication CRM software (e.g., Salesforce) Sales negotiation and closing techniques Product knowledge Relationship building","Identify and qualify sales leads, conduct sales presentations, and close deals through phone and email. Maintain accurate sales records and reports. Provide excellent customer service throughout the sales process.",Adani Enterprises,190405
5 to 11 Years,MBA,$61K-$92K,"Marrakech, Morocco",Temporary,Sales Representative,Inside Sales Representative,"Inside Sales Representatives are responsible for selling products or services to customers over the phone or through online channels. They engage with leads, answer customer inquiries, and use persuasive communication to close sales and meet revenue targets.","Sales prospecting and lead generation Sales presentation and communication CRM software (e.g., Salesforce) Sales negotiation and closing techniques Product knowledge Relationship building","Identify and qualify sales leads, conduct sales presentations, and close deals through phone and email. Maintain accurate sales records and reports. Provide excellent customer service throughout the sales process.",China Mobile,120512
5 to 9 Years,M.Tech,$55K-$125K,"Casablanca, Morocco",Contract,Sales Representative,Inside Sales Representative,"Inside Sales Representatives are responsible for selling products or services to customers over the phone or through online channels. They engage with leads, answer customer inquiries, and use persuasive communication to close sales and meet revenue targets.","Sales prospecting and lead generation Sales presentation and communication CRM software (e.g., Salesforce) Sales negotiation and closing techniques Product knowledge Relationship building","Identify and qualify sales leads, conduct sales presentations, and close deals through phone and email. Maintain accurate sales records and reports. Provide excellent customer service throughout the sales process.",Henkel AG & Co. KGaA,148529
0 to 11 Years,MBA,$55K-$104K,"Fes, Morocco",Full-Time,Sales Representative,Inside Sales Representative,"Inside Sales Representatives are responsible for selling products or services to customers over the phone or through online channels. They engage with leads, answer customer inquiries, and use persuasive communication to close sales and meet revenue targets.","Sales prospecting and lead generation Sales presentation and communication CRM software (e.g., Salesforce) Sales negotiation and closing techniques Product knowledge Relationship building","Identify and qualify sales leads, conduct sales presentations, and close deals through phone and email. Maintain accurate sales records and reports. Provide excellent customer service throughout the sales process.",Hartford Financial Services Group,101821
3 to 14 Years,MCA,$65K-$130K,"Fes, Morocco",Full-Time,UX/UI Designer,Interaction Designer,Interaction Designers specialize in designing user interactions within digital interfaces. They create meaningful and engaging user experiences by considering user behaviors and system responses.,Interaction design principles User behavior and psychology Wireframing and prototyping tools Animation and micro-interaction design Collaborative design processes,"Work on interaction design, defining how users interact with digital products and ensuring a seamless user journey. Create wireframes and prototypes to illustrate interactions. Collaborate with developers to implement interaction designs.",Hochschild Mining,125210
0 to 12 Years,BA,$64K-$123K,"Casablanca, Morocco",Full-Time,UX/UI Designer,Interaction Designer,Interaction Designers specialize in designing user interactions within digital interfaces. They create meaningful and engaging user experiences by considering user behaviors and system responses.,Interaction design principles User behavior and psychology Wireframing and prototyping tools Animation and micro-interaction design Collaborative design processes,"Work on interaction design, defining how users interact with digital products and ensuring a seamless user journey. Create wireframes and prototypes to illustrate interactions. Collaborate with developers to implement interaction designs.",NextEra Energy,132663
3 to 11 Years,MBA,$61K-$121K,"Casablanca, Morocco",Full-Time,UX/UI Designer,Interaction Designer,Interaction Designers specialize in designing user interactions within digital interfaces. They create meaningful and engaging user experiences by considering user behaviors and system responses.,Interaction design principles User behavior and psychology Wireframing and prototyping tools Animation and micro-interaction design Collaborative design processes,"Work on interaction design, defining how users interact with digital products and ensuring a seamless user journey. Create wireframes and prototypes to illustrate interactions. Collaborate with developers to implement interaction designs.",Equitable Holdings,135790
0 to 8 Years,MCA,$62K-$97K,"Rabat, Morocco",Part-Time,UX/UI Designer,Interaction Designer,Interaction Designers specialize in designing user interactions within digital interfaces. They create meaningful and engaging user experiences by considering user behaviors and system responses.,Interaction design principles User behavior and psychology Wireframing and prototyping tools Animation and micro-interaction design Collaborative design processes,"Work on interaction design, defining how users interact with digital products and ensuring a seamless user journey. Create wireframes and prototypes to illustrate interactions. Collaborate with developers to implement interaction designs.",HSBC (Hongkong and Shanghai Banking Corporation),127698
3 to 10 Years,B.Com,$56K-$111K,"Nador, Morocco",Intern,UX/UI Designer,Interaction Designer,Interaction Designers specialize in designing user interactions within digital interfaces. They create meaningful and engaging user experiences by considering user behaviors and system responses.,Interaction design principles User behavior and psychology Wireframing and prototyping tools Animation and micro-interaction design Collaborative design processes,"Work on interaction design, defining how users interact with digital products and ensuring a seamless user journey. Create wireframes and prototypes to illustrate interactions. Collaborate with developers to implement interaction designs.",Science Applications International,84314
5 to 11 Years,PhD,$63K-$106K,"Casablanca, Morocco",Contract,UX/UI Designer,Interaction Designer,Interaction Designers specialize in designing user interactions within digital interfaces. They create meaningful and engaging user experiences by considering user behaviors and system responses.,Interaction design principles User behavior and psychology Wireframing and prototyping tools Animation and micro-interaction design Collaborative design processes,"Work on interaction design, defining how users interact with digital products and ensuring a seamless user journey. Create wireframes and prototypes to illustrate interactions. Collaborate with developers to implement interaction designs.",ManpowerGroup,164798
1 to 15 Years,BCA,$58K-$107K,"Casablanca, Morocco",Intern,UX/UI Designer,Interaction Designer,Interaction Designers specialize in designing user interactions within digital interfaces. They create meaningful and engaging user experiences by considering user behaviors and system responses.,Interaction design principles User behavior and psychology Wireframing and prototyping tools Animation and micro-interaction design Collaborative design processes,"Work on interaction design, defining how users interact with digital products and ensuring a seamless user journey. Create wireframes and prototypes to illustrate interactions. Collaborate with developers to implement interaction designs.",Bath & Body Works,143894
4 to 15 Years,M.Tech,$62K-$84K,"Casablanca, Morocco",Part-Time,UX/UI Designer,Interaction Designer,Interaction Designers specialize in designing user interactions within digital interfaces. They create meaningful and engaging user experiences by considering user behaviors and system responses.,Interaction design principles User behavior and psychology Wireframing and prototyping tools Animation and micro-interaction design Collaborative design processes,"Work on interaction design, defining how users interact with digital products and ensuring a seamless user journey. Create wireframes and prototypes to illustrate interactions. Collaborate with developers to implement interaction designs.",BJ's Wholesale Club,183185
3 to 14 Years,BBA,$59K-$96K,"Rabat, Morocco",Intern,UX/UI Designer,Interaction Designer,Interaction Designers specialize in designing user interactions within digital interfaces. They create meaningful and engaging user experiences by considering user behaviors and system responses.,Interaction design principles User behavior and psychology Wireframing and prototyping tools Animation and micro-interaction design Collaborative design processes,"Work on interaction design, defining how users interact with digital products and ensuring a seamless user journey. Create wireframes and prototypes to illustrate interactions. Collaborate with developers to implement interaction designs.",Franklin Resources,113280
2 to 12 Years,MBA,$57K-$90K,"Casablanca, Morocco",Part-Time,UX/UI Designer,Interaction Designer,Interaction Designers specialize in designing user interactions within digital interfaces. They create meaningful and engaging user experiences by considering user behaviors and system responses.,Interaction design principles User behavior and psychology Wireframing and prototyping tools Animation and micro-interaction design Collaborative design processes,"Work on interaction design, defining how users interact with digital products and ensuring a seamless user journey. Create wireframes and prototypes to illustrate interactions. Collaborate with developers to implement interaction designs.","Revlon, Inc.",168502
5 to 9 Years,MBA,$63K-$94K,"Casablanca, Morocco",Full-Time,UX/UI Designer,Interaction Designer,Interaction Designers specialize in designing user interactions within digital interfaces. They create meaningful and engaging user experiences by considering user behaviors and system responses.,Interaction design principles User behavior and psychology Wireframing and prototyping tools Animation and micro-interaction design Collaborative design processes,"Work on interaction design, defining how users interact with digital products and ensuring a seamless user journey. Create wireframes and prototypes to illustrate interactions. Collaborate with developers to implement interaction designs.",NRG Energy,177873
3 to 11 Years,MCA,$57K-$116K,"Fes, Morocco",Full-Time,Architectural Designer,Interior Designer,"Interior Designers plan and design interior spaces to meet the functional and aesthetic needs of clients. They select furniture, colors, materials, and layouts to create visually appealing and functional interiors for homes and businesses.","Interior design Space planning Color theory Material selection CAD software (e.g., SketchUp) Client collaboration Budget management","Focus on interior spaces, selecting finishes, furnishings, and color schemes. Create interior design concepts and mood boards. Collaborate with architects and contractors on design integration.",Rank Group,110455
3 to 15 Years,B.Com,$57K-$117K,"Tangier, Morocco",Temporary,Architectural Designer,Interior Designer,"Interior Designers plan and design interior spaces to meet the functional and aesthetic needs of clients. They select furniture, colors, materials, and layouts to create visually appealing and functional interiors for homes and businesses.","Interior design Space planning Color theory Material selection CAD software (e.g., SketchUp) Client collaboration Budget management","Focus on interior spaces, selecting finishes, furnishings, and color schemes. Create interior design concepts and mood boards. Collaborate with architects and contractors on design integration.",WestRock,93216
1 to 10 Years,M.Com,$62K-$81K,"Tangier, Morocco",Temporary,Architectural Designer,Interior Designer,"Interior Designers plan and design interior spaces to meet the functional and aesthetic needs of clients. They select furniture, colors, materials, and layouts to create visually appealing and functional interiors for homes and businesses.","Interior design Space planning Color theory Material selection CAD software (e.g., SketchUp) Client collaboration Budget management","Focus on interior spaces, selecting finishes, furnishings, and color schemes. Create interior design concepts and mood boards. Collaborate with architects and contractors on design integration.",General Electric,102496
0 to 14 Years,BBA,$58K-$120K,"Tangier, Morocco",Contract,Tax Consultant,International Tax Consultant,"An International Tax Consultant focuses on tax matters related to international business operations, ensuring compliance with global tax laws and optimizing tax structures.",International tax law knowledge Transfer pricing Cross-border tax planning Tax treaties and agreements Foreign tax credits International tax compliance Transfer pricing documentation Multinational tax strategies Client relationship management Communication skills Tax software proficiency,Specialize in international tax law and cross-border tax issues. Provide guidance on international tax planning and transfer pricing. Ensure compliance with global tax regulations.,Whitehaven Coal,155842
2 to 8 Years,PhD,$55K-$83K,"Marrakech, Morocco",Part-Time,Inventory Analyst,Inventory Control Specialist,"Inventory Control Specialists manage and optimize inventory levels in a business. They track stock, monitor demand, and implement inventory control procedures to ensure efficient operations and minimize carrying costs.",Inventory management Stock control Demand forecasting Inventory tracking systems Supply chain coordination Problem-solving skills,"Manage inventory levels, track stock movements, and optimize inventory turnover. Conduct regular inventory counts and reconcile discrepancies. Ensure accurate and efficient inventory management.",American Electric Power,169124
0 to 15 Years,M.Com,$61K-$112K,"Marrakech, Morocco",Contract,Purchasing Agent,Inventory Manager,"An Inventory Manager oversees inventory levels, coordinates stock movements, and optimizes inventory control procedures to ensure efficient stock management and product availability.",Inventory control Demand forecasting Supply chain management Data analysis Warehouse management,"Manage inventory levels, track stock, and optimize inventory processes. Ensure stock availability and minimize carrying costs. Conduct inventory audits and reconcile discrepancies.",Vertex Pharmaceuticals,89063
5 to 13 Years,BA,$58K-$93K,"Rabat, Morocco",Temporary,Purchasing Agent,Inventory Manager,"An Inventory Manager oversees inventory levels, coordinates stock movements, and optimizes inventory control procedures to ensure efficient stock management and product availability.",Inventory control Demand forecasting Supply chain management Data analysis Warehouse management,"Manage inventory levels, track stock, and optimize inventory processes. Ensure stock availability and minimize carrying costs. Conduct inventory audits and reconcile discrepancies.",ManpowerGroup,102597
4 to 10 Years,BCA,$58K-$114K,"Casablanca, Morocco",Temporary,Purchasing Agent,Inventory Manager,"An Inventory Manager oversees inventory levels, coordinates stock movements, and optimizes inventory control procedures to ensure efficient stock management and product availability.",Inventory control Demand forecasting Supply chain management Data analysis Warehouse management,"Manage inventory levels, track stock, and optimize inventory processes. Ensure stock availability and minimize carrying costs. Conduct inventory audits and reconcile discrepancies.",China Telecom,121151
1 to 8 Years,B.Tech,$65K-$112K,"Rabat, Morocco",Full-Time,Purchasing Agent,Inventory Manager,"An Inventory Manager oversees inventory levels, coordinates stock movements, and optimizes inventory control procedures to ensure efficient stock management and product availability.",Inventory control Demand forecasting Supply chain management Data analysis Warehouse management,"Manage inventory levels, track stock, and optimize inventory processes. Ensure stock availability and minimize carrying costs. Conduct inventory audits and reconcile discrepancies.",Estée Lauder,134609
1 to 10 Years,B.Tech,$55K-$83K,"Tangier, Morocco",Contract,Financial Advisor,Investment Advisor,"Investment Advisors offer financial advice to clients, helping them make investment decisions, manage portfolios, and achieve their financial goals.",Investment strategies Portfolio management Financial planning Risk assessment Regulatory compliance,Provide investment advice and portfolio management services. Assess clients financial goals and risk tolerance. Monitor market trends and recommend investment strategies.,Steel Dynamics,105835
3 to 13 Years,MCA,$58K-$126K,"Tangier, Morocco",Temporary,Financial Advisor,Investment Advisor,"Investment Advisors offer financial advice to clients, helping them make investment decisions, manage portfolios, and achieve their financial goals.",Investment strategies Portfolio management Financial planning Risk assessment Regulatory compliance,Provide investment advice and portfolio management services. Assess clients financial goals and risk tolerance. Monitor market trends and recommend investment strategies.,Comcast,169448
4 to 9 Years,BA,$60K-$112K,"Marrakech, Morocco",Full-Time,Financial Advisor,Investment Advisor,"Investment Advisors offer financial advice to clients, helping them make investment decisions, manage portfolios, and achieve their financial goals.",Investment strategies Portfolio management Financial planning Risk assessment Regulatory compliance,Provide investment advice and portfolio management services. Assess clients financial goals and risk tolerance. Monitor market trends and recommend investment strategies.,Exelon,133279
4 to 9 Years,BBA,$63K-$111K,"Rabat, Morocco",Part-Time,Financial Analyst,Investment Analyst,"Investment Analysts analyze financial data and market trends to make informed investment recommendations. They research and assess investment opportunities, create financial models, and provide insights to guide investment decisions and portfolio management.",Financial analysis Investment evaluation Portfolio management Data analysis,"Analyze financial data, research investment opportunities, and provide recommendations for investment decisions. Monitor financial markets and economic trends. Prepare investment reports and presentations.",Shree Cement,209108
5 to 15 Years,B.Tech,$60K-$119K,"Casablanca, Morocco",Contract,Financial Analyst,Investment Analyst,"Investment Analysts analyze financial data and market trends to make informed investment recommendations. They research and assess investment opportunities, create financial models, and provide insights to guide investment decisions and portfolio management.",Financial analysis Investment evaluation Portfolio management Data analysis,"Analyze financial data, research investment opportunities, and provide recommendations for investment decisions. Monitor financial markets and economic trends. Prepare investment reports and presentations.",Abbott Laboratories,208141
3 to 14 Years,B.Com,$65K-$95K,"Rabat, Morocco",Part-Time,Investment Banker,Investment Portfolio Manager,"An Investment Portfolio Manager manages investment portfolios, making investment decisions, monitoring performance, and optimizing asset allocation for clients or the organization.",Investment analysis Portfolio management Risk assessment,Manage investment portfolios on behalf of clients or organizations. Monitor portfolio performance and adjust investment strategies. Provide regular reports and updates to clients.,Enterprise Products Partners,144826
4 to 8 Years,PhD,$62K-$122K,"Casablanca, Morocco",Temporary,Business Analyst,IT Business Analyst,"IT Business Analysts bridge the gap between business needs and technology solutions. They analyze business processes, gather requirements, and create solutions that align with organizational goals.",Business process analysis Requirement gathering Data analysis Communication skills,"Analyze business processes, gather requirements, and recommend solutions to enhance efficiency and productivity. Create business process models and documentation. Collaborate with IT teams to implement solutions.",Industrial and Commercial Bank of China (ICBC),160070
0 to 11 Years,MBA,$62K-$83K,"Fes, Morocco",Contract,Business Analyst,IT Business Analyst,"IT Business Analysts bridge the gap between business needs and technology solutions. They analyze business processes, gather requirements, and create solutions that align with organizational goals.",Business process analysis Requirement gathering Data analysis Communication skills,"Analyze business processes, gather requirements, and recommend solutions to enhance efficiency and productivity. Create business process models and documentation. Collaborate with IT teams to implement solutions.",Admiral Group,144604
0 to 14 Years,B.Tech,$58K-$82K,"Casablanca, Morocco",Part-Time,Project Manager,IT Project Manager,"IT Project Managers plan, execute, and oversee IT projects. They define project scope, allocate resources, manage budgets, and ensure projects are delivered on time and within scope. They also communicate project status and risks to stakeholders.",Project management Team leadership Risk management Budgeting Communication skills,"Plan and oversee IT projects, manage project teams, and ensure successful project delivery within scope, time, and budget. Define project objectives and requirements. Monitor project progress and risks.",FedEx,163862
0 to 10 Years,MCA,$63K-$99K,"Marrakech, Morocco",Intern,Project Manager,IT Project Manager,"IT Project Managers plan, execute, and oversee IT projects. They define project scope, allocate resources, manage budgets, and ensure projects are delivered on time and within scope. They also communicate project status and risks to stakeholders.",Project management Team leadership Risk management Budgeting Communication skills,"Plan and oversee IT projects, manage project teams, and ensure successful project delivery within scope, time, and budget. Define project objectives and requirements. Monitor project progress and risks.",Commercial Metals,137897
2 to 14 Years,M.Com,$63K-$101K,"Casablanca, Morocco",Intern,Project Manager,IT Project Manager,"IT Project Managers plan, execute, and oversee IT projects. They define project scope, allocate resources, manage budgets, and ensure projects are delivered on time and within scope. They also communicate project status and risks to stakeholders.",Project management Team leadership Risk management Budgeting Communication skills,"Plan and oversee IT projects, manage project teams, and ensure successful project delivery within scope, time, and budget. Define project objectives and requirements. Monitor project progress and risks.",Aflac,167102
2 to 10 Years,PhD,$64K-$83K,"Rabat, Morocco",Temporary,Project Manager,IT Project Manager,"IT Project Managers plan, execute, and oversee IT projects. They define project scope, allocate resources, manage budgets, and ensure projects are delivered on time and within scope. They also communicate project status and risks to stakeholders.",Project management Team leadership Risk management Budgeting Communication skills,"Plan and oversee IT projects, manage project teams, and ensure successful project delivery within scope, time, and budget. Define project objectives and requirements. Monitor project progress and risks.",Kroger,182743
1 to 15 Years,MBA,$57K-$112K,"Tangier, Morocco",Part-Time,Project Manager,IT Project Manager,"IT Project Managers plan, execute, and oversee IT projects. They define project scope, allocate resources, manage budgets, and ensure projects are delivered on time and within scope. They also communicate project status and risks to stakeholders.",Project management Team leadership Risk management Budgeting Communication skills,"Plan and oversee IT projects, manage project teams, and ensure successful project delivery within scope, time, and budget. Define project objectives and requirements. Monitor project progress and risks.",China Merchants Bank,135141
1 to 11 Years,BA,$65K-$88K,"Marrakech, Morocco",Contract,Systems Administrator,IT Support Specialist,"IT Support Specialists provide technical assistance to end-users, troubleshooting hardware and software problems, setting up equipment, and maintaining IT infrastructure.",Technical troubleshooting Hardware and software support Customer service Problem-solving Communication,"Provide technical support to end-users, troubleshoot hardware and software issues, and resolve IT-related problems. Install and configure computer systems and software. Maintain IT documentation and knowledge base.",U.S. Bancorp,109461
3 to 8 Years,MCA,$62K-$118K,"Marrakech, Morocco",Full-Time,Systems Administrator,IT Support Specialist,"IT Support Specialists provide technical assistance to end-users, troubleshooting hardware and software problems, setting up equipment, and maintaining IT infrastructure.",Technical troubleshooting Hardware and software support Customer service Problem-solving Communication,"Provide technical support to end-users, troubleshoot hardware and software issues, and resolve IT-related problems. Install and configure computer systems and software. Maintain IT documentation and knowledge base.",China National Chemical Corporation (ChemChina),157001
2 to 11 Years,B.Com,$63K-$116K,"Tangier, Morocco",Part-Time,Systems Administrator,IT Support Specialist,"IT Support Specialists provide technical assistance to end-users, troubleshooting hardware and software problems, setting up equipment, and maintaining IT infrastructure.",Technical troubleshooting Hardware and software support Customer service Problem-solving Communication,"Provide technical support to end-users, troubleshoot hardware and software issues, and resolve IT-related problems. Install and configure computer systems and software. Maintain IT documentation and knowledge base.",Fresenius Medical Care AG & Co. KGaA,90431
0 to 9 Years,BA,$60K-$125K,"Marrakech, Morocco",Full-Time,Systems Administrator,IT Support Specialist,"IT Support Specialists provide technical assistance to end-users, troubleshooting hardware and software problems, setting up equipment, and maintaining IT infrastructure.",Technical troubleshooting Hardware and software support Customer service Problem-solving Communication,"Provide technical support to end-users, troubleshoot hardware and software issues, and resolve IT-related problems. Install and configure computer systems and software. Maintain IT documentation and knowledge base.",Torrent Pharmaceuticals,106239
2 to 15 Years,B.Tech,$65K-$82K,"Tetouan, Morocco",Contract,Systems Administrator,IT Support Specialist,"IT Support Specialists provide technical assistance to end-users, troubleshooting hardware and software problems, setting up equipment, and maintaining IT infrastructure.",Technical troubleshooting Hardware and software support Customer service Problem-solving Communication,"Provide technical support to end-users, troubleshoot hardware and software issues, and resolve IT-related problems. Install and configure computer systems and software. Maintain IT documentation and knowledge base.",Corning,76398
1 to 13 Years,BBA,$55K-$107K,"Kenitra, Morocco",Contract,IT Support Specialist,IT Systems Administrator,"IT Systems Administrators manage and maintain an organizations IT infrastructure, including servers, networks, and security systems.",Network administration System and server maintenance Cybersecurity knowledge Backup and recovery IT project management skills,"Administer and maintain IT systems, servers, and networks. Implement security measures, backups, and disaster recovery plans. Monitor system performance and resolve issues proactively.",Regeneron Pharmaceuticals,74393
0 to 14 Years,PhD,$56K-$98K,"Marrakech, Morocco",Temporary,Java Developer,Java Backend Developer,"Java Backend Developers specialize in building the server-side components of software applications using Java. They work on database integration, server logic, and performance optimization to ensure efficient and reliable backend functionality.","Backend development RESTful APIs Database integration Java EE (Enterprise Edition) Performance optimization Version control (e.g., Git)",Develop server-side applications and APIs using Java and related technologies. Optimize application performance and scalability. Implement security measures and authentication systems.,Jones Financial (Edward Jones),153666
5 to 10 Years,BA,$58K-$116K,"Casablanca, Morocco",Contract,Java Developer,Java Backend Developer,"Java Backend Developers specialize in building the server-side components of software applications using Java. They work on database integration, server logic, and performance optimization to ensure efficient and reliable backend functionality.","Backend development RESTful APIs Database integration Java EE (Enterprise Edition) Performance optimization Version control (e.g., Git)",Develop server-side applications and APIs using Java and related technologies. Optimize application performance and scalability. Implement security measures and authentication systems.,Huntington Ingalls Industries,167119
3 to 15 Years,B.Tech,$58K-$98K,"Rabat, Morocco",Temporary,Java Developer,Java Backend Developer,"Java Backend Developers specialize in building the server-side components of software applications using Java. They work on database integration, server logic, and performance optimization to ensure efficient and reliable backend functionality.","Backend development RESTful APIs Database integration Java EE (Enterprise Edition) Performance optimization Version control (e.g., Git)",Develop server-side applications and APIs using Java and related technologies. Optimize application performance and scalability. Implement security measures and authentication systems.,Newcrest Mining,129989
0 to 11 Years,BBA,$58K-$102K,"Casablanca, Morocco",Full-Time,Java Developer,Java Software Engineer,"Java Software Engineers develop and maintain software applications using the Java programming language. They write code, debug applications, and collaborate with cross-functional teams to deliver high-quality software solutions.","Java programming Java frameworks (e.g., Spring) Object-oriented design Code debugging Software development Problem-solving skills","Design, code, test, and maintain Java-based software applications. Collaborate with cross-functional teams on software development projects. Debug and resolve software defects and issues.",Western Digital,211532
2 to 12 Years,MCA,$59K-$98K,"Rabat, Morocco",Temporary,Java Developer,Java Web Application Developer,"Java Web Application Developers create web applications using Java technologies. They develop user interfaces, integrate backend systems, and ensure the functionality and security of web applications to provide a seamless user experience.","Web application development Java web frameworks (e.g., Servlets, JSP) Frontend integration User authentication Security protocols Code documentation","Focus on developing Java-based web applications, including frontend and backend components. Create user interfaces and integrate with databases. Ensure web application security and performance.",Commonwealth Bank of Australia,167659
3 to 13 Years,BA,$56K-$109K,"Oujda, Morocco",Intern,Java Developer,Java Web Application Developer,"Java Web Application Developers create web applications using Java technologies. They develop user interfaces, integrate backend systems, and ensure the functionality and security of web applications to provide a seamless user experience.","Web application development Java web frameworks (e.g., Servlets, JSP) Frontend integration User authentication Security protocols Code documentation","Focus on developing Java-based web applications, including frontend and backend components. Create user interfaces and integrate with databases. Ensure web application security and performance.",Dell Technologies,138880
0 to 12 Years,MBA,$65K-$99K,"Rabat, Morocco",Part-Time,Java Developer,Java Web Application Developer,"Java Web Application Developers create web applications using Java technologies. They develop user interfaces, integrate backend systems, and ensure the functionality and security of web applications to provide a seamless user experience.","Web application development Java web frameworks (e.g., Servlets, JSP) Frontend integration User authentication Security protocols Code documentation","Focus on developing Java-based web applications, including frontend and backend components. Create user interfaces and integrate with databases. Ensure web application security and performance.",Bayer AG,188921
4 to 15 Years,MBA,$65K-$87K,"Casablanca, Morocco",Intern,Java Developer,Java Web Application Developer,"Java Web Application Developers create web applications using Java technologies. They develop user interfaces, integrate backend systems, and ensure the functionality and security of web applications to provide a seamless user experience.","Web application development Java web frameworks (e.g., Servlets, JSP) Frontend integration User authentication Security protocols Code documentation","Focus on developing Java-based web applications, including frontend and backend components. Create user interfaces and integrate with databases. Ensure web application security and performance.",Infosys,231506
0 to 13 Years,M.Com,$58K-$125K,"Casablanca, Morocco",Intern,Front-End Engineer,JavaScript Developer,"JavaScript Developers write code to create interactive and dynamic web applications. They use JavaScript libraries and frameworks to build client-side functionality, ensuring smooth user interactions and responsive web design.","JavaScript programming Frontend development Frontend frameworks (e.g., React, Angular) DOM manipulation AJAX Debugging and troubleshooting","Develop interactive web applications using JavaScript frameworks and libraries, such as React or Angular. Debug and resolve frontend issues. Ensure cross-browser compatibility.",Hero MotoCorp,202095
0 to 10 Years,BBA,$61K-$95K,"Casablanca, Morocco",Temporary,Front-End Engineer,JavaScript Developer,"JavaScript Developers write code to create interactive and dynamic web applications. They use JavaScript libraries and frameworks to build client-side functionality, ensuring smooth user interactions and responsive web design.","JavaScript programming Frontend development Frontend frameworks (e.g., React, Angular) DOM manipulation AJAX Debugging and troubleshooting","Develop interactive web applications using JavaScript frameworks and libraries, such as React or Angular. Debug and resolve frontend issues. Ensure cross-browser compatibility.",Sanmina,220773
3 to 14 Years,PhD,$61K-$114K,"Agadir, Morocco",Part-Time,Front-End Engineer,JavaScript Developer,"JavaScript Developers write code to create interactive and dynamic web applications. They use JavaScript libraries and frameworks to build client-side functionality, ensuring smooth user interactions and responsive web design.","JavaScript programming Frontend development Frontend frameworks (e.g., React, Angular) DOM manipulation AJAX Debugging and troubleshooting","Develop interactive web applications using JavaScript frameworks and libraries, such as React or Angular. Debug and resolve frontend issues. Ensure cross-browser compatibility.",Publix Super Markets,99581
2 to 14 Years,B.Com,$57K-$125K,"Casablanca, Morocco",Temporary,Front-End Engineer,JavaScript Developer,"JavaScript Developers write code to create interactive and dynamic web applications. They use JavaScript libraries and frameworks to build client-side functionality, ensuring smooth user interactions and responsive web design.","JavaScript programming Frontend development Frontend frameworks (e.g., React, Angular) DOM manipulation AJAX Debugging and troubleshooting","Develop interactive web applications using JavaScript frameworks and libraries, such as React or Angular. Debug and resolve frontend issues. Ensure cross-browser compatibility.",Eaton Corporation plc,224593
1 to 13 Years,M.Com,$64K-$87K,"Tangier, Morocco",Temporary,Account Executive,Key Account Executive,A Key Account Executive manages strategic accounts for a company. They build strong client relationships and work to expand business opportunities within these key accounts.,Key account management Sales strategy development Negotiation and closing skills Relationship building Industry and market knowledge,"Focus on strategic accounts, serving as the primary point of contact for key clients. Develop account plans and growth strategies. Ensure high levels of client satisfaction and retention.",Tata Steel,147177
4 to 14 Years,B.Com,$55K-$102K,"Rabat, Morocco",Intern,Account Executive,Key Account Executive,A Key Account Executive manages strategic accounts for a company. They build strong client relationships and work to expand business opportunities within these key accounts.,Key account management Sales strategy development Negotiation and closing skills Relationship building Industry and market knowledge,"Focus on strategic accounts, serving as the primary point of contact for key clients. Develop account plans and growth strategies. Ensure high levels of client satisfaction and retention.",UltraTech Cement,114057
1 to 11 Years,PhD,$63K-$100K,"Casablanca, Morocco",Part-Time,Account Executive,Key Account Executive,A Key Account Executive manages strategic accounts for a company. They build strong client relationships and work to expand business opportunities within these key accounts.,Key account management Sales strategy development Negotiation and closing skills Relationship building Industry and market knowledge,"Focus on strategic accounts, serving as the primary point of contact for key clients. Develop account plans and growth strategies. Ensure high levels of client satisfaction and retention.",CHS,135015
3 to 13 Years,BCA,$56K-$82K,"Casablanca, Morocco",Temporary,Account Executive,Key Account Executive,A Key Account Executive manages strategic accounts for a company. They build strong client relationships and work to expand business opportunities within these key accounts.,Key account management Sales strategy development Negotiation and closing skills Relationship building Industry and market knowledge,"Focus on strategic accounts, serving as the primary point of contact for key clients. Develop account plans and growth strategies. Ensure high levels of client satisfaction and retention.",Newmont,186398
5 to 11 Years,BBA,$58K-$126K,"Rabat, Morocco",Part-Time,Account Executive,Key Account Executive,A Key Account Executive manages strategic accounts for a company. They build strong client relationships and work to expand business opportunities within these key accounts.,Key account management Sales strategy development Negotiation and closing skills Relationship building Industry and market knowledge,"Focus on strategic accounts, serving as the primary point of contact for key clients. Develop account plans and growth strategies. Ensure high levels of client satisfaction and retention.",Vonovia SE,112436
2 to 8 Years,M.Tech,$58K-$93K,"Casablanca, Morocco",Part-Time,Sales Manager,Key Account Manager,"Manage key client accounts, build strong relationships, and drive revenue growth.",Key account management Relationship building Sales negotiation,Build and maintain relationships with key clients. Develop account strategies and negotiate contracts. Ensure client satisfaction and retention.,Siemens AG,205645
2 to 11 Years,MCA,$55K-$92K,"Tangier, Morocco",Part-Time,Legal Secretary,Legal Assistant,"A Legal Assistant supports legal professionals by performing administrative and research tasks, organizing legal documents, and assisting with legal proceedings and documentation.",Legal research Document drafting Communication skills Legal software proficiency Attention to detail,"Provide administrative support to legal professionals, including document preparation and filing. Maintain legal files and records. Schedule appointments and manage calendars.",Parker-Hannifin,158321
4 to 14 Years,MCA,$58K-$122K,"Oujda, Morocco",Temporary,Legal Secretary,Legal Assistant,"A Legal Assistant supports legal professionals by performing administrative and research tasks, organizing legal documents, and assisting with legal proceedings and documentation.",Legal research Document drafting Communication skills Legal software proficiency Attention to detail,"Provide administrative support to legal professionals, including document preparation and filing. Maintain legal files and records. Schedule appointments and manage calendars.",Hewlett Packard Enterprise,122237
1 to 10 Years,MCA,$59K-$118K,"Rabat, Morocco",Temporary,Legal Advisor,Legal Counsel,"As a Legal Counsel, your responsibilities include providing legal advice, drafting contracts, and ensuring compliance with laws and regulations. You will represent the company in legal matters, negotiate agreements, and mitigate legal risks. Your role involves staying informed about changes in the law and advising management on legal issues affecting the business.",Legal counsel Legal advice Contract negotiation Legal research Litigation support Client representation Legal writing Regulatory compliance,"Provide legal advice and counsel to individuals, businesses, or organizations on various legal matters. Draft legal documents, contracts, and agreements. Represent clients in negotiations and legal proceedings.",Franklin Resources,153660
4 to 8 Years,BBA,$63K-$124K,"Rabat, Morocco",Full-Time,Legal Advisor,Legal Counsel,"As a Legal Counsel, your responsibilities include providing legal advice, drafting contracts, and ensuring compliance with laws and regulations. You will represent the company in legal matters, negotiate agreements, and mitigate legal risks. Your role involves staying informed about changes in the law and advising management on legal issues affecting the business.",Legal counsel Legal advice Contract negotiation Legal research Litigation support Client representation Legal writing Regulatory compliance,"Provide legal advice and counsel to individuals, businesses, or organizations on various legal matters. Draft legal documents, contracts, and agreements. Represent clients in negotiations and legal proceedings.",Marathon Petroleum,130311
3 to 9 Years,BBA,$62K-$122K,"Fes, Morocco",Contract,Legal Assistant,Legal Secretary,"Provide administrative support to legal professionals, manage schedules, draft documents, and handle correspondence.","Legal administrative tasks Document management Calendar and docketing Transcription File organization Communication with clients and courts Knowledge of legal terminology Attention to detail Multitasking Computer skills (e.g., MS Office)","Provide administrative support to legal professionals, including scheduling appointments and managing calendars. Prepare legal correspondence and forms. Maintain legal databases and records.",Brighthouse Financial,108885
1 to 12 Years,B.Com,$55K-$84K,"Tangier, Morocco",Intern,Electrical Designer,Lighting Designer,"Lighting Designers create lighting plans for architectural and artistic purposes. They enhance spaces with lighting effects, aesthetics, and energy-efficient lighting solutions.",Lighting design Architectural lighting Lighting software proficiency Creative lighting concepts Technical knowledge,"Specialize in lighting design, creating lighting plans for interiors and exteriors. Select lighting fixtures and systems. Enhance visual appeal and energy efficiency through lighting design.",DCP Midstream,122290
3 to 14 Years,M.Com,$56K-$81K,"Agadir, Morocco",Contract,Electrical Designer,Lighting Designer,"Lighting Designers create lighting plans for architectural and artistic purposes. They enhance spaces with lighting effects, aesthetics, and energy-efficient lighting solutions.",Lighting design Architectural lighting Lighting software proficiency Creative lighting concepts Technical knowledge,"Specialize in lighting design, creating lighting plans for interiors and exteriors. Select lighting fixtures and systems. Enhance visual appeal and energy efficiency through lighting design.",Qube Holdings,146589
4 to 11 Years,BCA,$64K-$120K,"Agadir, Morocco",Temporary,Electrical Designer,Lighting Designer,"Lighting Designers create lighting plans for architectural and artistic purposes. They enhance spaces with lighting effects, aesthetics, and energy-efficient lighting solutions.",Lighting design Architectural lighting Lighting software proficiency Creative lighting concepts Technical knowledge,"Specialize in lighting design, creating lighting plans for interiors and exteriors. Select lighting fixtures and systems. Enhance visual appeal and energy efficiency through lighting design.",Equinix,70092
0 to 12 Years,BA,$61K-$102K,"Kenitra, Morocco",Contract,Electrical Designer,Lighting Designer,"Lighting Designers create lighting plans for architectural and artistic purposes. They enhance spaces with lighting effects, aesthetics, and energy-efficient lighting solutions.",Lighting design Architectural lighting Lighting software proficiency Creative lighting concepts Technical knowledge,"Specialize in lighting design, creating lighting plans for interiors and exteriors. Select lighting fixtures and systems. Enhance visual appeal and energy efficiency through lighting design.",Murphy USA,108334
3 to 14 Years,B.Tech,$57K-$114K,"Agadir, Morocco",Part-Time,Legal Assistant,Litigation Support Specialist,"Assist in the preparation of litigation cases, manage electronic discovery, and handle technical aspects of trial preparation.","E-discovery tools and processes Document review and production Litigation support software (e.g., Relativity) Data analysis Case management Communication with legal teams Technical proficiency Attention to detail Problem-solving Legal research skills","Specialize in eDiscovery and managing electronic documents for litigation. Collect, review, and produce electronic evidence. Collaborate with legal teams on case strategies.",Avast,134035
1 to 14 Years,BCA,$58K-$87K,"Marrakech, Morocco",Temporary,Supply Chain Manager,Logistics Manager,"A Logistics Manager oversees the movement and storage of goods in a supply chain. They plan, implement, and manage the efficient transportation and distribution of products.",Supply chain management Inventory control Transportation logistics Vendor relations Team leadership and management,"Manage the transportation and distribution of goods. Optimize supply chain efficiency, reduce costs, and minimize delivery times. Monitor inventory levels and warehouse operations.",Bank of America,159414
1 to 12 Years,MBA,$56K-$121K,"Casablanca, Morocco",Temporary,Supply Chain Manager,Logistics Manager,"A Logistics Manager oversees the movement and storage of goods in a supply chain. They plan, implement, and manage the efficient transportation and distribution of products.",Supply chain management Inventory control Transportation logistics Vendor relations Team leadership and management,"Manage the transportation and distribution of goods. Optimize supply chain efficiency, reduce costs, and minimize delivery times. Monitor inventory levels and warehouse operations.",WPP plc,213109
2 to 15 Years,M.Tech,$62K-$103K,"Rabat, Morocco",Full-Time,Mechanical Engineer,Manufacturing Engineer,"Manufacturing Engineers optimize manufacturing processes, improve production efficiency, and ensure product quality in manufacturing environments.",Manufacturing processes knowledge CAD/CAM software proficiency Lean manufacturing principles Quality control and assurance Six Sigma certification,Improve manufacturing processes and production efficiency. Collaborate with production teams to implement lean manufacturing principles. Optimize manufacturing workflows and quality control.,Lendlease Group,212932
2 to 13 Years,BCA,$58K-$106K,"Casablanca, Morocco",Contract,Mechanical Engineer,Manufacturing Engineer,"Manufacturing Engineers optimize manufacturing processes, improve production efficiency, and ensure product quality in manufacturing environments.",Manufacturing processes knowledge CAD/CAM software proficiency Lean manufacturing principles Quality control and assurance Six Sigma certification,Improve manufacturing processes and production efficiency. Collaborate with production teams to implement lean manufacturing principles. Optimize manufacturing workflows and quality control.,Otis Worldwide,186042
3 to 12 Years,BCA,$63K-$111K,"Rabat, Morocco",Part-Time,Mechanical Engineer,Manufacturing Engineer,"Manufacturing Engineers optimize manufacturing processes, improve production efficiency, and ensure product quality in manufacturing environments.",Manufacturing processes knowledge CAD/CAM software proficiency Lean manufacturing principles Quality control and assurance Six Sigma certification,Improve manufacturing processes and production efficiency. Collaborate with production teams to implement lean manufacturing principles. Optimize manufacturing workflows and quality control.,Biogen,135286
2 to 10 Years,BBA,$60K-$86K,"Oujda, Morocco",Contract,Research Analyst,Market Research Analyst,"A Market Research Analyst gathers and analyzes data to provide insights into market trends, consumer behavior, and competitive landscapes. They help businesses make informed decisions.","Market research methodologies Data collection and analysis Consumer behavior analysis Competitor analysis Survey design and analysis Statistical analysis software (e.g., SPSS, SAS) Data visualization Trend analysis Report writing Communication skills Attention to detail","Conduct market research to gather data on consumer behavior, market trends, and competitive analysis. Analyze research findings and generate actionable insights. Prepare research reports and presentations.",Elevance Health,139646
2 to 8 Years,BBA,$56K-$105K,"Nador, Morocco",Intern,Research Analyst,Market Research Analyst,"A Market Research Analyst gathers and analyzes data to provide insights into market trends, consumer behavior, and competitive landscapes. They help businesses make informed decisions.","Market research methodologies Data collection and analysis Consumer behavior analysis Competitor analysis Survey design and analysis Statistical analysis software (e.g., SPSS, SAS) Data visualization Trend analysis Report writing Communication skills Attention to detail","Conduct market research to gather data on consumer behavior, market trends, and competitive analysis. Analyze research findings and generate actionable insights. Prepare research reports and presentations.",HF Sinclair,140371
1 to 11 Years,PhD,$57K-$124K,"Tangier, Morocco",Contract,Research Analyst,Market Research Analyst,"A Market Research Analyst gathers and analyzes data to provide insights into market trends, consumer behavior, and competitive landscapes. They help businesses make informed decisions.","Market research methodologies Data collection and analysis Consumer behavior analysis Competitor analysis Survey design and analysis Statistical analysis software (e.g., SPSS, SAS) Data visualization Trend analysis Report writing Communication skills Attention to detail","Conduct market research to gather data on consumer behavior, market trends, and competitive analysis. Analyze research findings and generate actionable insights. Prepare research reports and presentations.",Danaher,119404
3 to 9 Years,B.Com,$56K-$102K,"Agadir, Morocco",Full-Time,Research Analyst,Market Research Analyst,"A Market Research Analyst gathers and analyzes data to provide insights into market trends, consumer behavior, and competitive landscapes. They help businesses make informed decisions.","Market research methodologies Data collection and analysis Consumer behavior analysis Competitor analysis Survey design and analysis Statistical analysis software (e.g., SPSS, SAS) Data visualization Trend analysis Report writing Communication skills Attention to detail","Conduct market research to gather data on consumer behavior, market trends, and competitive analysis. Analyze research findings and generate actionable insights. Prepare research reports and presentations.",InterContinental Hotels Group,109078
0 to 12 Years,MBA,$62K-$83K,"Tangier, Morocco",Part-Time,Research Analyst,Market Research Analyst,"A Market Research Analyst gathers and analyzes data to provide insights into market trends, consumer behavior, and competitive landscapes. They help businesses make informed decisions.","Market research methodologies Data collection and analysis Consumer behavior analysis Competitor analysis Survey design and analysis Statistical analysis software (e.g., SPSS, SAS) Data visualization Trend analysis Report writing Communication skills Attention to detail","Conduct market research to gather data on consumer behavior, market trends, and competitive analysis. Analyze research findings and generate actionable insights. Prepare research reports and presentations.",Mohawk Industries,113382
4 to 11 Years,BCA,$57K-$83K,"Fes, Morocco",Full-Time,Research Analyst,Market Research Analyst,"A Market Research Analyst gathers and analyzes data to provide insights into market trends, consumer behavior, and competitive landscapes. They help businesses make informed decisions.","Market research methodologies Data collection and analysis Consumer behavior analysis Competitor analysis Survey design and analysis Statistical analysis software (e.g., SPSS, SAS) Data visualization Trend analysis Report writing Communication skills Attention to detail","Conduct market research to gather data on consumer behavior, market trends, and competitive analysis. Analyze research findings and generate actionable insights. Prepare research reports and presentations.",Auto-Owners Insurance,92472
0 to 14 Years,M.Com,$61K-$103K,"Rabat, Morocco",Contract,Research Analyst,Market Research Analyst,"A Market Research Analyst gathers and analyzes data to provide insights into market trends, consumer behavior, and competitive landscapes. They help businesses make informed decisions.","Market research methodologies Data collection and analysis Consumer behavior analysis Competitor analysis Survey design and analysis Statistical analysis software (e.g., SPSS, SAS) Data visualization Trend analysis Report writing Communication skills Attention to detail","Conduct market research to gather data on consumer behavior, market trends, and competitive analysis. Analyze research findings and generate actionable insights. Prepare research reports and presentations.",Burberry Group,181659
5 to 9 Years,BBA,$58K-$106K,"Rabat, Morocco",Intern,Research Analyst,Market Research Analyst,"A Market Research Analyst gathers and analyzes data to provide insights into market trends, consumer behavior, and competitive landscapes. They help businesses make informed decisions.","Market research methodologies Data collection and analysis Consumer behavior analysis Competitor analysis Survey design and analysis Statistical analysis software (e.g., SPSS, SAS) Data visualization Trend analysis Report writing Communication skills Attention to detail","Conduct market research to gather data on consumer behavior, market trends, and competitive analysis. Analyze research findings and generate actionable insights. Prepare research reports and presentations.",Chipotle Mexican Grill,170032
2 to 14 Years,BA,$62K-$105K,"Tangier, Morocco",Full-Time,Research Analyst,Market Research Analyst,"A Market Research Analyst gathers and analyzes data to provide insights into market trends, consumer behavior, and competitive landscapes. They help businesses make informed decisions.","Market research methodologies Data collection and analysis Consumer behavior analysis Competitor analysis Survey design and analysis Statistical analysis software (e.g., SPSS, SAS) Data visualization Trend analysis Report writing Communication skills Attention to detail","Conduct market research to gather data on consumer behavior, market trends, and competitive analysis. Analyze research findings and generate actionable insights. Prepare research reports and presentations.",Rank Group,188053
3 to 15 Years,PhD,$63K-$130K,"Rabat, Morocco",Part-Time,Market Research Analyst,Market Research Coordinator,"A Market Research Coordinator supports market research initiatives by organizing and managing research projects, data collection, and analysis efforts.",Market research coordination Survey design and administration Data analysis,"Coordinate research projects, including participant recruitment and data collection. Collaborate with research teams and ensure project timelines are met. Maintain research databases and records.",Starbucks,134393
3 to 8 Years,M.Com,$62K-$113K,"Tetouan, Morocco",Intern,Market Research Analyst,Market Researcher,"A Market Researcher gathers and analyzes market data to provide insights on consumer behavior, market trends, and competitor activities, aiding in informed business decisions.",Market research methodologies Data collection and analysis Industry knowledge,"Research market trends, competitors, and consumer behavior. Identify opportunities for product or service improvement. Analyze and interpret qualitative and quantitative data.",United Airlines Holdings,113355
2 to 14 Years,MBA,$65K-$101K,"Casablanca, Morocco",Full-Time,Marketing Specialist,Marketing Analytics Specialist,"Marketing Analytics Specialists analyze marketing data to derive insights and inform marketing strategies. They use tools like Google Analytics and data analysis software to track campaign performance, customer behavior, and market trends.",Marketing analytics Data analysis Data visualization Market research Google Analytics Marketing automation Reporting tools,Analyze marketing data and generate insights to drive decision-making. Use tools like Google Analytics and marketing automation platforms. Report on key performance metrics and ROI.,Cipla,142208
5 to 9 Years,BBA,$65K-$116K,"Tetouan, Morocco",Intern,Mechanical Engineer,Mechanical Design Engineer,"Mechanical Design Engineers create and develop mechanical systems and components, from concept to manufacturing, ensuring functionality and safety.","Mechanical engineering CAD software (e.g., SolidWorks, AutoCAD) Finite element analysis Product development Prototyping","Design mechanical systems, components, and products. Create 3D models and detailed engineering drawings. Perform structural and thermal analyses.",FedEx,145646
1 to 15 Years,MCA,$55K-$128K,"Agadir, Morocco",Part-Time,Mechanical Engineer,Mechanical Design Engineer,"Mechanical Design Engineers create and develop mechanical systems and components, from concept to manufacturing, ensuring functionality and safety.","Mechanical engineering CAD software (e.g., SolidWorks, AutoCAD) Finite element analysis Product development Prototyping","Design mechanical systems, components, and products. Create 3D models and detailed engineering drawings. Perform structural and thermal analyses.",Autoliv,120323
3 to 12 Years,M.Com,$59K-$95K,"Agadir, Morocco",Intern,Mechanical Engineer,Mechanical Design Engineer,"Mechanical Design Engineers create and develop mechanical systems and components, from concept to manufacturing, ensuring functionality and safety.","Mechanical engineering CAD software (e.g., SolidWorks, AutoCAD) Finite element analysis Product development Prototyping","Design mechanical systems, components, and products. Create 3D models and detailed engineering drawings. Perform structural and thermal analyses.",S&P Global,178860
5 to 12 Years,BA,$56K-$108K,"Casablanca, Morocco",Full-Time,Mechanical Engineer,Mechanical Design Engineer,"Mechanical Design Engineers create and develop mechanical systems and components, from concept to manufacturing, ensuring functionality and safety.","Mechanical engineering CAD software (e.g., SolidWorks, AutoCAD) Finite element analysis Product development Prototyping","Design mechanical systems, components, and products. Create 3D models and detailed engineering drawings. Perform structural and thermal analyses.",Seven Group Holdings,182116
1 to 9 Years,MCA,$58K-$127K,"Marrakech, Morocco",Full-Time,Public Relations Specialist,Media Relations Specialist,"Media Relations Specialists manage relationships with media outlets, crafting press releases, organizing media coverage, and handling public relations efforts.",Media relations Press releases Media outreach Crisis communication Public relations strategies,Manage relationships with media outlets and journalists. Draft press releases and media pitches. Coordinate interviews and media coverage.,Mastercard,99628
1 to 9 Years,BCA,$57K-$109K,"Casablanca, Morocco",Temporary,Public Relations Specialist,Media Relations Specialist,"Media Relations Specialists manage relationships with media outlets, crafting press releases, organizing media coverage, and handling public relations efforts.",Media relations Press releases Media outreach Crisis communication Public relations strategies,Manage relationships with media outlets and journalists. Draft press releases and media pitches. Coordinate interviews and media coverage.,Texas Instruments,175422
2 to 15 Years,PhD,$63K-$128K,"Agadir, Morocco",Contract,Family Lawyer,Mediator,Mediators facilitate negotiations and dispute resolution between parties in conflict. They remain neutral and help parties reach mutually acceptable agreements through effective communication and problem-solving techniques.,Mediation Conflict resolution Negotiation Communication skills Neutrality Problem-solving Legal knowledge Mediation techniques,Facilitate mediation and alternative dispute resolution (ADR) processes to help clients reach mutually agreeable resolutions. Maintain neutrality and guide parties toward compromise. Draft mediation agreements.,Kimberly-Clark,75902
0 to 12 Years,MBA,$64K-$115K,"Agadir, Morocco",Temporary,Family Lawyer,Mediator,Mediators facilitate negotiations and dispute resolution between parties in conflict. They remain neutral and help parties reach mutually acceptable agreements through effective communication and problem-solving techniques.,Mediation Conflict resolution Negotiation Communication skills Neutrality Problem-solving Legal knowledge Mediation techniques,Facilitate mediation and alternative dispute resolution (ADR) processes to help clients reach mutually agreeable resolutions. Maintain neutrality and guide parties toward compromise. Draft mediation agreements.,ServiceNow,138592
5 to 13 Years,M.Com,$55K-$89K,"Casablanca, Morocco",Part-Time,Pharmaceutical Sales Representative,Medical Sales Specialist,"Medical Sales Specialists focus on selling medical devices, pharmaceuticals, or healthcare products to healthcare professionals and institutions.",Medical product knowledge Understanding of healthcare regulations Relationship building with healthcare professionals Sales forecasting and planning Medical sales techniques,Focus on medical equipment or devices sales to healthcare facilities and providers. Conduct product demonstrations and training. Understand and comply with industry regulations.,MGM Resorts International,181241
0 to 15 Years,B.Com,$63K-$109K,"Tangier, Morocco",Intern,Pharmaceutical Sales Representative,Medical Sales Specialist,"Medical Sales Specialists focus on selling medical devices, pharmaceuticals, or healthcare products to healthcare professionals and institutions.",Medical product knowledge Understanding of healthcare regulations Relationship building with healthcare professionals Sales forecasting and planning Medical sales techniques,Focus on medical equipment or devices sales to healthcare facilities and providers. Conduct product demonstrations and training. Understand and comply with industry regulations.,KLA,121571
5 to 8 Years,M.Tech,$64K-$105K,"Rabat, Morocco",Intern,Pharmaceutical Sales Representative,Medical Sales Specialist,"Medical Sales Specialists focus on selling medical devices, pharmaceuticals, or healthcare products to healthcare professionals and institutions.",Medical product knowledge Understanding of healthcare regulations Relationship building with healthcare professionals Sales forecasting and planning Medical sales techniques,Focus on medical equipment or devices sales to healthcare facilities and providers. Conduct product demonstrations and training. Understand and comply with industry regulations.,Baxter International,147651
5 to 11 Years,PhD,$60K-$87K,"Casablanca, Morocco",Intern,Social Worker,Mental Health Counselor,"Offer counseling and therapy services to individuals, couples, or groups, helping them address mental health concerns.",Counseling techniques Psychotherapy Mental health assessment Treatment planning Crisis intervention Ethical standards Empathy and active listening Cultural competence Documentation Communication skills Self-care Licensing and certification,Offer mental health counseling and therapy to individuals and groups. Diagnose and treat mental health conditions. Develop treatment plans and monitor progress.,General Motors,189501
2 to 10 Years,BBA,$55K-$118K,"Rabat, Morocco",Contract,Social Worker,Mental Health Counselor,"Offer counseling and therapy services to individuals, couples, or groups, helping them address mental health concerns.",Counseling techniques Psychotherapy Mental health assessment Treatment planning Crisis intervention Ethical standards Empathy and active listening Cultural competence Documentation Communication skills Self-care Licensing and certification,Offer mental health counseling and therapy to individuals and groups. Diagnose and treat mental health conditions. Develop treatment plans and monitor progress.,Danaher,179230
5 to 8 Years,BA,$57K-$107K,"Agadir, Morocco",Contract,Network Engineer,Network Administrator,"Network Administrators manage an organizations computer networks. They configure, monitor, and maintain network infrastructure, ensuring optimal performance and security.","Network management Troubleshooting Network security IT certifications (e.g., CCNA)","Manage and maintain computer networks, troubleshoot network issues, and ensure network availability and performance. Implement network security measures and policies. Monitor network traffic and optimize performance.",Interpublic Group,136185
2 to 15 Years,BCA,$59K-$83K,"Casablanca, Morocco",Part-Time,Network Engineer,Network Administrator,"Network Administrators manage an organizations computer networks. They configure, monitor, and maintain network infrastructure, ensuring optimal performance and security.","Network management Troubleshooting Network security IT certifications (e.g., CCNA)","Manage and maintain computer networks, troubleshoot network issues, and ensure network availability and performance. Implement network security measures and policies. Monitor network traffic and optimize performance.",Tenet Healthcare,222071
4 to 15 Years,M.Tech,$57K-$99K,"Tangier, Morocco",Full-Time,Network Engineer,Network Administrator,"Network Administrators manage an organizations computer networks. They configure, monitor, and maintain network infrastructure, ensuring optimal performance and security.","Network management Troubleshooting Network security IT certifications (e.g., CCNA)","Manage and maintain computer networks, troubleshoot network issues, and ensure network availability and performance. Implement network security measures and policies. Monitor network traffic and optimize performance.",Macy's,121992
3 to 8 Years,BCA,$59K-$128K,"Tetouan, Morocco",Contract,Network Engineer,Network Administrator,"Network Administrators manage an organizations computer networks. They configure, monitor, and maintain network infrastructure, ensuring optimal performance and security.","Network management Troubleshooting Network security IT certifications (e.g., CCNA)","Manage and maintain computer networks, troubleshoot network issues, and ensure network availability and performance. Implement network security measures and policies. Monitor network traffic and optimize performance.",Daimler AG (now known as Mercedes-Benz AG),100685
4 to 13 Years,MCA,$57K-$92K,"Tangier, Morocco",Contract,Network Administrator,Network Security Analyst,"Protect an organizations computer networks and systems from security threats, monitor network traffic, and respond to incidents.",Network security protocols Intrusion detection and prevention Security incident response Firewall administration Vulnerability assessment Security policies and procedures Log analysis Ethical hacking Problem-solving Communication skills Attention to detail,"Manage and secure computer networks, including firewalls and intrusion detection systems. Monitor network traffic for security threats. Implement security policies and procedures.",Bajaj Auto,144364
5 to 14 Years,M.Com,$59K-$130K,"Tangier, Morocco",Part-Time,Network Administrator,Network Security Analyst,"Protect an organizations computer networks and systems from security threats, monitor network traffic, and respond to incidents.",Network security protocols Intrusion detection and prevention Security incident response Firewall administration Vulnerability assessment Security policies and procedures Log analysis Ethical hacking Problem-solving Communication skills Attention to detail,"Manage and secure computer networks, including firewalls and intrusion detection systems. Monitor network traffic for security threats. Implement security policies and procedures.",Commercial Metals,152019
4 to 13 Years,BA,$65K-$104K,"Kenitra, Morocco",Temporary,Network Administrator,Network Security Analyst,"Protect an organizations computer networks and systems from security threats, monitor network traffic, and respond to incidents.",Network security protocols Intrusion detection and prevention Security incident response Firewall administration Vulnerability assessment Security policies and procedures Log analysis Ethical hacking Problem-solving Communication skills Attention to detail,"Manage and secure computer networks, including firewalls and intrusion detection systems. Monitor network traffic for security threats. Implement security policies and procedures.",Nucor,121252
1 to 14 Years,BBA,$63K-$104K,"Marrakech, Morocco",Full-Time,Network Administrator,Network Security Analyst,"Protect an organizations computer networks and systems from security threats, monitor network traffic, and respond to incidents.",Network security protocols Intrusion detection and prevention Security incident response Firewall administration Vulnerability assessment Security policies and procedures Log analysis Ethical hacking Problem-solving Communication skills Attention to detail,"Manage and secure computer networks, including firewalls and intrusion detection systems. Monitor network traffic for security threats. Implement security policies and procedures.",Adobe,86989
1 to 8 Years,PhD,$61K-$82K,"Casablanca, Morocco",Full-Time,Network Administrator,Network Security Analyst,"Protect an organizations computer networks and systems from security threats, monitor network traffic, and respond to incidents.",Network security protocols Intrusion detection and prevention Security incident response Firewall administration Vulnerability assessment Security policies and procedures Log analysis Ethical hacking Problem-solving Communication skills Attention to detail,"Manage and secure computer networks, including firewalls and intrusion detection systems. Monitor network traffic for security threats. Implement security policies and procedures.",AES,190261
4 to 11 Years,M.Tech,$63K-$89K,"Casablanca, Morocco",Intern,Network Technician,Network Security Specialist,"Network Security Specialists focus on network security. They implement security measures, monitor for threats, and respond to security incidents to protect network integrity.",Network security Cybersecurity Intrusion detection Security analysis Firewall management,"Focus on network security, implementing measures to protect against cyber threats. Monitor network traffic for anomalies and security breaches. Conduct security audits and recommend improvements.",Evonik Industries AG,172897
1 to 12 Years,BA,$60K-$119K,"Tangier, Morocco",Contract,Network Technician,Network Security Specialist,"Network Security Specialists focus on network security. They implement security measures, monitor for threats, and respond to security incidents to protect network integrity.",Network security Cybersecurity Intrusion detection Security analysis Firewall management,"Focus on network security, implementing measures to protect against cyber threats. Monitor network traffic for anomalies and security breaches. Conduct security audits and recommend improvements.",Arthur J. Gallagher,96267
1 to 8 Years,B.Com,$65K-$97K,"Kenitra, Morocco",Contract,Network Technician,Network Support Specialist,"Network Support Specialists provide technical support for computer networks. They troubleshoot issues, maintain network infrastructure, and ensure reliable network performance.",Network troubleshooting IT support Network configuration Technical knowledge Problem-solving,"Provide technical support for network issues, resolving connectivity and configuration problems. Collaborate with end-users to troubleshoot network-related challenges. Document network configurations and issues.",ODP,93214
1 to 11 Years,M.Com,$63K-$121K,"Tangier, Morocco",Full-Time,Database Developer,NoSQL Database Engineer,"NoSQL Database Engineers work with non-relational databases to store and manage large volumes of unstructured or semi-structured data. They design data models, optimize database performance, and ensure scalability and data consistency.","NoSQL databases (e.g., MongoDB, Cassandra) Data modeling Data migration Performance tuning Scalability Distributed systems",Work with NoSQL databases like MongoDB or Cassandra to store and retrieve data efficiently. Design data models for NoSQL databases. Ensure data availability and scalability.,Anglo American plc,144555
3 to 12 Years,PhD,$62K-$88K,"Rabat, Morocco",Contract,Database Developer,NoSQL Database Engineer,"NoSQL Database Engineers work with non-relational databases to store and manage large volumes of unstructured or semi-structured data. They design data models, optimize database performance, and ensure scalability and data consistency.","NoSQL databases (e.g., MongoDB, Cassandra) Data modeling Data migration Performance tuning Scalability Distributed systems",Work with NoSQL databases like MongoDB or Cassandra to store and retrieve data efficiently. Design data models for NoSQL databases. Ensure data availability and scalability.,Chesapeake Energy,159333
2 to 9 Years,MCA,$63K-$93K,"Casablanca, Morocco",Part-Time,Nurse Manager,Nurse Educator,"Nurse Educators are responsible for teaching and mentoring nursing students and healthcare professionals. They develop and deliver educational programs, assess learning outcomes, and ensure the competence of nursing staff.",Nursing education Curriculum development Clinical instruction Assessment and evaluation Educational technology Communication skills,"Educate and train nursing staff on best practices, new procedures, and medical technologies. Develop and deliver nursing education programs and curricula. Assess and evaluate nursing competencies.",China Merchants Bank,223229
4 to 8 Years,BA,$55K-$82K,"Agadir, Morocco",Temporary,Nurse Manager,Nursing Director,"Nursing Directors oversee nursing departments in healthcare facilities. They manage nursing staff, develop policies and procedures, and ensure the delivery of high-quality patient care while adhering to regulatory standards.",Nursing management Patient care coordination Staff supervision Compliance with healthcare regulations Quality improvement Leadership skills,Oversee nursing staff and operations in healthcare settings. Develop nursing policies and procedures. Ensure compliance with healthcare regulations.,IBM (International Business Machines Corporation),105384
3 to 11 Years,BCA,$60K-$118K,"Casablanca, Morocco",Contract,Nurse Manager,Nursing Director,"Nursing Directors oversee nursing departments in healthcare facilities. They manage nursing staff, develop policies and procedures, and ensure the delivery of high-quality patient care while adhering to regulatory standards.",Nursing management Patient care coordination Staff supervision Compliance with healthcare regulations Quality improvement Leadership skills,Oversee nursing staff and operations in healthcare settings. Develop nursing policies and procedures. Ensure compliance with healthcare regulations.,Best Buy,175512
2 to 12 Years,M.Com,$56K-$86K,"Marrakech, Morocco",Part-Time,Nurse Manager,Nursing Director,"Nursing Directors oversee nursing departments in healthcare facilities. They manage nursing staff, develop policies and procedures, and ensure the delivery of high-quality patient care while adhering to regulatory standards.",Nursing management Patient care coordination Staff supervision Compliance with healthcare regulations Quality improvement Leadership skills,Oversee nursing staff and operations in healthcare settings. Develop nursing policies and procedures. Ensure compliance with healthcare regulations.,Deutsche Telekom AG,124972
1 to 12 Years,PhD,$62K-$116K,"Tetouan, Morocco",Full-Time,Nurse Manager,Nursing Director,"Nursing Directors oversee nursing departments in healthcare facilities. They manage nursing staff, develop policies and procedures, and ensure the delivery of high-quality patient care while adhering to regulatory standards.",Nursing management Patient care coordination Staff supervision Compliance with healthcare regulations Quality improvement Leadership skills,Oversee nursing staff and operations in healthcare settings. Develop nursing policies and procedures. Ensure compliance with healthcare regulations.,Fresenius Medical Care AG & Co. KGaA,124259
2 to 8 Years,M.Com,$59K-$112K,"Agadir, Morocco",Contract,Office Manager,Office Coordinator,"Office Coordinators provide administrative support within an office. They assist with tasks like scheduling, record-keeping, and communication to ensure efficient office operations.",Office administration Calendar management Reception duties Communication skills Record keeping Office supplies management,Coordinate office activities and workflow. Assist with document management and filing. Manage office supplies and vendor relationships.,Eastman Chemical,151931
3 to 9 Years,M.Tech,$65K-$108K,"Casablanca, Morocco",Temporary,Office Manager,Office Coordinator,"Office Coordinators provide administrative support within an office. They assist with tasks like scheduling, record-keeping, and communication to ensure efficient office operations.",Office administration Calendar management Reception duties Communication skills Record keeping Office supplies management,Coordinate office activities and workflow. Assist with document management and filing. Manage office supplies and vendor relationships.,Jones Financial (Edward Jones),208005
1 to 13 Years,M.Tech,$64K-$105K,"Marrakech, Morocco",Full-Time,Executive Assistant,Office Manager,"Office Managers oversee daily office operations, including supervising staff, managing facilities, and ensuring efficient workflow. They may also handle budgeting, resource allocation, and office policies.",Office administration and management Budgeting and expense tracking Team coordination and supervision Facility management Vendor and supplier relations,"Oversee office operations, including facilities management and vendor relations. Manage office budgets and expenses. Coordinate office events and logistics.",Baker Hughes,109263
1 to 13 Years,B.Tech,$58K-$109K,"Agadir, Morocco",Full-Time,Executive Assistant,Office Manager,"Office Managers oversee daily office operations, including supervising staff, managing facilities, and ensuring efficient workflow. They may also handle budgeting, resource allocation, and office policies.",Office administration and management Budgeting and expense tracking Team coordination and supervision Facility management Vendor and supplier relations,"Oversee office operations, including facilities management and vendor relations. Manage office budgets and expenses. Coordinate office events and logistics.",Next plc,112836
3 to 15 Years,M.Tech,$56K-$102K,"Fes, Morocco",Full-Time,Executive Assistant,Office Manager,"Office Managers oversee daily office operations, including supervising staff, managing facilities, and ensuring efficient workflow. They may also handle budgeting, resource allocation, and office policies.",Office administration and management Budgeting and expense tracking Team coordination and supervision Facility management Vendor and supplier relations,"Oversee office operations, including facilities management and vendor relations. Manage office budgets and expenses. Coordinate office events and logistics.",Illinois Tool Works,119107
1 to 9 Years,MBA,$63K-$81K,"Casablanca, Morocco",Part-Time,Executive Assistant,Office Manager,"Office Managers oversee daily office operations, including supervising staff, managing facilities, and ensuring efficient workflow. They may also handle budgeting, resource allocation, and office policies.",Office administration and management Budgeting and expense tracking Team coordination and supervision Facility management Vendor and supplier relations,"Oversee office operations, including facilities management and vendor relations. Manage office budgets and expenses. Coordinate office events and logistics.",Origin Energy,144919
0 to 9 Years,M.Tech,$55K-$93K,"Tangier, Morocco",Temporary,Executive Assistant,Office Manager,"Office Managers oversee daily office operations, including supervising staff, managing facilities, and ensuring efficient workflow. They may also handle budgeting, resource allocation, and office policies.",Office administration and management Budgeting and expense tracking Team coordination and supervision Facility management Vendor and supplier relations,"Oversee office operations, including facilities management and vendor relations. Manage office budgets and expenses. Coordinate office events and logistics.",Unilever,138188
3 to 15 Years,BA,$58K-$93K,"Rabat, Morocco",Contract,Executive Assistant,Office Manager,"Office Managers oversee daily office operations, including supervising staff, managing facilities, and ensuring efficient workflow. They may also handle budgeting, resource allocation, and office policies.",Office administration and management Budgeting and expense tracking Team coordination and supervision Facility management Vendor and supplier relations,"Oversee office operations, including facilities management and vendor relations. Manage office budgets and expenses. Coordinate office events and logistics.",Origin Energy,142633
5 to 9 Years,MBA,$61K-$126K,"Tangier, Morocco",Full-Time,Executive Assistant,Office Manager,"Office Managers oversee daily office operations, including supervising staff, managing facilities, and ensuring efficient workflow. They may also handle budgeting, resource allocation, and office policies.",Office administration and management Budgeting and expense tracking Team coordination and supervision Facility management Vendor and supplier relations,"Oversee office operations, including facilities management and vendor relations. Manage office budgets and expenses. Coordinate office events and logistics.",Whirlpool,92993
4 to 8 Years,M.Tech,$55K-$106K,"Rabat, Morocco",Temporary,Executive Assistant,Office Manager,"Office Managers oversee daily office operations, including supervising staff, managing facilities, and ensuring efficient workflow. They may also handle budgeting, resource allocation, and office policies.",Office administration and management Budgeting and expense tracking Team coordination and supervision Facility management Vendor and supplier relations,"Oversee office operations, including facilities management and vendor relations. Manage office budgets and expenses. Coordinate office events and logistics.",ABM Industries,125327
1 to 14 Years,MBA,$60K-$123K,"Nador, Morocco",Full-Time,Executive Assistant,Office Manager,"Office Managers oversee daily office operations, including supervising staff, managing facilities, and ensuring efficient workflow. They may also handle budgeting, resource allocation, and office policies.",Office administration and management Budgeting and expense tracking Team coordination and supervision Facility management Vendor and supplier relations,"Oversee office operations, including facilities management and vendor relations. Manage office budgets and expenses. Coordinate office events and logistics.",Rolls-Royce Holdings,101463
2 to 12 Years,B.Tech,$63K-$124K,"Tangier, Morocco",Contract,Executive Assistant,Office Manager,"Office Managers oversee daily office operations, including supervising staff, managing facilities, and ensuring efficient workflow. They may also handle budgeting, resource allocation, and office policies.",Office administration and management Budgeting and expense tracking Team coordination and supervision Facility management Vendor and supplier relations,"Oversee office operations, including facilities management and vendor relations. Manage office budgets and expenses. Coordinate office events and logistics.",Activision Blizzard,89645
3 to 11 Years,BBA,$57K-$116K,"Casablanca, Morocco",Full-Time,Executive Assistant,Office Manager,"Office Managers oversee daily office operations, including supervising staff, managing facilities, and ensuring efficient workflow. They may also handle budgeting, resource allocation, and office policies.",Office administration and management Budgeting and expense tracking Team coordination and supervision Facility management Vendor and supplier relations,"Oversee office operations, including facilities management and vendor relations. Manage office budgets and expenses. Coordinate office events and logistics.",Woolworths Group,171808
2 to 13 Years,PhD,$55K-$84K,"Casablanca, Morocco",Temporary,Operations Manager,Operations Director,"Operations Directors oversee the daily operations of an organization. They develop and implement operational strategies, manage teams, and work to optimize processes to achieve business goals and efficiency.",Operations management Strategic planning and execution Budgeting and financial analysis Leadership and team management Process improvement and optimization,Oversee and manage daily operations to ensure efficiency and productivity. Develop and implement operational strategies and goals. Lead and mentor a team of operations staff.,AT&T,169257
3 to 9 Years,M.Tech,$61K-$92K,"Casablanca, Morocco",Part-Time,Physical Therapist,Orthopedic Physical Therapist,"Provide physical therapy services to patients with orthopedic conditions, rehabilitate injuries, and improve mobility.",Orthopedic assessment and treatment Rehabilitation exercises Patient education,Specialize in treating musculoskeletal injuries and conditions. Conduct evaluations and develop personalized treatment plans. Provide manual therapy and exercise programs.,EasyJet,144230
2 to 10 Years,BBA,$56K-$108K,"Agadir, Morocco",Intern,Physical Therapist,Orthopedic Physical Therapist,"Provide physical therapy services to patients with orthopedic conditions, rehabilitate injuries, and improve mobility.",Orthopedic assessment and treatment Rehabilitation exercises Patient education,Specialize in treating musculoskeletal injuries and conditions. Conduct evaluations and develop personalized treatment plans. Provide manual therapy and exercise programs.,Jackson Financial,98020
0 to 14 Years,B.Com,$58K-$118K,"Rabat, Morocco",Part-Time,Physical Therapist,Orthopedic Physical Therapist,"Provide physical therapy services to patients with orthopedic conditions, rehabilitate injuries, and improve mobility.",Orthopedic assessment and treatment Rehabilitation exercises Patient education,Specialize in treating musculoskeletal injuries and conditions. Conduct evaluations and develop personalized treatment plans. Provide manual therapy and exercise programs.,Diamondback Energy,153002
5 to 12 Years,MCA,$65K-$119K,"Rabat, Morocco",Full-Time,Physical Therapist,Orthopedic Physical Therapist,"Provide physical therapy services to patients with orthopedic conditions, rehabilitate injuries, and improve mobility.",Orthopedic assessment and treatment Rehabilitation exercises Patient education,Specialize in treating musculoskeletal injuries and conditions. Conduct evaluations and develop personalized treatment plans. Provide manual therapy and exercise programs.,Boeing,172185
2 to 8 Years,PhD,$64K-$82K,"Nador, Morocco",Temporary,Sales Representative,Outside Sales Representative,"Outside Sales Representatives meet with potential customers in person to sell products or services. They build relationships, identify sales opportunities, and provide product information and solutions to meet the needs of clients and achieve sales goals.",Sales prospecting and networking Face-to-face sales meetings Territory management Consultative selling Relationship building Sales tracking and reporting,"Meet potential clients in person, attend industry events, and build and maintain relationships to drive sales. Conduct product demonstrations and presentations. Negotiate contracts and pricing.",Leidos Holdings,117455
3 to 8 Years,BBA,$56K-$124K,"Nador, Morocco",Intern,Sales Representative,Outside Sales Representative,"Outside Sales Representatives meet with potential customers in person to sell products or services. They build relationships, identify sales opportunities, and provide product information and solutions to meet the needs of clients and achieve sales goals.",Sales prospecting and networking Face-to-face sales meetings Territory management Consultative selling Relationship building Sales tracking and reporting,"Meet potential clients in person, attend industry events, and build and maintain relationships to drive sales. Conduct product demonstrations and presentations. Negotiate contracts and pricing.",British American Tobacco,95490
1 to 10 Years,BCA,$64K-$83K,"Casablanca, Morocco",Contract,Legal Assistant,Paralegal,"Assist lawyers with legal research, document preparation, and case management in law firms or legal departments.","Legal research Document drafting Case management E-filing Legal databases (e.g., LexisNexis) Client communication Deposition preparation Trial support Ethics and confidentiality Attention to detail Communication skills Legal software proficiency","Assist lawyers in legal research, document preparation, and case management. Draft legal documents and pleadings. Organize and maintain case files.",Crown Holdings,121976
3 to 11 Years,PhD,$63K-$119K,"Fes, Morocco",Intern,Legal Assistant,Paralegal,"Assist lawyers with legal research, document preparation, and case management in law firms or legal departments.","Legal research Document drafting Case management E-filing Legal databases (e.g., LexisNexis) Client communication Deposition preparation Trial support Ethics and confidentiality Attention to detail Communication skills Legal software proficiency","Assist lawyers in legal research, document preparation, and case management. Draft legal documents and pleadings. Organize and maintain case files.",Godrej Consumer Products Limited,80110
4 to 12 Years,B.Tech,$61K-$125K,"Rabat, Morocco",Intern,Occupational Therapist,Pediatric Occupational Therapist,A Pediatric Occupational Therapist helps children with developmental or physical challenges improve their motor and life skills through therapy interventions.,Pediatric assessment and evaluation Occupational therapy techniques for children Developmental milestones Sensory integration therapy Pediatric psychology Family-centered care Individualized treatment plans Communication skills Pediatric healthcare knowledge,Provide occupational therapy services to children with developmental or sensory challenges. Develop individualized therapy plans. Collaborate with parents and caregivers.,Huntsman,146138
3 to 8 Years,MCA,$60K-$90K,"Casablanca, Morocco",Full-Time,Occupational Therapist,Pediatric Occupational Therapist,A Pediatric Occupational Therapist helps children with developmental or physical challenges improve their motor and life skills through therapy interventions.,Pediatric assessment and evaluation Occupational therapy techniques for children Developmental milestones Sensory integration therapy Pediatric psychology Family-centered care Individualized treatment plans Communication skills Pediatric healthcare knowledge,Provide occupational therapy services to children with developmental or sensory challenges. Develop individualized therapy plans. Collaborate with parents and caregivers.,Escorts Limited,193865
1 to 12 Years,MCA,$58K-$97K,"Rabat, Morocco",Contract,Pediatrician,Pediatric Specialist,"Pediatric Specialists are doctors with expertise in specific pediatric subspecialties like cardiology, oncology, or gastroenterology. They provide specialized care and treatment for children with complex or rare medical conditions.","Pediatric specialization Advanced pediatric care Pediatric subspecialty (e.g., pediatric cardiology, pediatric oncology) Pediatric diagnostics Pediatric treatment","Specialize in a specific area of pediatric medicine, such as cardiology or neurology. Diagnose and treat complex medical conditions in children. Collaborate with other specialists for comprehensive care.",Tractor Supply Company,178344
3 to 10 Years,M.Com,$65K-$108K,"Tangier, Morocco",Full-Time,Pediatrician,Pediatric Surgeon,"Pediatric Surgeons specialize in performing surgical procedures on children, including infants and adolescents. They diagnose surgical conditions, perform surgeries, and collaborate with other healthcare professionals to ensure the best outcomes.",Pediatric surgery Surgical procedures for children Operating room protocols Patient care Surgical techniques Pediatric anesthesia,"Perform surgical procedures on pediatric patients, including congenital abnormalities and injuries. Coordinate pre-operative and post-operative care. Ensure the well-being and recovery of young patients.",Australia and New Zealand Banking Group (ANZ),94085
2 to 9 Years,M.Com,$56K-$80K,"Tangier, Morocco",Temporary,Software Tester,Performance Tester,A Performance Tester assesses the performance and scalability of software applications. They conduct load and stress testing to identify bottlenecks and optimize performance.,"Performance testing methodologies Load testing tools (e.g., JMeter) Test script development Performance profiling and analysis Bottleneck identification",Evaluate software performance and scalability through load and stress testing. Identify performance bottlenecks and optimize system performance. Generate performance reports and recommendations.,Landstar System,136091
5 to 9 Years,B.Tech,$59K-$118K,"Tangier, Morocco",Full-Time,QA Analyst,Performance Testing Specialist,"Performance Testing Specialists assess the performance of software applications by conducting load, stress, and scalability tests. They identify bottlenecks, optimize performance, and ensure software can handle user demands effectively.",Performance testing Load testing Stress testing Test scenarios Performance monitoring Benchmarking Performance analysis,Focus on performance and load testing to assess the scalability and responsiveness of software applications. Identify bottlenecks and optimize application performance. Generate performance test reports and recommendations.,KLA,151513
5 to 15 Years,MCA,$64K-$111K,"Tetouan, Morocco",Intern,Dental Hygienist,Periodontal Therapist,A Periodontal Therapist specializes in treating gum diseases and conditions. They perform procedures such as scaling and root planing to improve oral health and prevent tooth loss.,Periodontal therapy procedures Patient care and communication Dental instrumentation Periodontal disease management Oral health education,Specialize in the treatment of gum diseases and periodontal conditions. Perform deep cleanings and scaling procedures. Monitor and assess periodontal health.,Warner Bros. Discovery,65703
5 to 15 Years,BBA,$58K-$91K,"Tangier, Morocco",Part-Time,Executive Assistant,Personal Assistant,"A Personal Assistant provides administrative support to individuals or executives. Their duties include managing schedules, arranging meetings, handling correspondence, and performing various tasks to enhance efficiency.",Organizational and time management skills Calendar and appointment management Communication and correspondence Travel coordination Discretion and confidentiality,"Provide high-level administrative support to executives, including calendar management and travel arrangements. Prepare reports, presentations, and correspondence. Act as a gatekeeper and handle confidential information.",Entergy,109587
5 to 9 Years,PhD,$60K-$95K,"Rabat, Morocco",Full-Time,Executive Assistant,Personal Assistant,"A Personal Assistant provides administrative support to individuals or executives. Their duties include managing schedules, arranging meetings, handling correspondence, and performing various tasks to enhance efficiency.",Organizational and time management skills Calendar and appointment management Communication and correspondence Travel coordination Discretion and confidentiality,"Provide high-level administrative support to executives, including calendar management and travel arrangements. Prepare reports, presentations, and correspondence. Act as a gatekeeper and handle confidential information.",Airbnb,155164
3 to 9 Years,M.Com,$56K-$89K,"Oujda, Morocco",Full-Time,Executive Assistant,Personal Assistant,"A Personal Assistant provides administrative support to individuals or executives. Their duties include managing schedules, arranging meetings, handling correspondence, and performing various tasks to enhance efficiency.",Organizational and time management skills Calendar and appointment management Communication and correspondence Travel coordination Discretion and confidentiality,"Provide high-level administrative support to executives, including calendar management and travel arrangements. Prepare reports, presentations, and correspondence. Act as a gatekeeper and handle confidential information.",Hilton Worldwide Holdings,88838
4 to 15 Years,B.Tech,$60K-$89K,"Casablanca, Morocco",Part-Time,Executive Assistant,Personal Assistant,"A Personal Assistant provides administrative support to individuals or executives. Their duties include managing schedules, arranging meetings, handling correspondence, and performing various tasks to enhance efficiency.",Organizational and time management skills Calendar and appointment management Communication and correspondence Travel coordination Discretion and confidentiality,"Provide high-level administrative support to executives, including calendar management and travel arrangements. Prepare reports, presentations, and correspondence. Act as a gatekeeper and handle confidential information.",Burlington Stores,147065
5 to 15 Years,BBA,$59K-$119K,"Rabat, Morocco",Intern,Executive Assistant,Personal Assistant,"A Personal Assistant provides administrative support to individuals or executives. Their duties include managing schedules, arranging meetings, handling correspondence, and performing various tasks to enhance efficiency.",Organizational and time management skills Calendar and appointment management Communication and correspondence Travel coordination Discretion and confidentiality,"Provide high-level administrative support to executives, including calendar management and travel arrangements. Prepare reports, presentations, and correspondence. Act as a gatekeeper and handle confidential information.",Owens & Minor,153819
0 to 13 Years,BBA,$57K-$115K,"Rabat, Morocco",Contract,Executive Assistant,Personal Assistant,"A Personal Assistant provides administrative support to individuals or executives. Their duties include managing schedules, arranging meetings, handling correspondence, and performing various tasks to enhance efficiency.",Organizational and time management skills Calendar and appointment management Communication and correspondence Travel coordination Discretion and confidentiality,"Provide high-level administrative support to executives, including calendar management and travel arrangements. Prepare reports, presentations, and correspondence. Act as a gatekeeper and handle confidential information.",Goldman Sachs Group,98231
1 to 13 Years,PhD,$65K-$107K,"Casablanca, Morocco",Temporary,Personal Assistant,Personal Secretary,"Personal Secretaries provide administrative support to individuals or executives. They manage schedules, handle correspondence, and assist with various tasks to ensure efficiency.",Administrative support Calendar management Communication skills Time management Organizational skills Confidentiality,"Act as a personal secretary, managing personal appointments and tasks. Handle correspondence and communication on behalf of the employer. Organize personal schedules and commitments.",The Coca-Cola Company,128191
4 to 12 Years,B.Tech,$63K-$82K,"Kenitra, Morocco",Full-Time,Personal Assistant,Personal Secretary,"Personal Secretaries provide administrative support to individuals or executives. They manage schedules, handle correspondence, and assist with various tasks to ensure efficiency.",Administrative support Calendar management Communication skills Time management Organizational skills Confidentiality,"Act as a personal secretary, managing personal appointments and tasks. Handle correspondence and communication on behalf of the employer. Organize personal schedules and commitments.",Xcel Energy,75604
4 to 15 Years,BA,$58K-$125K,"Tangier, Morocco",Part-Time,Personal Assistant,Personal Secretary,"Personal Secretaries provide administrative support to individuals or executives. They manage schedules, handle correspondence, and assist with various tasks to ensure efficiency.",Administrative support Calendar management Communication skills Time management Organizational skills Confidentiality,"Act as a personal secretary, managing personal appointments and tasks. Handle correspondence and communication on behalf of the employer. Organize personal schedules and commitments.",LKQ,108050
5 to 13 Years,B.Tech,$60K-$105K,"Tangier, Morocco",Full-Time,Personal Assistant,Personal Secretary,"Personal Secretaries provide administrative support to individuals or executives. They manage schedules, handle correspondence, and assist with various tasks to ensure efficiency.",Administrative support Calendar management Communication skills Time management Organizational skills Confidentiality,"Act as a personal secretary, managing personal appointments and tasks. Handle correspondence and communication on behalf of the employer. Organize personal schedules and commitments.",Home Depot,141644
0 to 13 Years,PhD,$55K-$96K,"Rabat, Morocco",Part-Time,Tax Consultant,Personal Tax Consultant,A Personal Tax Consultant provides tax planning and preparation services to individuals. They help clients optimize their tax situations while ensuring compliance with tax laws.,Tax law knowledge Individual tax planning Tax return preparation Tax deductions and credits Tax compliance IRS regulations Client relationship management Communication skills Attention to detail Tax software proficiency,Assist individuals and families with personal income tax planning and compliance. Prepare and file tax returns. Provide tax advice and financial planning.,Reliance Industries Limited,154908
1 to 15 Years,B.Com,$56K-$112K,"Agadir, Morocco",Full-Time,Investment Analyst,Portfolio Manager,"A Portfolio Manager oversees investment portfolios, making decisions to maximize returns and minimize risks. They analyze financial markets and adjust asset allocations accordingly.",Investment management Financial analysis Risk assessment Asset allocation Portfolio optimization,"Manage investment portfolios, making investment decisions and asset allocation. Conduct research and analysis to identify investment opportunities. Monitor portfolio performance and risk.",Molina Healthcare,151281
1 to 12 Years,M.Com,$59K-$107K,"Tangier, Morocco",Full-Time,Investment Analyst,Portfolio Manager,"A Portfolio Manager oversees investment portfolios, making decisions to maximize returns and minimize risks. They analyze financial markets and adjust asset allocations accordingly.",Investment management Financial analysis Risk assessment Asset allocation Portfolio optimization,"Manage investment portfolios, making investment decisions and asset allocation. Conduct research and analysis to identify investment opportunities. Monitor portfolio performance and risk.",Auto Trader Group,185022
3 to 14 Years,M.Com,$57K-$113K,"Rabat, Morocco",Temporary,Nurse Practitioner,Primary Care Nurse Practitioner,"Primary Care Nurse Practitioners provide essential healthcare services, diagnosing and treating common medical conditions, and offering preventive care to patients.",Nursing care Patient assessment Health promotion Medication administration Electronic health records (EHR),"Provide comprehensive primary healthcare services, including assessments, diagnoses, and treatments. Educate patients on health management and prevention. Prescribe medications and develop care plans.",Northrop Grumman,169509
1 to 13 Years,BA,$57K-$106K,"Casablanca, Morocco",Part-Time,Nurse Practitioner,Primary Care Nurse Practitioner,"Primary Care Nurse Practitioners provide essential healthcare services, diagnosing and treating common medical conditions, and offering preventive care to patients.",Nursing care Patient assessment Health promotion Medication administration Electronic health records (EHR),"Provide comprehensive primary healthcare services, including assessments, diagnoses, and treatments. Educate patients on health management and prevention. Prescribe medications and develop care plans.",Tata Steel,136190
1 to 15 Years,M.Tech,$62K-$81K,"Kenitra, Morocco",Intern,Physician Assistant,Primary Care Physician Assistant,"Provide medical care under the supervision of physicians, conduct examinations, diagnose and treat patients.",Medical knowledge and clinical skills Patient care and assessment Communication and empathy,"Provide primary healthcare services, including diagnosing and treating common medical conditions. Conduct physical examinations and order diagnostic tests. Educate patients on health and wellness.",Centrica,72316
2 to 10 Years,BCA,$58K-$103K,"Rabat, Morocco",Contract,Physician Assistant,Primary Care Physician Assistant,"Provide medical care under the supervision of physicians, conduct examinations, diagnose and treat patients.",Medical knowledge and clinical skills Patient care and assessment Communication and empathy,"Provide primary healthcare services, including diagnosing and treating common medical conditions. Conduct physical examinations and order diagnostic tests. Educate patients on health and wellness.",Volkswagen Group,100144
5 to 8 Years,BCA,$63K-$105K,"Agadir, Morocco",Temporary,Family Nurse Practitioner,Primary Care Provider,"Primary Care Providers offer general medical care to patients. They diagnose and treat common health issues, perform check-ups, and refer patients to specialists as needed.",Medical diagnosis Patient care Medical record-keeping Communication skills Empathy and compassion,"Provide primary healthcare to patients, including diagnosis, treatment, and preventive care. Conduct physical exams and health assessments. Order and interpret diagnostic tests.",IQVIA Holdings,93887
2 to 8 Years,BBA,$60K-$82K,"Casablanca, Morocco",Full-Time,Family Nurse Practitioner,Primary Care Provider,"Primary Care Providers offer general medical care to patients. They diagnose and treat common health issues, perform check-ups, and refer patients to specialists as needed.",Medical diagnosis Patient care Medical record-keeping Communication skills Empathy and compassion,"Provide primary healthcare to patients, including diagnosis, treatment, and preventive care. Conduct physical exams and health assessments. Order and interpret diagnostic tests.",Mutual of Omaha Insurance,151579
5 to 14 Years,MBA,$59K-$110K,"Tangier, Morocco",Part-Time,Family Nurse Practitioner,Primary Care Provider,"Primary Care Providers offer general medical care to patients. They diagnose and treat common health issues, perform check-ups, and refer patients to specialists as needed.",Medical diagnosis Patient care Medical record-keeping Communication skills Empathy and compassion,"Provide primary healthcare to patients, including diagnosis, treatment, and preventive care. Conduct physical exams and health assessments. Order and interpret diagnostic tests.",Capital One Financial,168912
2 to 10 Years,M.Com,$65K-$123K,"Casablanca, Morocco",Part-Time,Family Nurse Practitioner,Primary Care Provider,"Primary Care Providers offer general medical care to patients. They diagnose and treat common health issues, perform check-ups, and refer patients to specialists as needed.",Medical diagnosis Patient care Medical record-keeping Communication skills Empathy and compassion,"Provide primary healthcare to patients, including diagnosis, treatment, and preventive care. Conduct physical exams and health assessments. Order and interpret diagnostic tests.",Whitehaven Coal,127502
0 to 15 Years,BA,$64K-$110K,"Tangier, Morocco",Contract,Graphic Designer,Print Graphic Designer,"Print Graphic Designers design graphics and layouts for printed materials such as brochures, posters, and packaging. They use their creativity and design skills to visually communicate messages and information effectively in printed form.","Print design software (e.g., Adobe InDesign, Illustrator) Layout and composition Print production processes Color theory and management Attention to detail Print industry knowledge","Design printed materials such as brochures, posters, and packaging. Choose appropriate printing methods and materials. Collaborate with print vendors and ensure quality output.",Bunzl,152761
4 to 14 Years,MBA,$56K-$127K,"Casablanca, Morocco",Full-Time,Graphic Designer,Print Graphic Designer,"Print Graphic Designers design graphics and layouts for printed materials such as brochures, posters, and packaging. They use their creativity and design skills to visually communicate messages and information effectively in printed form.","Print design software (e.g., Adobe InDesign, Illustrator) Layout and composition Print production processes Color theory and management Attention to detail Print industry knowledge","Design printed materials such as brochures, posters, and packaging. Choose appropriate printing methods and materials. Collaborate with print vendors and ensure quality output.",Rank Group,128182
1 to 9 Years,M.Com,$61K-$86K,"Fes, Morocco",Temporary,Procurement Manager,Procurement Analyst,"Analyze procurement data, identify cost-saving opportunities, and support the procurement process.",Procurement processes Vendor assessment Contract negotiation Purchase order management Spend analysis Market research Supplier relationship management Data analysis Problem-solving Attention to detail Communication skills Financial acumen,Analyze procurement data and trends to support decision-making. Conduct supplier evaluations and performance assessments. Assist in procurement planning and forecasting.,Franklin Resources,166466
5 to 12 Years,B.Tech,$59K-$116K,"Kenitra, Morocco",Intern,Procurement Manager,Procurement Analyst,"Analyze procurement data, identify cost-saving opportunities, and support the procurement process.",Procurement processes Vendor assessment Contract negotiation Purchase order management Spend analysis Market research Supplier relationship management Data analysis Problem-solving Attention to detail Communication skills Financial acumen,Analyze procurement data and trends to support decision-making. Conduct supplier evaluations and performance assessments. Assist in procurement planning and forecasting.,HCL Technologies,124561
4 to 8 Years,M.Com,$58K-$109K,"Tangier, Morocco",Intern,Procurement Manager,Procurement Analyst,"Analyze procurement data, identify cost-saving opportunities, and support the procurement process.",Procurement processes Vendor assessment Contract negotiation Purchase order management Spend analysis Market research Supplier relationship management Data analysis Problem-solving Attention to detail Communication skills Financial acumen,Analyze procurement data and trends to support decision-making. Conduct supplier evaluations and performance assessments. Assist in procurement planning and forecasting.,Pioneer Natural Resources,181209
1 to 11 Years,BA,$55K-$127K,"Tangier, Morocco",Contract,Procurement Manager,Procurement Analyst,"Analyze procurement data, identify cost-saving opportunities, and support the procurement process.",Procurement processes Vendor assessment Contract negotiation Purchase order management Spend analysis Market research Supplier relationship management Data analysis Problem-solving Attention to detail Communication skills Financial acumen,Analyze procurement data and trends to support decision-making. Conduct supplier evaluations and performance assessments. Assist in procurement planning and forecasting.,Unilever,186332
5 to 15 Years,MCA,$60K-$93K,"Casablanca, Morocco",Intern,Procurement Manager,Procurement Analyst,"Analyze procurement data, identify cost-saving opportunities, and support the procurement process.",Procurement processes Vendor assessment Contract negotiation Purchase order management Spend analysis Market research Supplier relationship management Data analysis Problem-solving Attention to detail Communication skills Financial acumen,Analyze procurement data and trends to support decision-making. Conduct supplier evaluations and performance assessments. Assist in procurement planning and forecasting.,Osram Licht AG (Now part of ams AG),171934
1 to 14 Years,M.Com,$64K-$108K,"Nador, Morocco",Intern,Procurement Manager,Procurement Analyst,"Analyze procurement data, identify cost-saving opportunities, and support the procurement process.",Procurement processes Vendor assessment Contract negotiation Purchase order management Spend analysis Market research Supplier relationship management Data analysis Problem-solving Attention to detail Communication skills Financial acumen,Analyze procurement data and trends to support decision-making. Conduct supplier evaluations and performance assessments. Assist in procurement planning and forecasting.,Fortescue Metals Group,93125
3 to 8 Years,M.Com,$65K-$86K,"Rabat, Morocco",Contract,Procurement Manager,Procurement Analyst,"Analyze procurement data, identify cost-saving opportunities, and support the procurement process.",Procurement processes Vendor assessment Contract negotiation Purchase order management Spend analysis Market research Supplier relationship management Data analysis Problem-solving Attention to detail Communication skills Financial acumen,Analyze procurement data and trends to support decision-making. Conduct supplier evaluations and performance assessments. Assist in procurement planning and forecasting.,"McCormick & Company, Incorporated",192132
3 to 8 Years,B.Com,$59K-$94K,"Casablanca, Morocco",Part-Time,Procurement Manager,Procurement Analyst,"Analyze procurement data, identify cost-saving opportunities, and support the procurement process.",Procurement processes Vendor assessment Contract negotiation Purchase order management Spend analysis Market research Supplier relationship management Data analysis Problem-solving Attention to detail Communication skills Financial acumen,Analyze procurement data and trends to support decision-making. Conduct supplier evaluations and performance assessments. Assist in procurement planning and forecasting.,The Coca-Cola Company,239345
4 to 11 Years,BA,$63K-$121K,"Oujda, Morocco",Temporary,Procurement Specialist,Procurement Manager,"Procurement Managers oversee procurement processes, managing vendor relationships, negotiating contracts, and ensuring cost-effective purchasing of goods and services.",Procurement strategies Supplier management Negotiation Cost analysis Supply chain management,"Manage procurement processes, vendor relationships, and supplier negotiations. Develop procurement strategies and cost-saving initiatives. Ensure timely delivery of goods and services.",Playtech,125529
4 to 8 Years,PhD,$62K-$83K,"Casablanca, Morocco",Contract,Procurement Specialist,Procurement Manager,"Procurement Managers oversee procurement processes, managing vendor relationships, negotiating contracts, and ensuring cost-effective purchasing of goods and services.",Procurement strategies Supplier management Negotiation Cost analysis Supply chain management,"Manage procurement processes, vendor relationships, and supplier negotiations. Develop procurement strategies and cost-saving initiatives. Ensure timely delivery of goods and services.",Oshkosh,134603
4 to 11 Years,B.Tech,$61K-$124K,"Casablanca, Morocco",Intern,Procurement Specialist,Procurement Manager,"Procurement Managers oversee procurement processes, managing vendor relationships, negotiating contracts, and ensuring cost-effective purchasing of goods and services.",Procurement strategies Supplier management Negotiation Cost analysis Supply chain management,"Manage procurement processes, vendor relationships, and supplier negotiations. Develop procurement strategies and cost-saving initiatives. Ensure timely delivery of goods and services.",KLA,128223
3 to 14 Years,BCA,$64K-$88K,"Marrakech, Morocco",Contract,Procurement Specialist,Procurement Manager,"Procurement Managers oversee procurement processes, managing vendor relationships, negotiating contracts, and ensuring cost-effective purchasing of goods and services.",Procurement strategies Supplier management Negotiation Cost analysis Supply chain management,"Manage procurement processes, vendor relationships, and supplier negotiations. Develop procurement strategies and cost-saving initiatives. Ensure timely delivery of goods and services.",Devon Energy,110404
1 to 8 Years,BCA,$62K-$103K,"Casablanca, Morocco",Contract,Procurement Specialist,Procurement Manager,"Procurement Managers oversee procurement processes, managing vendor relationships, negotiating contracts, and ensuring cost-effective purchasing of goods and services.",Procurement strategies Supplier management Negotiation Cost analysis Supply chain management,"Manage procurement processes, vendor relationships, and supplier negotiations. Develop procurement strategies and cost-saving initiatives. Ensure timely delivery of goods and services.",Burberry Group,135874
2 to 8 Years,BCA,$56K-$102K,"Casablanca, Morocco",Intern,Brand Manager,Product Brand Manager,A Product Brand Manager focuses on promoting and managing the brand identity of specific products or product lines within a companys portfolio.,Product branding and marketing Product lifecycle management Cross-functional team collaboration Product launch planning Market segmentation and targeting,Manage the branding of specific products or product lines. Create product launch plans and marketing campaigns. Ensure consistent product messaging and brand representation.,Avery Dennison,219762
3 to 15 Years,PhD,$60K-$91K,"Casablanca, Morocco",Contract,Brand Manager,Product Brand Manager,A Product Brand Manager focuses on promoting and managing the brand identity of specific products or product lines within a companys portfolio.,Product branding and marketing Product lifecycle management Cross-functional team collaboration Product launch planning Market segmentation and targeting,Manage the branding of specific products or product lines. Create product launch plans and marketing campaigns. Ensure consistent product messaging and brand representation.,Northwestern Mutual,253056
0 to 13 Years,BCA,$57K-$110K,"Marrakech, Morocco",Intern,Mechanical Designer,Product Designer,"Design and develop innovative products, from concept to production, ensuring usability, functionality, and aesthetics.","Product design principles Prototyping and wireframing User research User testing UI/UX design 3D modeling (if applicable) Collaboration Problem-solving Creativity Attention to detail Communication skills Software proficiency (e.g., Sketch, Adobe XD)","Design and develop mechanical products, components, or systems. Create detailed engineering drawings and specifications. Collaborate with engineers and manufacturers.",Crown Holdings,147126
0 to 14 Years,B.Tech,$60K-$102K,"Casablanca, Morocco",Part-Time,Mechanical Designer,Product Designer,"Design and develop innovative products, from concept to production, ensuring usability, functionality, and aesthetics.","Product design principles Prototyping and wireframing User research User testing UI/UX design 3D modeling (if applicable) Collaboration Problem-solving Creativity Attention to detail Communication skills Software proficiency (e.g., Sketch, Adobe XD)","Design and develop mechanical products, components, or systems. Create detailed engineering drawings and specifications. Collaborate with engineers and manufacturers.",Reynolds American Inc.,192203
2 to 14 Years,BBA,$55K-$86K,"Tangier, Morocco",Temporary,Mechanical Designer,Product Designer,"Design and develop innovative products, from concept to production, ensuring usability, functionality, and aesthetics.","Product design principles Prototyping and wireframing User research User testing UI/UX design 3D modeling (if applicable) Collaboration Problem-solving Creativity Attention to detail Communication skills Software proficiency (e.g., Sketch, Adobe XD)","Design and develop mechanical products, components, or systems. Create detailed engineering drawings and specifications. Collaborate with engineers and manufacturers.",Corning,95067
0 to 12 Years,BCA,$60K-$101K,"Agadir, Morocco",Temporary,Marketing Manager,Product Marketing Manager,"Product Marketing Managers promote and market products or services. They create marketing strategies, conduct market research, develop messaging, and collaborate with cross-functional teams to launch and promote products effectively in the market.",Product positioning and messaging Market research and analysis Product launch planning Competitive analysis Marketing collateral creation Pricing strategies Cross-functional collaboration,"Promote specific products or services through marketing plans, product messaging, and collaboration with sales teams. Conduct market research and competitor analysis. Create product launch plans.",Walt Disney,134913
3 to 8 Years,M.Com,$55K-$84K,"Agadir, Morocco",Intern,Marketing Manager,Product Marketing Manager,"Product Marketing Managers promote and market products or services. They create marketing strategies, conduct market research, develop messaging, and collaborate with cross-functional teams to launch and promote products effectively in the market.",Product positioning and messaging Market research and analysis Product launch planning Competitive analysis Marketing collateral creation Pricing strategies Cross-functional collaboration,"Promote specific products or services through marketing plans, product messaging, and collaboration with sales teams. Conduct market research and competitor analysis. Create product launch plans.",China Vanke,163481
3 to 13 Years,BBA,$57K-$83K,"Oujda, Morocco",Intern,Architect,Project Architect,"Project Architects lead architectural projects, from concept to completion, coordinating design teams, managing budgets, and ensuring compliance with regulations.",Architectural project management Construction documents Building systems Design coordination Client communication,"Lead architectural projects, from concept design to construction supervision. Collaborate with clients, engineers, and contractors. Develop project timelines and budgets.",Rentokil Initial,100349
4 to 15 Years,B.Com,$64K-$113K,"Casablanca, Morocco",Temporary,Project Coordinator,Project Manager,"Project Managers plan, execute, and oversee projects, ensuring they are completed on time and within budget, while managing project teams and resources.",Project planning and scheduling Budget management Risk assessment and mitigation Stakeholder communication Agile or Waterfall methodologies,"Assist in project planning, execution, and monitoring. Coordinate project tasks and timelines. Communicate with project stakeholders and team members.",Kimberly-Clark,177039
5 to 11 Years,PhD,$56K-$111K,"Casablanca, Morocco",Full-Time,Project Coordinator,Project Manager,"Project Managers plan, execute, and oversee projects, ensuring they are completed on time and within budget, while managing project teams and resources.",Project planning and scheduling Budget management Risk assessment and mitigation Stakeholder communication Agile or Waterfall methodologies,"Assist in project planning, execution, and monitoring. Coordinate project tasks and timelines. Communicate with project stakeholders and team members.",Qurate Retail,130822
3 to 13 Years,M.Com,$55K-$100K,"Rabat, Morocco",Intern,Procurement Coordinator,Purchasing Coordinator,"Purchasing Coordinators manage procurement processes. They source and purchase goods and services, negotiate with suppliers, and ensure cost-effective and timely acquisitions.",Procurement Supplier management Negotiation Supply chain management Inventory control Vendor relations,"Coordinate purchasing activities, including vendor sourcing and negotiation. Create purchase orders and track deliveries. Ensure cost-effective procurement.",Hormel Foods,145826
4 to 9 Years,BBA,$63K-$94K,"Rabat, Morocco",Part-Time,QA Engineer,QA Manager,"A QA Manager is responsible for leading and managing the quality assurance team. They ensure product quality, develop and implement QA processes, and maintain quality standards.",Quality assurance Process improvement Team leadership Problem-solving Quality control,"Lead and manage the QA team, including test planning, resource allocation, and test strategy development. Define quality standards and metrics. Oversee QA processes and continuous improvement efforts.",NIO Inc.,214062
1 to 10 Years,BBA,$55K-$87K,"Rabat, Morocco",Intern,QA Engineer,QA Manager,"A QA Manager is responsible for leading and managing the quality assurance team. They ensure product quality, develop and implement QA processes, and maintain quality standards.",Quality assurance Process improvement Team leadership Problem-solving Quality control,"Lead and manage the QA team, including test planning, resource allocation, and test strategy development. Define quality standards and metrics. Oversee QA processes and continuous improvement efforts.",3M,198947
0 to 10 Years,MBA,$59K-$115K,"Rabat, Morocco",Full-Time,Quality Assurance Analyst,QA Tester,"QA Testers assess software and applications for defects and quality issues. They conduct testing procedures, report bugs, and work with development teams to ensure the delivery of high-quality software products.","Test planning and strategy Test case design and execution Defect reporting and tracking Test automation tools (e.g., Selenium, Appium) Regression testing","Develop and execute test plans and test cases to identify software defects and issues. Document and report bugs, errors, and anomalies. Collaborate with development teams to resolve issues.",Autoliv,200011
3 to 12 Years,B.Tech,$61K-$99K,"Casablanca, Morocco",Full-Time,Quality Assurance Analyst,QA Tester,"QA Testers assess software and applications for defects and quality issues. They conduct testing procedures, report bugs, and work with development teams to ensure the delivery of high-quality software products.","Test planning and strategy Test case design and execution Defect reporting and tracking Test automation tools (e.g., Selenium, Appium) Regression testing","Develop and execute test plans and test cases to identify software defects and issues. Document and report bugs, errors, and anomalies. Collaborate with development teams to resolve issues.",MGM Resorts International,155235
0 to 11 Years,BCA,$59K-$97K,"Tangier, Morocco",Contract,Quality Assurance Analyst,QA Tester,"QA Testers assess software and applications for defects and quality issues. They conduct testing procedures, report bugs, and work with development teams to ensure the delivery of high-quality software products.","Test planning and strategy Test case design and execution Defect reporting and tracking Test automation tools (e.g., Selenium, Appium) Regression testing","Develop and execute test plans and test cases to identify software defects and issues. Document and report bugs, errors, and anomalies. Collaborate with development teams to resolve issues.","Spirit Airlines, Inc.",150071
2 to 13 Years,MCA,$64K-$125K,"Fes, Morocco",Part-Time,Software Tester,Quality Assurance Analyst,"A Quality Assurance Analyst tests software and products to ensure they meet quality standards. They identify defects, report issues, and work with development teams to resolve problems.","Quality assurance processes Testing methodologies (e.g., manual, automated) Bug tracking and reporting Test case development Regression testing","Test software applications and systems to identify defects and ensure quality. Create test plans, test cases, and test scripts. Collaborate with development teams to resolve issues.",Amgen,113843
3 to 9 Years,B.Tech,$57K-$124K,"Marrakech, Morocco",Intern,Software Tester,Quality Assurance Analyst,"A Quality Assurance Analyst tests software and products to ensure they meet quality standards. They identify defects, report issues, and work with development teams to resolve problems.","Quality assurance processes Testing methodologies (e.g., manual, automated) Bug tracking and reporting Test case development Regression testing","Test software applications and systems to identify defects and ensure quality. Create test plans, test cases, and test scripts. Collaborate with development teams to resolve issues.",BJ's Wholesale Club,131695
3 to 14 Years,BA,$58K-$93K,"Tangier, Morocco",Intern,Software Tester,Quality Assurance Analyst,"A Quality Assurance Analyst tests software and products to ensure they meet quality standards. They identify defects, report issues, and work with development teams to resolve problems.","Quality assurance processes Testing methodologies (e.g., manual, automated) Bug tracking and reporting Test case development Regression testing","Test software applications and systems to identify defects and ensure quality. Create test plans, test cases, and test scripts. Collaborate with development teams to resolve issues.",Vodafone,106403
4 to 13 Years,M.Com,$65K-$110K,"Rabat, Morocco",Contract,Software Tester,Quality Assurance Analyst,"A Quality Assurance Analyst tests software and products to ensure they meet quality standards. They identify defects, report issues, and work with development teams to resolve problems.","Quality assurance processes Testing methodologies (e.g., manual, automated) Bug tracking and reporting Test case development Regression testing","Test software applications and systems to identify defects and ensure quality. Create test plans, test cases, and test scripts. Collaborate with development teams to resolve issues.",News Corp.,103993
1 to 10 Years,BBA,$60K-$104K,"Oujda, Morocco",Contract,Software Tester,Quality Assurance Analyst,"A Quality Assurance Analyst tests software and products to ensure they meet quality standards. They identify defects, report issues, and work with development teams to resolve problems.","Quality assurance processes Testing methodologies (e.g., manual, automated) Bug tracking and reporting Test case development Regression testing","Test software applications and systems to identify defects and ensure quality. Create test plans, test cases, and test scripts. Collaborate with development teams to resolve issues.",Royal Mail,128206
2 to 8 Years,MCA,$55K-$116K,"Tangier, Morocco",Intern,Software Tester,Quality Assurance Analyst,"A Quality Assurance Analyst tests software and products to ensure they meet quality standards. They identify defects, report issues, and work with development teams to resolve problems.","Quality assurance processes Testing methodologies (e.g., manual, automated) Bug tracking and reporting Test case development Regression testing","Test software applications and systems to identify defects and ensure quality. Create test plans, test cases, and test scripts. Collaborate with development teams to resolve issues.",Associated British Foods,129299
5 to 12 Years,M.Tech,$65K-$122K,"Agadir, Morocco",Temporary,Software Tester,Quality Assurance Analyst,"A Quality Assurance Analyst tests software and products to ensure they meet quality standards. They identify defects, report issues, and work with development teams to resolve problems.","Quality assurance processes Testing methodologies (e.g., manual, automated) Bug tracking and reporting Test case development Regression testing","Test software applications and systems to identify defects and ensure quality. Create test plans, test cases, and test scripts. Collaborate with development teams to resolve issues.",Evonik Industries AG,85173
2 to 9 Years,MCA,$55K-$114K,"Rabat, Morocco",Temporary,Software Tester,Quality Assurance Analyst,"A Quality Assurance Analyst tests software and products to ensure they meet quality standards. They identify defects, report issues, and work with development teams to resolve problems.","Quality assurance processes Testing methodologies (e.g., manual, automated) Bug tracking and reporting Test case development Regression testing","Test software applications and systems to identify defects and ensure quality. Create test plans, test cases, and test scripts. Collaborate with development teams to resolve issues.",Dick's Sporting Goods,115534
5 to 12 Years,PhD,$60K-$102K,"Agadir, Morocco",Full-Time,Quality Assurance Analyst,Quality Assurance Manager,"Quality Assurance Managers lead quality assurance teams, ensuring that products or services meet established quality standards. They develop QA processes, set quality goals, and monitor compliance to maintain quality excellence.",Quality assurance processes and methodologies Quality metrics and KPIs Audit and compliance Team leadership and management Continuous improvement initiatives,"Lead the QA team, set quality standards, and define QA strategies. Ensure compliance with QA processes and industry standards. Conduct QA audits and drive process improvements.",Midea Group,123272
3 to 9 Years,BBA,$55K-$117K,"Kenitra, Morocco",Temporary,Chemical Analyst,Quality Control Analyst,"In the role of a Quality Control Analyst, you will be responsible for inspecting and testing products to ensure they meet quality standards and specifications. You will use quality control tools and processes to identify defects, document findings, and recommend improvements. Your role is essential in maintaining product quality and customer satisfaction.",Quality control Quality assurance QC testing methods Compliance standards Root cause analysis Documentation Statistical analysis,Ensure the quality and consistency of chemical products and processes through testing and inspection. Identify non-conformities and deviations. Maintain quality control documentation.,Sinochem Group,162945
2 to 12 Years,MBA,$65K-$120K,"Casablanca, Morocco",Full-Time,Chemical Analyst,Quality Control Analyst,"In the role of a Quality Control Analyst, you will be responsible for inspecting and testing products to ensure they meet quality standards and specifications. You will use quality control tools and processes to identify defects, document findings, and recommend improvements. Your role is essential in maintaining product quality and customer satisfaction.",Quality control Quality assurance QC testing methods Compliance standards Root cause analysis Documentation Statistical analysis,Ensure the quality and consistency of chemical products and processes through testing and inspection. Identify non-conformities and deviations. Maintain quality control documentation.,Laboratory Corp. of America,192240
1 to 15 Years,B.Tech,$59K-$114K,"Tetouan, Morocco",Full-Time,Operations Manager,Quality Control Manager,"Quality Control Managers establish and enforce quality standards within an organization. They develop quality control processes, perform inspections, and implement corrective actions to maintain product or service quality.","Quality control processes and methodologies Statistical process control (SPC) Root cause analysis and corrective action Quality management systems (e.g., ISO 9001) Compliance and regulatory knowledge",Establish and enforce quality control standards and procedures. Conduct quality audits and inspections. Collaborate with production teams to address quality issues and implement improvements.,Renishaw,101174
3 to 12 Years,B.Tech,$59K-$107K,"Oujda, Morocco",Full-Time,Paralegal,Real Estate Paralegal,"Assist in real estate transactions, including title searches, closings, and contract preparation.",Real estate transactions Title searches Closing processes Deed preparation Contract review Communication with real estate professionals Attention to detail Real estate terminology Technology proficiency Legal software proficiency Legal research skills,"Specialize in real estate transactions, including title searches, closings, and document preparation. Research property records and zoning regulations. Coordinate real estate transactions.",Nike,104611
2 to 15 Years,MBA,$55K-$121K,"Fes, Morocco",Contract,Paralegal,Real Estate Paralegal,"Assist in real estate transactions, including title searches, closings, and contract preparation.",Real estate transactions Title searches Closing processes Deed preparation Contract review Communication with real estate professionals Attention to detail Real estate terminology Technology proficiency Legal software proficiency Legal research skills,"Specialize in real estate transactions, including title searches, closings, and document preparation. Research property records and zoning regulations. Coordinate real estate transactions.",CVS Health,134466
2 to 14 Years,BCA,$58K-$108K,"Agadir, Morocco",Contract,Substance Abuse Counselor,Recovery Coach,"A Recovery Coach offers guidance and support to individuals in addiction recovery, aiding in their journey toward sobriety and helping them build a stable and fulfilling life.",Addiction recovery support Motivational interviewing Relapse prevention strategies,Offer ongoing support and guidance to individuals in recovery. Assist with relapse prevention strategies and coping skills. Foster a supportive and empathetic relationship.,Warner Bros. Discovery,107159
4 to 14 Years,M.Com,$56K-$125K,"Casablanca, Morocco",Intern,Substance Abuse Counselor,Recovery Coach,"A Recovery Coach offers guidance and support to individuals in addiction recovery, aiding in their journey toward sobriety and helping them build a stable and fulfilling life.",Addiction recovery support Motivational interviewing Relapse prevention strategies,Offer ongoing support and guidance to individuals in recovery. Assist with relapse prevention strategies and coping skills. Foster a supportive and empathetic relationship.,China Construction Bank,124365
3 to 9 Years,PhD,$65K-$83K,"Casablanca, Morocco",Intern,HR Coordinator,Recruitment Coordinator,"Recruitment Coordinators support the hiring process by scheduling interviews, screening candidates, and assisting with onboarding. They ensure a smooth recruitment process and maintain candidate records.",Recruitment process Candidate screening Applicant tracking systems Communication,"Assist with recruitment activities, including posting job openings, coordinating interviews, and managing applicant data. Ensure a positive candidate experience. Maintain recruitment records and metrics.",Ross Stores,110451
5 to 14 Years,BBA,$62K-$123K,"Oujda, Morocco",Temporary,Research Scientist,Research Analyst,"Research Analysts conduct research, collect data, and analyze information to support business decision-making. They generate reports and recommendations based on their findings to aid in strategic planning.",Data collection and analysis Market research tools and techniques Survey design and analysis Qualitative and quantitative research methods Report writing and presentation skills,"Collect and compile data from various sources. Assist in the preparation of research proposals and project documentation. Support research activities, literature reviews, and data validation.",Fluor,76504
2 to 10 Years,M.Tech,$58K-$88K,"Tangier, Morocco",Temporary,Research Scientist,Research Analyst,"Research Analysts conduct research, collect data, and analyze information to support business decision-making. They generate reports and recommendations based on their findings to aid in strategic planning.",Data collection and analysis Market research tools and techniques Survey design and analysis Qualitative and quantitative research methods Report writing and presentation skills,"Collect and compile data from various sources. Assist in the preparation of research proposals and project documentation. Support research activities, literature reviews, and data validation.",Diageo,162673
3 to 9 Years,BA,$57K-$129K,"Rabat, Morocco",Temporary,Research Scientist,Research Analyst,"Research Analysts conduct research, collect data, and analyze information to support business decision-making. They generate reports and recommendations based on their findings to aid in strategic planning.",Data collection and analysis Market research tools and techniques Survey design and analysis Qualitative and quantitative research methods Report writing and presentation skills,"Collect and compile data from various sources. Assist in the preparation of research proposals and project documentation. Support research activities, literature reviews, and data validation.",Fortescue Metals Group,168903
0 to 11 Years,BCA,$65K-$121K,"Tangier, Morocco",Intern,Research Scientist,Research Analyst,"Research Analysts conduct research, collect data, and analyze information to support business decision-making. They generate reports and recommendations based on their findings to aid in strategic planning.",Data collection and analysis Market research tools and techniques Survey design and analysis Qualitative and quantitative research methods Report writing and presentation skills,"Collect and compile data from various sources. Assist in the preparation of research proposals and project documentation. Support research activities, literature reviews, and data validation.",American Electric Power,157775
1 to 11 Years,BBA,$64K-$92K,"Fes, Morocco",Part-Time,Research Scientist,Research Analyst,"Research Analysts conduct research, collect data, and analyze information to support business decision-making. They generate reports and recommendations based on their findings to aid in strategic planning.",Data collection and analysis Market research tools and techniques Survey design and analysis Qualitative and quantitative research methods Report writing and presentation skills,"Collect and compile data from various sources. Assist in the preparation of research proposals and project documentation. Support research activities, literature reviews, and data validation.",Berger Paints India Limited,94721
2 to 15 Years,B.Tech,$64K-$98K,"Marrakech, Morocco",Intern,Chemical Engineer,Research and Development (R&D) Engineer,"Conduct research, design experiments, and develop innovative products or technologies in various industries.",Research and development processes Product innovation Prototype development Testing and experimentation Data analysis Collaboration with cross-functional teams Problem-solving Attention to detail Technical expertise Project management skills,Work on research and development of new products or materials. Collaborate with cross-functional teams on innovation projects. Conduct experiments and tests.,International Business Machines,129170
3 to 10 Years,BCA,$62K-$98K,"Casablanca, Morocco",Intern,Chemical Engineer,Research and Development (R&D) Engineer,"Conduct research, design experiments, and develop innovative products or technologies in various industries.",Research and development processes Product innovation Prototype development Testing and experimentation Data analysis Collaboration with cross-functional teams Problem-solving Attention to detail Technical expertise Project management skills,Work on research and development of new products or materials. Collaborate with cross-functional teams on innovation projects. Conduct experiments and tests.,William Hill plc,233417
5 to 13 Years,BBA,$64K-$83K,"Rabat, Morocco",Contract,Chemical Engineer,Research and Development (R&D) Engineer,"Conduct research, design experiments, and develop innovative products or technologies in various industries.",Research and development processes Product innovation Prototype development Testing and experimentation Data analysis Collaboration with cross-functional teams Problem-solving Attention to detail Technical expertise Project management skills,Work on research and development of new products or materials. Collaborate with cross-functional teams on innovation projects. Conduct experiments and tests.,Western Union Company,127269
5 to 11 Years,B.Com,$57K-$107K,"Casablanca, Morocco",Full-Time,Chemical Engineer,Research and Development (R&D) Engineer,"Conduct research, design experiments, and develop innovative products or technologies in various industries.",Research and development processes Product innovation Prototype development Testing and experimentation Data analysis Collaboration with cross-functional teams Problem-solving Attention to detail Technical expertise Project management skills,Work on research and development of new products or materials. Collaborate with cross-functional teams on innovation projects. Conduct experiments and tests.,Avery Dennison,230591
4 to 13 Years,B.Tech,$62K-$103K,"Tangier, Morocco",Full-Time,Chemical Analyst,Research Chemist,"As a Research Chemist, you will engage in scientific research and experimentation to discover and develop new chemical compounds or processes. Your work may involve designing experiments, analyzing data, and publishing research findings. Your role contributes to the advancement of scientific knowledge and may have applications in various industries.",Research chemistry Experimental design Data interpretation Chemical synthesis Research protocols Scientific writing Problem-solving skills,"Conduct research on chemical properties, reactions, and formulations. Develop new chemical compounds and products. Collaborate on research projects and contribute to scientific publications.",US Foods Holding,203102
2 to 10 Years,PhD,$55K-$93K,"Rabat, Morocco",Temporary,Chemical Analyst,Research Chemist,"As a Research Chemist, you will engage in scientific research and experimentation to discover and develop new chemical compounds or processes. Your work may involve designing experiments, analyzing data, and publishing research findings. Your role contributes to the advancement of scientific knowledge and may have applications in various industries.",Research chemistry Experimental design Data interpretation Chemical synthesis Research protocols Scientific writing Problem-solving skills,"Conduct research on chemical properties, reactions, and formulations. Develop new chemical compounds and products. Collaborate on research projects and contribute to scientific publications.",Adelaide Brighton,168331
3 to 15 Years,BA,$61K-$104K,"Rabat, Morocco",Contract,Chemical Analyst,Research Chemist,"As a Research Chemist, you will engage in scientific research and experimentation to discover and develop new chemical compounds or processes. Your work may involve designing experiments, analyzing data, and publishing research findings. Your role contributes to the advancement of scientific knowledge and may have applications in various industries.",Research chemistry Experimental design Data interpretation Chemical synthesis Research protocols Scientific writing Problem-solving skills,"Conduct research on chemical properties, reactions, and formulations. Develop new chemical compounds and products. Collaborate on research projects and contribute to scientific publications.",CVS Health,157177
1 to 14 Years,MBA,$63K-$107K,"Nador, Morocco",Full-Time,Psychologist,Research Psychologist,"Research Psychologists conduct psychological research to advance the fields understanding. They design studies, collect data, and analyze results to inform scientific knowledge.",Research methodology Data analysis Psychological studies Writing research reports Critical thinking,"Conduct psychological research, design experiments, and analyze data. Publish research findings in academic journals. Contribute to the advancement of psychological knowledge.",Constellation Brands,117652
1 to 8 Years,M.Com,$58K-$120K,"Rabat, Morocco",Contract,Interior Designer,Residential Interior Designer,"A Residential Interior Designer plans and designs interior spaces in homes. They select furnishings, colors, and layouts to create functional and aesthetically pleasing environments.",Residential interior design Space planning Color theory and selection Furniture and materials selection 3D modeling and rendering,"Plan and design interiors for residential spaces, considering aesthetics and functionality. Select furniture, materials, and color schemes. Create design concepts and layout plans.",Hochschild Mining,136659
1 to 14 Years,M.Tech,$62K-$80K,"Agadir, Morocco",Temporary,Landscape Architect,Residential Landscape Designer,Create aesthetically pleasing and functional landscape designs for residential properties.,Landscape design Plant selection and care Hardscape design,"Specialize in designing residential outdoor spaces, including gardens and yards. Create landscape plans, select plants, and oversee installation. Enhance curb appeal and functionality.",Quest Diagnostics,81272
4 to 14 Years,PhD,$65K-$114K,"Casablanca, Morocco",Full-Time,Landscape Architect,Residential Landscape Designer,Create aesthetically pleasing and functional landscape designs for residential properties.,Landscape design Plant selection and care Hardscape design,"Specialize in designing residential outdoor spaces, including gardens and yards. Create landscape plans, select plants, and oversee installation. Enhance curb appeal and functionality.",Tata Consumer Products,126975
4 to 13 Years,B.Tech,$64K-$113K,"Kenitra, Morocco",Part-Time,Landscape Architect,Residential Landscape Designer,Create aesthetically pleasing and functional landscape designs for residential properties.,Landscape design Plant selection and care Hardscape design,"Specialize in designing residential outdoor spaces, including gardens and yards. Create landscape plans, select plants, and oversee installation. Enhance curb appeal and functionality.",Comcast,88223
5 to 8 Years,B.Tech,$61K-$82K,"Oujda, Morocco",Intern,Landscape Architect,Residential Landscape Designer,Create aesthetically pleasing and functional landscape designs for residential properties.,Landscape design Plant selection and care Hardscape design,"Specialize in designing residential outdoor spaces, including gardens and yards. Create landscape plans, select plants, and oversee installation. Enhance curb appeal and functionality.",NTPC Limited,78325
0 to 8 Years,BA,$60K-$86K,"Agadir, Morocco",Temporary,Landscape Architect,Residential Landscape Designer,Create aesthetically pleasing and functional landscape designs for residential properties.,Landscape design Plant selection and care Hardscape design,"Specialize in designing residential outdoor spaces, including gardens and yards. Create landscape plans, select plants, and oversee installation. Enhance curb appeal and functionality.",Seaboard,73141
1 to 8 Years,B.Com,$64K-$129K,"Casablanca, Morocco",Intern,Landscape Architect,Residential Landscape Designer,Create aesthetically pleasing and functional landscape designs for residential properties.,Landscape design Plant selection and care Hardscape design,"Specialize in designing residential outdoor spaces, including gardens and yards. Create landscape plans, select plants, and oversee installation. Enhance curb appeal and functionality.",Freddie Mac,139514
1 to 10 Years,M.Tech,$64K-$129K,"Marrakech, Morocco",Full-Time,Landscape Architect,Residential Landscape Designer,Create aesthetically pleasing and functional landscape designs for residential properties.,Landscape design Plant selection and care Hardscape design,"Specialize in designing residential outdoor spaces, including gardens and yards. Create landscape plans, select plants, and oversee installation. Enhance curb appeal and functionality.",Liberty Mutual Insurance Group,102084
3 to 14 Years,BA,$57K-$116K,"Oujda, Morocco",Intern,Sales Associate,Retail Sales Associate,"A Retail Sales Associate assists customers in retail environments, helping them find products, providing product information, and ensuring a positive shopping experience.",Customer service Sales techniques Product knowledge Cash handling Communication skills,"Assist customers in retail stores, answer questions, and provide product information. Process sales transactions and handle customer inquiries and returns. Maintain store displays and merchandising.","Spirit Airlines, Inc.",81390
5 to 11 Years,B.Com,$65K-$109K,"Tangier, Morocco",Contract,Financial Advisor,Retirement Planner,"Retirement Planners assist clients in planning for retirement, including savings strategies, pension options, and retirement income planning.",Retirement planning Social security Investment products Tax planning Estate planning,"Specialize in retirement planning, helping clients prepare for financial security in retirement. Create retirement income plans and strategies. Address tax and estate planning considerations.","Square, Inc.",107207
2 to 15 Years,M.Tech,$57K-$82K,"Fes, Morocco",Part-Time,Financial Advisor,Retirement Planner,"Retirement Planners assist clients in planning for retirement, including savings strategies, pension options, and retirement income planning.",Retirement planning Social security Investment products Tax planning Estate planning,"Specialize in retirement planning, helping clients prepare for financial security in retirement. Create retirement income plans and strategies. Address tax and estate planning considerations.",Boeing,116928
4 to 13 Years,PhD,$63K-$99K,"Marrakech, Morocco",Part-Time,Financial Advisor,Retirement Planner,"Retirement Planners assist clients in planning for retirement, including savings strategies, pension options, and retirement income planning.",Retirement planning Social security Investment products Tax planning Estate planning,"Specialize in retirement planning, helping clients prepare for financial security in retirement. Create retirement income plans and strategies. Address tax and estate planning considerations.",Assurant,115281
5 to 14 Years,M.Com,$58K-$83K,"Agadir, Morocco",Full-Time,Financial Advisor,Retirement Planner,"Retirement Planners assist clients in planning for retirement, including savings strategies, pension options, and retirement income planning.",Retirement planning Social security Investment products Tax planning Estate planning,"Specialize in retirement planning, helping clients prepare for financial security in retirement. Create retirement income plans and strategies. Address tax and estate planning considerations.",Adelaide Brighton,143673
0 to 9 Years,MCA,$64K-$120K,"Casablanca, Morocco",Part-Time,Financial Advisor,Retirement Planner,"Retirement Planners assist clients in planning for retirement, including savings strategies, pension options, and retirement income planning.",Retirement planning Social security Investment products Tax planning Estate planning,"Specialize in retirement planning, helping clients prepare for financial security in retirement. Create retirement income plans and strategies. Address tax and estate planning considerations.",Fifth Third Bancorp,147697
4 to 11 Years,M.Com,$61K-$85K,"Casablanca, Morocco",Temporary,Financial Advisor,Retirement Planner,"Retirement Planners assist clients in planning for retirement, including savings strategies, pension options, and retirement income planning.",Retirement planning Social security Investment products Tax planning Estate planning,"Specialize in retirement planning, helping clients prepare for financial security in retirement. Create retirement income plans and strategies. Address tax and estate planning considerations.",M&T Bank,175035
5 to 14 Years,B.Com,$55K-$106K,"Casablanca, Morocco",Full-Time,Investment Analyst,Risk Analyst,A Risk Analyst assesses and manages financial risks within an organization. They use data analysis and modeling to evaluate potential risks and recommend mitigation strategies.,Risk assessment Data analysis Financial modeling Risk management tools Regulatory compliance knowledge,"Evaluate investment risks, including market, credit, and operational risks. Develop risk models and stress tests. Implement risk management strategies and controls.",Electrocomponents,144571
5 to 15 Years,M.Tech,$58K-$81K,"Rabat, Morocco",Temporary,Investment Analyst,Risk Analyst,A Risk Analyst assesses and manages financial risks within an organization. They use data analysis and modeling to evaluate potential risks and recommend mitigation strategies.,Risk assessment Data analysis Financial modeling Risk management tools Regulatory compliance knowledge,"Evaluate investment risks, including market, credit, and operational risks. Develop risk models and stress tests. Implement risk management strategies and controls.",PNC Financial Services Group,187677
4 to 13 Years,BA,$55K-$83K,"Rabat, Morocco",Intern,Account Executive,Sales Account Executive,"A Sales Account Executive is responsible for acquiring and managing business accounts. They identify sales opportunities, negotiate contracts, and meet revenue targets.",Sales strategies and tactics Account management Relationship building Sales forecasting Industry and product knowledge,Identify and pursue sales opportunities with new and existing clients. Build and maintain client relationships. Meet or exceed sales targets and quotas.,HDFC Asset Management Company,133303
1 to 11 Years,B.Tech,$55K-$96K,"Casablanca, Morocco",Intern,Account Executive,Sales Account Executive,"A Sales Account Executive is responsible for acquiring and managing business accounts. They identify sales opportunities, negotiate contracts, and meet revenue targets.",Sales strategies and tactics Account management Relationship building Sales forecasting Industry and product knowledge,Identify and pursue sales opportunities with new and existing clients. Build and maintain client relationships. Meet or exceed sales targets and quotas.,Kellogg,185578
2 to 11 Years,B.Tech,$57K-$113K,"Tangier, Morocco",Contract,Account Executive,Sales Account Executive,"A Sales Account Executive is responsible for acquiring and managing business accounts. They identify sales opportunities, negotiate contracts, and meet revenue targets.",Sales strategies and tactics Account management Relationship building Sales forecasting Industry and product knowledge,Identify and pursue sales opportunities with new and existing clients. Build and maintain client relationships. Meet or exceed sales targets and quotas.,Exxon Mobil,150559
0 to 9 Years,MBA,$61K-$95K,"Tangier, Morocco",Full-Time,Business Development Manager,Sales Manager,"A Sales Manager leads and guides the sales team, sets sales targets, develops sales strategies, and monitors performance to achieve revenue and growth objectives.",Sales management Sales strategy development Team leadership,"Lead and manage a sales team, set sales goals, and develop sales strategies. Identify new business opportunities and target markets. Build and maintain client relationships.",Commerzbank AG,159172
2 to 9 Years,B.Com,$63K-$94K,"Tangier, Morocco",Full-Time,Pharmaceutical Sales Representative,Sales Representative,"Sales Representatives promote and sell products or services to customers, build relationships, and meet sales targets through effective communication and negotiation.",Sales techniques and strategies Relationship building CRM software usage Product knowledge Negotiation and closing skills,"Promote and sell pharmaceutical products to healthcare professionals, such as doctors and pharmacists. Build and maintain customer relationships. Provide product information and education.",Liberty Mutual Insurance Group,125111
4 to 14 Years,B.Com,$64K-$83K,"Casablanca, Morocco",Contract,Sales Manager,Sales Team Leader,"Lead and motivate sales teams, set sales targets, and develop sales strategies to meet goals.",Sales leadership Team management Sales strategy and planning,"Lead and manage a team of sales representatives. Set sales targets and goals. Provide coaching, training, and performance evaluations.",China Construction Bank,221953
1 to 8 Years,MCA,$62K-$95K,"Casablanca, Morocco",Full-Time,Sales Manager,Sales Team Leader,"Lead and motivate sales teams, set sales targets, and develop sales strategies to meet goals.",Sales leadership Team management Sales strategy and planning,"Lead and manage a team of sales representatives. Set sales targets and goals. Provide coaching, training, and performance evaluations.",Siemens AG,208195
4 to 11 Years,MCA,$60K-$85K,"Rabat, Morocco",Full-Time,Sales Consultant,Sales Trainer,"Sales Trainers develop and deliver training programs to sales teams. They teach sales techniques, product knowledge, and communication skills to improve the performance and effectiveness of sales representatives.",Sales training Sales coaching Training program development Sales techniques Product knowledge Presentation skills,Train and onboard new sales team members. Develop training materials and sales scripts. Conduct sales coaching and performance evaluations.,Grafton Group,157342
3 to 9 Years,M.Tech,$59K-$102K,"Casablanca, Morocco",Part-Time,Psychologist,School Psychologist,"School Psychologists work in educational settings, supporting students emotional and academic development. They provide counseling and assessments to enhance learning outcomes.",School psychology Special education knowledge Assessment and testing Individualized education plans Collaboration skills,"Work in educational settings to support students emotional and psychological well-being. Conduct assessments, provide counseling, and collaborate with educators. Assist in the development of individualized education plans.",HSBC (Hongkong and Shanghai Banking Corporation),177547
3 to 8 Years,B.Com,$62K-$90K,"Casablanca, Morocco",Intern,Social Worker,School Social Worker,"Support students social and emotional well-being in schools, collaborate with educators, and connect families with resources.",School social work principles Student assessment and intervention Special education laws Individualized education plans (IEPs) Crisis management Collaboration with educators Family engagement Advocacy Empathy and communication Documentation Cultural competence Licensing and certification,Collaborate with schools to support students academic and social needs. Conduct assessments and provide counseling and resources. Advocate for students and families.,Westinghouse Air Brake Technologies,186184
0 to 10 Years,BA,$65K-$126K,"Rabat, Morocco",Temporary,Social Worker,School Social Worker,"Support students social and emotional well-being in schools, collaborate with educators, and connect families with resources.",School social work principles Student assessment and intervention Special education laws Individualized education plans (IEPs) Crisis management Collaboration with educators Family engagement Advocacy Empathy and communication Documentation Cultural competence Licensing and certification,Collaborate with schools to support students academic and social needs. Conduct assessments and provide counseling and resources. Advocate for students and families.,Muthoot Finance,140991
0 to 15 Years,MCA,$64K-$89K,"Kenitra, Morocco",Temporary,Social Worker,School Social Worker,"Support students social and emotional well-being in schools, collaborate with educators, and connect families with resources.",School social work principles Student assessment and intervention Special education laws Individualized education plans (IEPs) Crisis management Collaboration with educators Family engagement Advocacy Empathy and communication Documentation Cultural competence Licensing and certification,Collaborate with schools to support students academic and social needs. Conduct assessments and provide counseling and resources. Advocate for students and families.,Ally Financial,123510
4 to 11 Years,PhD,$55K-$103K,"Oujda, Morocco",Part-Time,SEM Specialist,Search Engine Marketer,"Search Engine Marketers optimize online content for search engines. They use SEO strategies to improve website rankings, increase organic traffic, and enhance online visibility.",Search engine marketing PPC advertising SEO strategy Data analysis Digital marketing skills,"Plan and execute search engine marketing (SEM) campaigns, including Google Ads and Bing Ads. Conduct keyword research and ad optimization. Analyze SEM performance metrics.",Taylor Morrison Home,75997
4 to 12 Years,BA,$65K-$102K,"Casablanca, Morocco",Part-Time,Network Security Specialist,Security Consultant,"A Security Consultant is responsible for assessing an organizations security infrastructure, identifying vulnerabilities, and recommending solutions to enhance security. They conduct risk assessments, implement security measures, and provide guidance on security policies and procedures.",Security consulting Risk assessment Security audits Security policy development Penetration testing Client communication,Provide expert advice on security strategies and risk assessments. Conduct security assessments and vulnerability testing. Develop security policies and procedures.,Geely Automobile Holdings,134709
3 to 13 Years,PhD,$59K-$93K,"Tangier, Morocco",Full-Time,Network Security Specialist,Security Operations Center (SOC) Analyst,"SOC Analysts work in security operations centers. They monitor and respond to security incidents, analyze threats, and implement security protocols to protect an organizations assets.","SOC operations Security incident response Threat detection Log analysis Security tools (e.g., IDS/IPS) Security alerts triage",Work in SOC teams to monitor and respond to security incidents. Investigate and analyze security alerts and incidents. Maintain security documentation and incident reports.,Dr. Reddy's Laboratories,164435
3 to 9 Years,BBA,$63K-$101K,"Casablanca, Morocco",Full-Time,Network Security Specialist,Security Operations Center (SOC) Analyst,"SOC Analysts work in security operations centers. They monitor and respond to security incidents, analyze threats, and implement security protocols to protect an organizations assets.","SOC operations Security incident response Threat detection Log analysis Security tools (e.g., IDS/IPS) Security alerts triage",Work in SOC teams to monitor and respond to security incidents. Investigate and analyze security alerts and incidents. Maintain security documentation and incident reports.,China Eastern Airlines,125239
4 to 8 Years,MCA,$59K-$96K,"Marrakech, Morocco",Temporary,SEO Analyst,SEO Content Strategist,"As an SEO Content Strategist, your primary responsibility is to develop and execute content strategies that enhance our online presence. You will conduct keyword research, optimize website content, and collaborate with the marketing team to improve search engine rankings and drive organic traffic. Your role involves staying updated with SEO trends and implementing best practices to boost our websites visibility and engagement.",SEO (Search Engine Optimization) Content strategy Keyword research Content optimization Content planning Analytics and reporting,"Develop and execute SEO-focused content strategies, including keyword optimization and content planning. Collaborate with content creators and web developers for SEO enhancements. Analyze content performance for SEO improvements.",Oracle,162157
0 to 10 Years,MCA,$59K-$101K,"Fes, Morocco",Contract,SEO Analyst,SEO Content Strategist,"As an SEO Content Strategist, your primary responsibility is to develop and execute content strategies that enhance our online presence. You will conduct keyword research, optimize website content, and collaborate with the marketing team to improve search engine rankings and drive organic traffic. Your role involves staying updated with SEO trends and implementing best practices to boost our websites visibility and engagement.",SEO (Search Engine Optimization) Content strategy Keyword research Content optimization Content planning Analytics and reporting,"Develop and execute SEO-focused content strategies, including keyword optimization and content planning. Collaborate with content creators and web developers for SEO enhancements. Analyze content performance for SEO improvements.",Consolidated Edison,166617
5 to 13 Years,BA,$63K-$108K,"Rabat, Morocco",Part-Time,Digital Marketing Specialist,SEO Specialist,"SEO Specialists optimize websites for search engines to improve online visibility. They conduct keyword research, optimize content, and implement SEO strategies to increase organic traffic and rankings.","Search engine algorithms and ranking factors Keyword research and analysis On-page and off-page SEO optimization SEO tools (e.g., Google Analytics, SEMrush) SEO content strategy","Optimize websites for search engines (SEO), conduct keyword research, and improve online visibility and search rankings. Monitor and analyze SEO performance metrics. Implement SEO best practices and strategies.",Boeing,171586
3 to 9 Years,MCA,$62K-$108K,"Rabat, Morocco",Contract,Digital Marketing Specialist,SEO Specialist,"SEO Specialists optimize websites for search engines to improve online visibility. They conduct keyword research, optimize content, and implement SEO strategies to increase organic traffic and rankings.","Search engine algorithms and ranking factors Keyword research and analysis On-page and off-page SEO optimization SEO tools (e.g., Google Analytics, SEMrush) SEO content strategy","Optimize websites for search engines (SEO), conduct keyword research, and improve online visibility and search rankings. Monitor and analyze SEO performance metrics. Implement SEO best practices and strategies.",Sempra,130677
3 to 9 Years,M.Com,$64K-$110K,"Rabat, Morocco",Intern,Digital Marketing Specialist,SEO Specialist,"SEO Specialists optimize websites for search engines to improve online visibility. They conduct keyword research, optimize content, and implement SEO strategies to increase organic traffic and rankings.","Search engine algorithms and ranking factors Keyword research and analysis On-page and off-page SEO optimization SEO tools (e.g., Google Analytics, SEMrush) SEO content strategy","Optimize websites for search engines (SEO), conduct keyword research, and improve online visibility and search rankings. Monitor and analyze SEO performance metrics. Implement SEO best practices and strategies.",Altria Group,106547
2 to 8 Years,BBA,$59K-$123K,"Rabat, Morocco",Part-Time,Digital Marketing Specialist,SEO Specialist,"SEO Specialists optimize websites for search engines to improve online visibility. They conduct keyword research, optimize content, and implement SEO strategies to increase organic traffic and rankings.","Search engine algorithms and ranking factors Keyword research and analysis On-page and off-page SEO optimization SEO tools (e.g., Google Analytics, SEMrush) SEO content strategy","Optimize websites for search engines (SEO), conduct keyword research, and improve online visibility and search rankings. Monitor and analyze SEO performance metrics. Implement SEO best practices and strategies.","T-Mobile US, Inc.",122187
0 to 13 Years,M.Com,$65K-$97K,"Casablanca, Morocco",Contract,Digital Marketing Specialist,SEO Specialist,"SEO Specialists optimize websites for search engines to improve online visibility. They conduct keyword research, optimize content, and implement SEO strategies to increase organic traffic and rankings.","Search engine algorithms and ranking factors Keyword research and analysis On-page and off-page SEO optimization SEO tools (e.g., Google Analytics, SEMrush) SEO content strategy","Optimize websites for search engines (SEO), conduct keyword research, and improve online visibility and search rankings. Monitor and analyze SEO performance metrics. Implement SEO best practices and strategies.",Henry Schein,151748
3 to 15 Years,M.Com,$60K-$98K,"Rabat, Morocco",Full-Time,Digital Marketing Specialist,SEO Specialist,"SEO Specialists optimize websites for search engines to improve online visibility. They conduct keyword research, optimize content, and implement SEO strategies to increase organic traffic and rankings.","Search engine algorithms and ranking factors Keyword research and analysis On-page and off-page SEO optimization SEO tools (e.g., Google Analytics, SEMrush) SEO content strategy","Optimize websites for search engines (SEO), conduct keyword research, and improve online visibility and search rankings. Monitor and analyze SEO performance metrics. Implement SEO best practices and strategies.",PNC Financial Services Group,137211
2 to 13 Years,PhD,$57K-$127K,"Casablanca, Morocco",Part-Time,Digital Marketing Specialist,SEO Specialist,"SEO Specialists optimize websites for search engines to improve online visibility. They conduct keyword research, optimize content, and implement SEO strategies to increase organic traffic and rankings.","Search engine algorithms and ranking factors Keyword research and analysis On-page and off-page SEO optimization SEO tools (e.g., Google Analytics, SEMrush) SEO content strategy","Optimize websites for search engines (SEO), conduct keyword research, and improve online visibility and search rankings. Monitor and analyze SEO performance metrics. Implement SEO best practices and strategies.",Rio Tinto,191357
2 to 11 Years,BCA,$65K-$129K,"Rabat, Morocco",Temporary,Digital Marketing Specialist,SEO Specialist,"SEO Specialists optimize websites for search engines to improve online visibility. They conduct keyword research, optimize content, and implement SEO strategies to increase organic traffic and rankings.","Search engine algorithms and ranking factors Keyword research and analysis On-page and off-page SEO optimization SEO tools (e.g., Google Analytics, SEMrush) SEO content strategy","Optimize websites for search engines (SEO), conduct keyword research, and improve online visibility and search rankings. Monitor and analyze SEO performance metrics. Implement SEO best practices and strategies.",Fidelity National Financial,113703
5 to 14 Years,BBA,$56K-$101K,"Kenitra, Morocco",Full-Time,Back-End Developer,Server Developer,"A Server Developer specializes in developing and maintaining server-side applications and systems, ensuring efficient data processing and server functionality.","Server-side programming languages (e.g., Java, Python) Database management API development",Develop and maintain server-side logic and databases for web applications. Optimize server performance and scalability. Collaborate with front-end developers to integrate user interfaces.,New Oriental Education & Technology Group,156785
0 to 8 Years,M.Com,$61K-$91K,"Rabat, Morocco",Full-Time,Back-End Developer,Server Developer,"A Server Developer specializes in developing and maintaining server-side applications and systems, ensuring efficient data processing and server functionality.","Server-side programming languages (e.g., Java, Python) Database management API development",Develop and maintain server-side logic and databases for web applications. Optimize server performance and scalability. Collaborate with front-end developers to integrate user interfaces.,WEC Energy Group,131009
4 to 8 Years,MCA,$63K-$108K,"Casablanca, Morocco",Full-Time,Social Media Manager,Social Media Analyst,"Social Media Analysts analyze social media data and metrics to provide insights and recommendations for improving social media strategies. They track performance, identify trends, and support data-driven decision-making.","Social media analytics tools (e.g., Google Analytics, Facebook Insights) Data analysis and reporting Social media ROI measurement Competitive analysis Trend identification",Analyze social media data and user behavior to generate actionable insights. Track key performance indicators (KPIs) and recommend optimization strategies. Stay updated on social media trends and algorithm changes.,Synchrony Financial,162579
0 to 13 Years,M.Tech,$64K-$95K,"Marrakech, Morocco",Part-Time,Social Media Manager,Social Media Analyst,"Social Media Analysts analyze social media data and metrics to provide insights and recommendations for improving social media strategies. They track performance, identify trends, and support data-driven decision-making.","Social media analytics tools (e.g., Google Analytics, Facebook Insights) Data analysis and reporting Social media ROI measurement Competitive analysis Trend identification",Analyze social media data and user behavior to generate actionable insights. Track key performance indicators (KPIs) and recommend optimization strategies. Stay updated on social media trends and algorithm changes.,DTE Energy,196138
2 to 14 Years,B.Com,$58K-$100K,"Casablanca, Morocco",Temporary,Social Media Manager,Social Media Analyst,"Social Media Analysts analyze social media data and metrics to provide insights and recommendations for improving social media strategies. They track performance, identify trends, and support data-driven decision-making.","Social media analytics tools (e.g., Google Analytics, Facebook Insights) Data analysis and reporting Social media ROI measurement Competitive analysis Trend identification",Analyze social media data and user behavior to generate actionable insights. Track key performance indicators (KPIs) and recommend optimization strategies. Stay updated on social media trends and algorithm changes.,Intel,206287
5 to 10 Years,B.Tech,$57K-$119K,"Tangier, Morocco",Contract,Social Media Manager,Social Media Analyst,"Social Media Analysts analyze social media data and metrics to provide insights and recommendations for improving social media strategies. They track performance, identify trends, and support data-driven decision-making.","Social media analytics tools (e.g., Google Analytics, Facebook Insights) Data analysis and reporting Social media ROI measurement Competitive analysis Trend identification",Analyze social media data and user behavior to generate actionable insights. Track key performance indicators (KPIs) and recommend optimization strategies. Stay updated on social media trends and algorithm changes.,Agricultural Bank of China,133005
5 to 9 Years,BCA,$55K-$94K,"Marrakech, Morocco",Part-Time,Social Media Manager,Social Media Analyst,"Social Media Analysts analyze social media data and metrics to provide insights and recommendations for improving social media strategies. They track performance, identify trends, and support data-driven decision-making.","Social media analytics tools (e.g., Google Analytics, Facebook Insights) Data analysis and reporting Social media ROI measurement Competitive analysis Trend identification",Analyze social media data and user behavior to generate actionable insights. Track key performance indicators (KPIs) and recommend optimization strategies. Stay updated on social media trends and algorithm changes.,Blackstone,161565
5 to 15 Years,PhD,$58K-$114K,"Marrakech, Morocco",Full-Time,Social Media Manager,Social Media Analyst,"Social Media Analysts analyze social media data and metrics to provide insights and recommendations for improving social media strategies. They track performance, identify trends, and support data-driven decision-making.","Social media analytics tools (e.g., Google Analytics, Facebook Insights) Data analysis and reporting Social media ROI measurement Competitive analysis Trend identification",Analyze social media data and user behavior to generate actionable insights. Track key performance indicators (KPIs) and recommend optimization strategies. Stay updated on social media trends and algorithm changes.,Williams-Sonoma,140094
4 to 11 Years,PhD,$58K-$113K,"Tangier, Morocco",Part-Time,Social Media Manager,Social Media Analyst,"Social Media Analysts analyze social media data and metrics to provide insights and recommendations for improving social media strategies. They track performance, identify trends, and support data-driven decision-making.","Social media analytics tools (e.g., Google Analytics, Facebook Insights) Data analysis and reporting Social media ROI measurement Competitive analysis Trend identification",Analyze social media data and user behavior to generate actionable insights. Track key performance indicators (KPIs) and recommend optimization strategies. Stay updated on social media trends and algorithm changes.,Indian Oil Corporation,146123
3 to 14 Years,BA,$65K-$117K,"Casablanca, Morocco",Temporary,Digital Marketing Specialist,Social Media Manager,"Social Media Managers oversee an organizations social media presence. They create and schedule content, engage with followers, and analyze social media metrics to drive brand awareness and engagement.","Social media platforms (e.g., Facebook, Twitter, Instagram) Content creation and scheduling Social media analytics and insights Community engagement Paid social advertising","Manage and grow social media accounts, create engaging content, and interact with the online community. Develop social media content calendars and strategies. Monitor social media trends and engagement metrics.",Havells India,121034
1 to 14 Years,BBA,$61K-$94K,"Casablanca, Morocco",Contract,Digital Marketing Specialist,Social Media Manager,"Social Media Managers oversee an organizations social media presence. They create and schedule content, engage with followers, and analyze social media metrics to drive brand awareness and engagement.","Social media platforms (e.g., Facebook, Twitter, Instagram) Content creation and scheduling Social media analytics and insights Community engagement Paid social advertising","Manage and grow social media accounts, create engaging content, and interact with the online community. Develop social media content calendars and strategies. Monitor social media trends and engagement metrics.",Becton Dickinson,193558
1 to 14 Years,BCA,$63K-$97K,"Marrakech, Morocco",Intern,Digital Marketing Specialist,Social Media Manager,"Social Media Managers oversee an organizations social media presence. They create and schedule content, engage with followers, and analyze social media metrics to drive brand awareness and engagement.","Social media platforms (e.g., Facebook, Twitter, Instagram) Content creation and scheduling Social media analytics and insights Community engagement Paid social advertising","Manage and grow social media accounts, create engaging content, and interact with the online community. Develop social media content calendars and strategies. Monitor social media trends and engagement metrics.",Goldman Sachs Group,151877
5 to 10 Years,M.Com,$61K-$118K,"Casablanca, Morocco",Full-Time,Digital Marketing Specialist,Social Media Manager,"Social Media Managers oversee an organizations social media presence. They create and schedule content, engage with followers, and analyze social media metrics to drive brand awareness and engagement.","Social media platforms (e.g., Facebook, Twitter, Instagram) Content creation and scheduling Social media analytics and insights Community engagement Paid social advertising","Manage and grow social media accounts, create engaging content, and interact with the online community. Develop social media content calendars and strategies. Monitor social media trends and engagement metrics.",JetBlue Airways,189261
1 to 11 Years,M.Tech,$56K-$122K,"Tetouan, Morocco",Contract,Digital Marketing Specialist,Social Media Manager,"Social Media Managers oversee an organizations social media presence. They create and schedule content, engage with followers, and analyze social media metrics to drive brand awareness and engagement.","Social media platforms (e.g., Facebook, Twitter, Instagram) Content creation and scheduling Social media analytics and insights Community engagement Paid social advertising","Manage and grow social media accounts, create engaging content, and interact with the online community. Develop social media content calendars and strategies. Monitor social media trends and engagement metrics.",Booking Holdings,117925
3 to 12 Years,PhD,$63K-$114K,"Rabat, Morocco",Part-Time,Digital Marketing Specialist,Social Media Manager,"Social Media Managers oversee an organizations social media presence. They create and schedule content, engage with followers, and analyze social media metrics to drive brand awareness and engagement.","Social media platforms (e.g., Facebook, Twitter, Instagram) Content creation and scheduling Social media analytics and insights Community engagement Paid social advertising","Manage and grow social media accounts, create engaging content, and interact with the online community. Develop social media content calendars and strategies. Monitor social media trends and engagement metrics.",CIMIC Group,169382
2 to 13 Years,BCA,$64K-$118K,"Marrakech, Morocco",Temporary,Digital Marketing Specialist,Social Media Manager,"Social Media Managers oversee an organizations social media presence. They create and schedule content, engage with followers, and analyze social media metrics to drive brand awareness and engagement.","Social media platforms (e.g., Facebook, Twitter, Instagram) Content creation and scheduling Social media analytics and insights Community engagement Paid social advertising","Manage and grow social media accounts, create engaging content, and interact with the online community. Develop social media content calendars and strategies. Monitor social media trends and engagement metrics.",Nordstrom,159288
4 to 8 Years,M.Tech,$56K-$107K,"Casablanca, Morocco",Intern,Social Media Manager,Social Media Strategist,"Social Media Strategists develop and execute social media strategies to achieve marketing goals. They analyze social media trends, create content calendars, and measure the effectiveness of social media campaigns.",Social media marketing strategy development Content planning and creation Social media advertising and targeting Data-driven decision-making Social media trends and platform updates,Develop and implement social media strategies to increase brand awareness and engagement. Create and curate content for various social media platforms. Monitor social media metrics and analyze performance.,Gilead Sciences,240769
0 to 10 Years,B.Tech,$57K-$91K,"Fes, Morocco",Part-Time,Social Media Manager,Social Media Strategist,"Social Media Strategists develop and execute social media strategies to achieve marketing goals. They analyze social media trends, create content calendars, and measure the effectiveness of social media campaigns.",Social media marketing strategy development Content planning and creation Social media advertising and targeting Data-driven decision-making Social media trends and platform updates,Develop and implement social media strategies to increase brand awareness and engagement. Create and curate content for various social media platforms. Monitor social media metrics and analyze performance.,Wayfair,152952
5 to 12 Years,B.Com,$55K-$108K,"Casablanca, Morocco",Contract,Software Architect,Solution Architect,"A Solution Architect designs and develops effective solutions for complex business problems, leveraging technology and aligning them with the organizations goals and objectives.",Solution design Technical architecture Cloud computing and software development knowledge,Design high-level solution architectures for software projects. Define technical requirements and specifications. Provide guidance to development teams on best practices.,Pfizer Inc.,131687
1 to 15 Years,BBA,$59K-$82K,"Marrakech, Morocco",Full-Time,Software Architect,Solution Architect,"A Solution Architect designs and develops effective solutions for complex business problems, leveraging technology and aligning them with the organizations goals and objectives.",Solution design Technical architecture Cloud computing and software development knowledge,Design high-level solution architectures for software projects. Define technical requirements and specifications. Provide guidance to development teams on best practices.,Australia and New Zealand Banking Group (ANZ),139668
2 to 10 Years,PhD,$62K-$128K,"Fes, Morocco",Part-Time,Procurement Specialist,Sourcing Analyst,"Sourcing Analysts research and analyze potential suppliers, evaluate procurement strategies, and negotiate contracts to secure cost-effective and quality supplies.",Sourcing strategies Supplier evaluation Market research Cost analysis Contract negotiation,Identify and evaluate potential suppliers and sourcing opportunities. Analyze market trends and supplier performance. Negotiate contracts and terms with suppliers.,News Corp.,105341
1 to 11 Years,M.Tech,$61K-$119K,"Agadir, Morocco",Contract,Teacher,Special Education Teacher,"A Special Education Teacher works with students who have disabilities, tailoring instruction to meet their unique needs and ensuring they have access to a quality education.",Special education strategies Individualized education plans (IEPs) Behavior management techniques Collaboration with support staff Special education laws and regulations knowledge,"Provide tailored instruction and support to students with special needs. Develop and implement Individualized Education Plans (IEPs). Collaborate with parents, therapists, and support staff.",Targa Resources,83259
5 to 15 Years,MCA,$56K-$100K,"Tangier, Morocco",Full-Time,Speech Therapist,Speech Pathologist,"Speech Pathologists diagnose and treat speech, language, and swallowing disorders in patients of all ages. They develop personalized treatment plans to improve communication.",Speech pathology Articulation therapy Language disorders Speech assessment Therapy planning Communication skills,Diagnose and treat a wide range of speech and language disorders across age groups. Use assessment tools and therapeutic techniques. Help individuals improve their communication abilities.,Whitbread plc,124311
2 to 11 Years,PhD,$60K-$102K,"Fes, Morocco",Contract,Key Account Manager,Strategic Account Manager,"Strategic Account Managers nurture relationships with key clients. They develop account strategies, address client needs, and seek opportunities for business growth and expansion.",Account management Client relationship Sales strategy Business development Negotiation skills,"Focus on strategic planning for key accounts, identifying long-term goals and growth opportunities. Collaborate with cross-functional teams to meet client needs. Monitor account performance and profitability.",Lincoln National,124756
0 to 13 Years,M.Com,$59K-$100K,"Agadir, Morocco",Full-Time,Business Development Manager,Strategic Partnerships Manager,"A Strategic Partnerships Manager identifies and develops strategic partnerships and alliances that benefit the organization, fostering collaborations and driving mutual success.",Partnership development Negotiation and collaboration Business development,Identify and establish strategic partnerships and alliances. Negotiate partnership agreements and terms. Collaborate with partners to achieve mutual business goals.,Shree Cement,146438
3 to 8 Years,BA,$57K-$107K,"Kenitra, Morocco",Part-Time,Civil Engineer,Structural Engineer,"A Structural Engineer designs and analyzes the structural integrity of buildings, bridges, and other structures. They ensure safety and compliance with engineering standards.","Structural engineering principles Structural analysis and design software (e.g., AutoCAD, SAP2000) Building codes and standards Project management Structural integrity assessment",Design and analyze structural components and systems for buildings and infrastructure projects. Ensure structural safety and compliance with codes and standards. Collaborate with architects and contractors.,Ceconomy AG (Formerly Metro AG),164910
5 to 12 Years,B.Com,$60K-$86K,"Fes, Morocco",Full-Time,Art Teacher,Studio Art Teacher,"A Studio Art Teacher instructs students in studio art practices, providing hands-on guidance in creating art and fostering artistic expression and skill development.",Art instruction Classroom management Art techniques Lesson planning Student assessment,Focus on specific art mediums or techniques in a studio environment. Provide hands-on instruction and guidance. Encourage students to explore and refine their artistic skills.,China Southern Airlines,128669
4 to 12 Years,BA,$64K-$95K,"Marrakech, Morocco",Intern,Teacher,Subject Matter Expert,A Subject Matter Expert possesses deep knowledge in a specific field and provides expertise to solve complex problems or guide decision-making within that domain.,Expertise in a specific subject area Knowledge of curriculum standards Instructional design Assessment development Educational technology proficiency,Specialize in a particular subject area and develop curriculum materials. Provide expertise and guidance to other educators. Stay updated on educational trends and research.,Advance Auto Parts,151256
2 to 8 Years,M.Com,$63K-$129K,"Oujda, Morocco",Temporary,Teacher,Subject Matter Expert,A Subject Matter Expert possesses deep knowledge in a specific field and provides expertise to solve complex problems or guide decision-making within that domain.,Expertise in a specific subject area Knowledge of curriculum standards Instructional design Assessment development Educational technology proficiency,Specialize in a particular subject area and develop curriculum materials. Provide expertise and guidance to other educators. Stay updated on educational trends and research.,Anheuser-Busch InBev SA/NV,122785
1 to 12 Years,B.Tech,$56K-$110K,"Fes, Morocco",Full-Time,Procurement Manager,Supplier Diversity Manager,"Promote diversity and inclusion in the supply chain, manage supplier diversity programs, and assess supplier performance.",Supplier diversity programs Diversity and inclusion initiatives Supplier assessment and certification Data collection and reporting Vendor outreach and engagement Strategic planning Communication skills Relationship building Attention to diversity and inclusion principles,Promote supplier diversity initiatives and inclusion. Identify and onboard diverse suppliers. Monitor compliance with diversity goals and regulations.,Ovintiv,101117
2 to 12 Years,MCA,$61K-$123K,"Tangier, Morocco",Intern,Procurement Manager,Supplier Diversity Manager,"Promote diversity and inclusion in the supply chain, manage supplier diversity programs, and assess supplier performance.",Supplier diversity programs Diversity and inclusion initiatives Supplier assessment and certification Data collection and reporting Vendor outreach and engagement Strategic planning Communication skills Relationship building Attention to diversity and inclusion principles,Promote supplier diversity initiatives and inclusion. Identify and onboard diverse suppliers. Monitor compliance with diversity goals and regulations.,Tata Power,220934
2 to 12 Years,MCA,$60K-$127K,"Marrakech, Morocco",Temporary,Procurement Manager,Supplier Diversity Manager,"Promote diversity and inclusion in the supply chain, manage supplier diversity programs, and assess supplier performance.",Supplier diversity programs Diversity and inclusion initiatives Supplier assessment and certification Data collection and reporting Vendor outreach and engagement Strategic planning Communication skills Relationship building Attention to diversity and inclusion principles,Promote supplier diversity initiatives and inclusion. Identify and onboard diverse suppliers. Monitor compliance with diversity goals and regulations.,Jones Financial (Edward Jones),161580
0 to 15 Years,B.Com,$55K-$113K,"Rabat, Morocco",Full-Time,Purchasing Agent,Supply Chain Coordinator,"A Supply Chain Coordinator manages supply chain operations, coordinates logistics, and ensures the seamless flow of goods and materials throughout the supply chain network.",Supply chain logistics Inventory management Communication skills Problem-solving Vendor coordination,"Coordinate supply chain activities, including logistics, transportation, and demand planning. Collaborate with suppliers and distribution partners. Monitor and improve supply chain efficiency.",Capital One Financial,125531
5 to 8 Years,MBA,$61K-$86K,"Casablanca, Morocco",Part-Time,Purchasing Agent,Supply Chain Coordinator,"A Supply Chain Coordinator manages supply chain operations, coordinates logistics, and ensures the seamless flow of goods and materials throughout the supply chain network.",Supply chain logistics Inventory management Communication skills Problem-solving Vendor coordination,"Coordinate supply chain activities, including logistics, transportation, and demand planning. Collaborate with suppliers and distribution partners. Monitor and improve supply chain efficiency.",Maruti Suzuki India,178737
0 to 9 Years,BBA,$64K-$110K,"Rabat, Morocco",Part-Time,Purchasing Agent,Supply Chain Coordinator,"A Supply Chain Coordinator manages supply chain operations, coordinates logistics, and ensures the seamless flow of goods and materials throughout the supply chain network.",Supply chain logistics Inventory management Communication skills Problem-solving Vendor coordination,"Coordinate supply chain activities, including logistics, transportation, and demand planning. Collaborate with suppliers and distribution partners. Monitor and improve supply chain efficiency.",Goodman Group,124467
0 to 15 Years,MBA,$55K-$127K,"Rabat, Morocco",Part-Time,Purchasing Agent,Supply Chain Coordinator,"A Supply Chain Coordinator manages supply chain operations, coordinates logistics, and ensures the seamless flow of goods and materials throughout the supply chain network.",Supply chain logistics Inventory management Communication skills Problem-solving Vendor coordination,"Coordinate supply chain activities, including logistics, transportation, and demand planning. Collaborate with suppliers and distribution partners. Monitor and improve supply chain efficiency.",Delta Air Lines,134245
3 to 10 Years,M.Tech,$65K-$119K,"Oujda, Morocco",Full-Time,Purchasing Agent,Supply Chain Coordinator,"A Supply Chain Coordinator manages supply chain operations, coordinates logistics, and ensures the seamless flow of goods and materials throughout the supply chain network.",Supply chain logistics Inventory management Communication skills Problem-solving Vendor coordination,"Coordinate supply chain activities, including logistics, transportation, and demand planning. Collaborate with suppliers and distribution partners. Monitor and improve supply chain efficiency.",Ecolab,102330
2 to 15 Years,BBA,$63K-$101K,"Casablanca, Morocco",Temporary,Purchasing Agent,Supply Chain Coordinator,"A Supply Chain Coordinator manages supply chain operations, coordinates logistics, and ensures the seamless flow of goods and materials throughout the supply chain network.",Supply chain logistics Inventory management Communication skills Problem-solving Vendor coordination,"Coordinate supply chain activities, including logistics, transportation, and demand planning. Collaborate with suppliers and distribution partners. Monitor and improve supply chain efficiency.",China Construction Bank,117247
3 to 15 Years,MBA,$56K-$103K,"Casablanca, Morocco",Full-Time,Purchasing Agent,Supply Chain Coordinator,"A Supply Chain Coordinator manages supply chain operations, coordinates logistics, and ensures the seamless flow of goods and materials throughout the supply chain network.",Supply chain logistics Inventory management Communication skills Problem-solving Vendor coordination,"Coordinate supply chain activities, including logistics, transportation, and demand planning. Collaborate with suppliers and distribution partners. Monitor and improve supply chain efficiency.",Kimberly-Clark,123167
4 to 10 Years,BCA,$65K-$110K,"Tetouan, Morocco",Contract,Operations Manager,Supply Chain Manager,"Supply Chain Managers manage the end-to-end supply chain process, from procurement to distribution. They optimize logistics, reduce costs, and ensure the efficient flow of products or services to meet customer demand.",Supply chain logistics and management Inventory control and procurement Supplier relationship management Data analysis and forecasting Risk assessment and mitigation,"Manage the supply chain process, including procurement, inventory management, and logistics. Optimize supply chain operations for cost-effectiveness and timely delivery. Monitor supplier performance and relationships.",Xiaomi Corporation,112459
0 to 14 Years,B.Com,$64K-$116K,"Fes, Morocco",Temporary,Operations Manager,Supply Chain Manager,"Supply Chain Managers manage the end-to-end supply chain process, from procurement to distribution. They optimize logistics, reduce costs, and ensure the efficient flow of products or services to meet customer demand.",Supply chain logistics and management Inventory control and procurement Supplier relationship management Data analysis and forecasting Risk assessment and mitigation,"Manage the supply chain process, including procurement, inventory management, and logistics. Optimize supply chain operations for cost-effectiveness and timely delivery. Monitor supplier performance and relationships.",Arthur J. Gallagher,109323
5 to 11 Years,BA,$56K-$94K,"Casablanca, Morocco",Contract,Operations Manager,Supply Chain Manager,"Supply Chain Managers manage the end-to-end supply chain process, from procurement to distribution. They optimize logistics, reduce costs, and ensure the efficient flow of products or services to meet customer demand.",Supply chain logistics and management Inventory control and procurement Supplier relationship management Data analysis and forecasting Risk assessment and mitigation,"Manage the supply chain process, including procurement, inventory management, and logistics. Optimize supply chain operations for cost-effectiveness and timely delivery. Monitor supplier performance and relationships.",CommScope Holding,178713
4 to 14 Years,BCA,$61K-$111K,"Rabat, Morocco",Part-Time,Environmental Engineer,Sustainability Specialist,"A Sustainability Specialist promotes sustainability initiatives within organizations, develops sustainability programs, and helps reduce environmental impacts while increasing efficiency.",Sustainability practices Environmental management systems Green certifications,Promote sustainability practices within organizations. Develop sustainability plans and initiatives. Monitor and report on sustainability metrics and goals.,UnitedHealth Group,190892
5 to 15 Years,BBA,$61K-$111K,"Casablanca, Morocco",Intern,Environmental Engineer,Sustainability Specialist,"A Sustainability Specialist promotes sustainability initiatives within organizations, develops sustainability programs, and helps reduce environmental impacts while increasing efficiency.",Sustainability practices Environmental management systems Green certifications,Promote sustainability practices within organizations. Develop sustainability plans and initiatives. Monitor and report on sustainability metrics and goals.,PPG Industries,146610
4 to 15 Years,MBA,$61K-$119K,"Tangier, Morocco",Intern,Architect,Sustainable Design Specialist,"Sustainable Design Specialists incorporate eco-friendly practices into architectural designs, promoting energy efficiency and environmental sustainability.",Sustainable design principles Energy efficiency LEED certification Green building materials Environmental impact assessment,Focus on sustainable and eco-friendly architectural practices. Integrate green building technologies and materials into architectural designs. Advise on energy-efficient building solutions.,Consolidated Edison,138763
3 to 13 Years,BA,$64K-$107K,"Rabat, Morocco",Intern,Architect,Sustainable Design Specialist,"Sustainable Design Specialists incorporate eco-friendly practices into architectural designs, promoting energy efficiency and environmental sustainability.",Sustainable design principles Energy efficiency LEED certification Green building materials Environmental impact assessment,Focus on sustainable and eco-friendly architectural practices. Integrate green building technologies and materials into architectural designs. Advise on energy-efficient building solutions.,JD Sports Fashion,106547
5 to 13 Years,M.Com,$56K-$108K,"Tetouan, Morocco",Full-Time,Architect,Sustainable Design Specialist,"Sustainable Design Specialists incorporate eco-friendly practices into architectural designs, promoting energy efficiency and environmental sustainability.",Sustainable design principles Energy efficiency LEED certification Green building materials Environmental impact assessment,Focus on sustainable and eco-friendly architectural practices. Integrate green building technologies and materials into architectural designs. Advise on energy-efficient building solutions.,Devon Energy,85100
5 to 13 Years,BBA,$65K-$83K,"Tangier, Morocco",Intern,Architect,Sustainable Design Specialist,"Sustainable Design Specialists incorporate eco-friendly practices into architectural designs, promoting energy efficiency and environmental sustainability.",Sustainable design principles Energy efficiency LEED certification Green building materials Environmental impact assessment,Focus on sustainable and eco-friendly architectural practices. Integrate green building technologies and materials into architectural designs. Advise on energy-efficient building solutions.,Indiabulls Housing Finance,91449
0 to 14 Years,B.Com,$65K-$128K,"Rabat, Morocco",Full-Time,Architect,Sustainable Design Specialist,"Sustainable Design Specialists incorporate eco-friendly practices into architectural designs, promoting energy efficiency and environmental sustainability.",Sustainable design principles Energy efficiency LEED certification Green building materials Environmental impact assessment,Focus on sustainable and eco-friendly architectural practices. Integrate green building technologies and materials into architectural designs. Advise on energy-efficient building solutions.,UPL Limited,148720
5 to 8 Years,PhD,$58K-$98K,"Casablanca, Morocco",Contract,Landscape Designer,Sustainable Landscape Specialist,"Sustainable Landscape Specialists focus on creating environmentally friendly and sustainable landscapes. They incorporate eco-friendly practices, native plants, and water conservation techniques into landscape design and maintenance.",Sustainable landscape design Native plant selection Water conservation Soil health Green building practices LEED certification,"Focus on environmentally friendly and sustainable landscape design practices. Incorporate native plants, rainwater harvesting, and ecological principles. Educate clients on sustainable landscaping benefits.",Walt Disney,120292
5 to 13 Years,M.Com,$64K-$117K,"Agadir, Morocco",Temporary,Landscape Designer,Sustainable Landscape Specialist,"Sustainable Landscape Specialists focus on creating environmentally friendly and sustainable landscapes. They incorporate eco-friendly practices, native plants, and water conservation techniques into landscape design and maintenance.",Sustainable landscape design Native plant selection Water conservation Soil health Green building practices LEED certification,"Focus on environmentally friendly and sustainable landscape design practices. Incorporate native plants, rainwater harvesting, and ecological principles. Educate clients on sustainable landscaping benefits.",Charles Schwab,126117
2 to 9 Years,BA,$60K-$87K,"Agadir, Morocco",Intern,IT Administrator,System Administrator,"System Administrators manage and maintain computer systems and networks. They handle software installations, security measures, and troubleshooting to ensure system reliability.",System administration Network administration Troubleshooting Security management Server maintenance Backup and recovery,Manage and maintain computer systems and servers. Install and configure software and hardware. Monitor system performance and security.,Vistra,84420
0 to 15 Years,PhD,$60K-$122K,"Casablanca, Morocco",Temporary,Network Administrator,Systems Administrator,"Manage and maintain an organizations IT infrastructure, including servers, hardware, and software systems.","System administration Server maintenance Active Directory Backup and recovery Cloud computing (e.g., AWS, Azure) Troubleshooting IT security best practices Collaboration Problem-solving Attention to detail Communication skills Technical knowledge","Administer servers and systems, ensuring uptime and reliability. Perform software installations and updates. Provide technical support to end-users.",Sinopec,172673
3 to 9 Years,BCA,$59K-$118K,"Marrakech, Morocco",Temporary,Aerospace Engineer,Systems Engineer,Systems Engineers design and manage complex systems and infrastructure. They integrate various components and technologies to ensure optimal system performance and reliability.,Systems engineering System architecture Integration testing Troubleshooting Technical documentation Configuration management,Work on aerospace systems integration and optimization. Address system safety and reliability. Collaborate with multidisciplinary teams.,Caesars Entertainment,100215
1 to 14 Years,M.Tech,$58K-$111K,"Agadir, Morocco",Temporary,Systems Engineer,Systems Integration Specialist,"The role of a Systems Integration Specialist involves integrating various software and hardware components to create cohesive systems. You will design and implement solutions that enable different systems to communicate and work together seamlessly. Your responsibilities also include troubleshooting integration issues, ensuring data consistency, and collaborating with cross-functional teams.",Systems integration Integration architecture Data mapping Middleware technologies API integration System testing Troubleshooting,"Integrate various software and hardware systems within an organization, ensuring seamless data flow and interoperability. Collaborate with software developers and IT teams on integration projects.",Opendoor Technologies,135285
0 to 13 Years,M.Tech,$58K-$93K,"Rabat, Morocco",Temporary,Human Resources Manager,Talent Acquisition Manager,"Talent Acquisition Managers oversee the recruitment and hiring process. They develop recruitment strategies, source candidates, conduct interviews, and collaborate with hiring managers to attract and hire qualified talent to meet the organizations staffing needs.",Talent sourcing Interviewing Onboarding Recruitment strategies HR software,"Lead talent acquisition efforts, including sourcing, interviewing, and onboarding new employees. Collaborate with hiring managers to define job requirements. Develop and implement recruitment strategies.",FedEx,196740
5 to 11 Years,BA,$63K-$94K,"Agadir, Morocco",Part-Time,Accountant,Tax Accountant,"Tax Accountants specialize in tax-related matters. They prepare tax returns, assist with tax planning, and ensure compliance with tax laws and regulations. They stay updated on tax codes and advise organizations on tax strategies.",Tax preparation Tax planning Tax regulations Accounting Tax software proficiency,"Prepare and file tax returns, provide tax planning advice, and address tax-related issues. Stay up-to-date on tax laws and regulations. Assist clients with tax compliance and planning.",Coterra Energy,138668
1 to 12 Years,BBA,$55K-$104K,"Rabat, Morocco",Intern,Financial Planner,Tax Planner,"Assist clients with tax planning, minimize tax liabilities, and stay up-to-date with tax laws and regulations.",Tax planning strategies Tax law knowledge Financial analysis Retirement planning Estate planning Client relationship management Tax optimization Communication skills Attention to detail Tax software proficiency Regulatory compliance,"Focus on tax planning and optimization, helping clients minimize tax liabilities. Stay updated on tax laws and regulations. Provide tax-efficient financial strategies.",PepsiCo,136745
2 to 8 Years,MBA,$56K-$130K,"Casablanca, Morocco",Temporary,Product Manager,Technical Product Manager,"Technical Product Managers oversee the development and enhancement of technical products. They define product requirements, prioritize features, collaborate with development teams, and ensure the product aligns with the companys strategic goals and market needs.",Product management principles Technical background Agile development methodologies Product roadmap planning Market research and analysis Stakeholder communication Problem-solving skills,"Define product requirements, prioritize features, and collaborate with development teams to deliver technical products. Create product roadmaps and release plans. Gather and incorporate feedback from stakeholders.",Ceconomy AG (Formerly Metro AG),229843
4 to 12 Years,MCA,$60K-$96K,"Casablanca, Morocco",Contract,SEO Analyst,Technical SEO Analyst,"As a Technical SEO Analyst, your role is to analyze website performance and identify opportunities for optimization. You will work on improving site speed, mobile-friendliness, and other technical aspects to enhance search engine rankings. You will also perform keyword research, conduct competitive analysis, and provide recommendations to improve website SEO.","Technical SEO Website audits SEO tools (e.g., Screaming Frog, Ahrefs) Schema markup Site speed optimization XML sitemaps Canonicalization","Focus on technical aspects of SEO, including website structure, page speed, and mobile optimization. Conduct technical SEO audits and provide recommendations for website improvements. Collaborate with web developers on technical SEO implementations.",Northwestern Mutual,145587
5 to 8 Years,M.Tech,$58K-$106K,"Oujda, Morocco",Intern,Content Writer,Technical Writer,"Technical Writers specialize in creating user-friendly documentation and manuals for technical products and services. They translate complex technical information into accessible, understandable content.",Technical documentation Technical knowledge Writing skills Editing User manuals,"Write technical documentation, user manuals, and instructional guides. Translate complex technical information into user-friendly content. Collaborate with subject matter experts and engineers.",The Boeing Company,108307
2 to 13 Years,BCA,$61K-$100K,"Rabat, Morocco",Full-Time,Content Writer,Technical Writer,"Technical Writers specialize in creating user-friendly documentation and manuals for technical products and services. They translate complex technical information into accessible, understandable content.",Technical documentation Technical knowledge Writing skills Editing User manuals,"Write technical documentation, user manuals, and instructional guides. Translate complex technical information into user-friendly content. Collaborate with subject matter experts and engineers.",Hindustan Unilever Limited (HUL),140214
3 to 9 Years,MBA,$59K-$93K,"Casablanca, Morocco",Temporary,Pharmaceutical Sales Representative,Territory Sales Manager,"Territory Sales Managers oversee a specific sales territory, managing sales teams, setting goals, and developing strategies to meet sales objectives.",Sales leadership Territory management Team management Sales data analysis Strategic planning and execution,"Manage a sales territory, including developing sales strategies and targets. Lead a sales team and provide coaching and support. Monitor sales performance and track progress toward goals.",Sinopharm Group,180289
3 to 14 Years,MCA,$56K-$115K,"Agadir, Morocco",Full-Time,HR Coordinator,Training Coordinator,"Training Coordinators design and implement employee training programs. They assess training needs, develop training materials, and facilitate training sessions to enhance employees skills and knowledge.",Training program coordination Training material development Learning management systems,"Coordinate employee training programs, track training records, and assist with training logistics. Identify training needs and develop training materials. Facilitate training sessions or workshops.",Page Industries,68506
1 to 12 Years,MBA,$65K-$127K,"Rabat, Morocco",Part-Time,HR Coordinator,Training Coordinator,"Training Coordinators design and implement employee training programs. They assess training needs, develop training materials, and facilitate training sessions to enhance employees skills and knowledge.",Training program coordination Training material development Learning management systems,"Coordinate employee training programs, track training records, and assist with training logistics. Identify training needs and develop training materials. Facilitate training sessions or workshops.",SSE plc,158250
4 to 12 Years,M.Com,$64K-$81K,"Oujda, Morocco",Contract,HR Coordinator,Training Coordinator,"Training Coordinators design and implement employee training programs. They assess training needs, develop training materials, and facilitate training sessions to enhance employees skills and knowledge.",Training program coordination Training material development Learning management systems,"Coordinate employee training programs, track training records, and assist with training logistics. Identify training needs and develop training materials. Facilitate training sessions or workshops.",Dr. Reddy's Laboratories,68200
0 to 9 Years,M.Tech,$62K-$126K,"Agadir, Morocco",Part-Time,HR Coordinator,Training Coordinator,"Training Coordinators design and implement employee training programs. They assess training needs, develop training materials, and facilitate training sessions to enhance employees skills and knowledge.",Training program coordination Training material development Learning management systems,"Coordinate employee training programs, track training records, and assist with training logistics. Identify training needs and develop training materials. Facilitate training sessions or workshops.",Centene,109015
4 to 10 Years,MBA,$61K-$126K,"Kenitra, Morocco",Contract,Graphic Designer,UI/UX Designer,"UI/UX Designers focus on creating user-friendly and visually appealing interfaces for digital products. They conduct user research, design wireframes and prototypes, and collaborate with development teams to ensure a seamless and enjoyable user experience.","User interface (UI) design User experience (UX) design Wireframing and prototyping tools (e.g., Sketch, Figma) Usability testing Information architecture Interaction design Mobile and responsive design",Focus on user interface (UI) and user experience (UX) design for websites and applications to enhance user engagement. Conduct user research and usability testing. Collaborate with developers to implement designs.,Conagra Brands,100870
2 to 11 Years,M.Com,$65K-$96K,"Marrakech, Morocco",Contract,Front-End Developer,UI/UX Developer,A UI/UX Developer combines design and technical skills to create user-friendly interfaces for digital products. They ensure a seamless and visually appealing user experience.,"User interface (UI) design User experience (UX) design Web design principles Prototyping and wireframing Front-end development languages (e.g., HTML, CSS, JavaScript) Interaction design User testing Responsive design Usability testing Collaboration Attention to detail",Design and implement user interfaces (UI) for websites and web applications. Create intuitive and visually appealing UI elements. Collaborate with UX designers to optimize user experiences.,St. James's Place plc,107221
0 to 11 Years,PhD,$56K-$121K,"Rabat, Morocco",Part-Time,Landscape Architect,Urban Planner,"Develop and implement urban planning strategies, manage land use, and ensure sustainable city development.",Urban design and planning Zoning regulations GIS and mapping tools,"Plan and design urban spaces, parks, and recreational areas. Consider sustainability and community needs in design. Collaborate with city planners and architects.",Campbell Soup,121286
5 to 9 Years,B.Com,$64K-$106K,"Kenitra, Morocco",Temporary,Landscape Architect,Urban Planner,"Develop and implement urban planning strategies, manage land use, and ensure sustainable city development.",Urban design and planning Zoning regulations GIS and mapping tools,"Plan and design urban spaces, parks, and recreational areas. Consider sustainability and community needs in design. Collaborate with city planners and architects.",BMW Group,104097
4 to 8 Years,BA,$59K-$83K,"Tangier, Morocco",Temporary,Landscape Architect,Urban Planner,"Develop and implement urban planning strategies, manage land use, and ensure sustainable city development.",Urban design and planning Zoning regulations GIS and mapping tools,"Plan and design urban spaces, parks, and recreational areas. Consider sustainability and community needs in design. Collaborate with city planners and architects.",Deutsche Bahn AG,145567
0 to 12 Years,MBA,$65K-$105K,"Oujda, Morocco",Temporary,Landscape Architect,Urban Planner,"Develop and implement urban planning strategies, manage land use, and ensure sustainable city development.",Urban design and planning Zoning regulations GIS and mapping tools,"Plan and design urban spaces, parks, and recreational areas. Consider sustainability and community needs in design. Collaborate with city planners and architects.",Fidelity National Information Services,89644
5 to 15 Years,MCA,$56K-$82K,"Casablanca, Morocco",Intern,UX Researcher,Usability Analyst,Evaluate and improve the usability of websites and applications through user testing and analysis.,Usability evaluation User interface assessment Usability testing tools and techniques,Focus on usability testing of digital products and websites. Create test plans and scenarios. Gather and analyze usability data to identify areas for improvement.,O'Reilly Automotive,177781
2 to 15 Years,M.Com,$63K-$88K,"Fes, Morocco",Temporary,UX/UI Designer,User Experience Designer,"User Experience Designers create intuitive and user-friendly digital interfaces. They conduct user research, design prototypes, and work to enhance the overall user experience of websites and applications.","User-centered design principles UX/UI design tools (e.g., Sketch, Adobe XD) Wireframing and prototyping Usability testing and user research Information architecture and user flows",Design and improve user experiences (UX) by creating intuitive and user-friendly interfaces for websites and applications. Conduct user research and usability testing. Collaborate with stakeholders to gather and incorporate feedback.,Britannia Industries,102531
3 to 12 Years,M.Com,$64K-$127K,"Rabat, Morocco",Part-Time,UX/UI Designer,User Experience Designer,"User Experience Designers create intuitive and user-friendly digital interfaces. They conduct user research, design prototypes, and work to enhance the overall user experience of websites and applications.","User-centered design principles UX/UI design tools (e.g., Sketch, Adobe XD) Wireframing and prototyping Usability testing and user research Information architecture and user flows",Design and improve user experiences (UX) by creating intuitive and user-friendly interfaces for websites and applications. Conduct user research and usability testing. Collaborate with stakeholders to gather and incorporate feedback.,Tesla,137367
1 to 12 Years,BA,$62K-$88K,"Casablanca, Morocco",Contract,UX/UI Designer,User Experience Designer,"User Experience Designers create intuitive and user-friendly digital interfaces. They conduct user research, design prototypes, and work to enhance the overall user experience of websites and applications.","User-centered design principles UX/UI design tools (e.g., Sketch, Adobe XD) Wireframing and prototyping Usability testing and user research Information architecture and user flows",Design and improve user experiences (UX) by creating intuitive and user-friendly interfaces for websites and applications. Conduct user research and usability testing. Collaborate with stakeholders to gather and incorporate feedback.,American Family Insurance Group,177901
3 to 14 Years,B.Com,$61K-$130K,"Marrakech, Morocco",Part-Time,UX/UI Designer,User Experience Designer,"User Experience Designers create intuitive and user-friendly digital interfaces. They conduct user research, design prototypes, and work to enhance the overall user experience of websites and applications.","User-centered design principles UX/UI design tools (e.g., Sketch, Adobe XD) Wireframing and prototyping Usability testing and user research Information architecture and user flows",Design and improve user experiences (UX) by creating intuitive and user-friendly interfaces for websites and applications. Conduct user research and usability testing. Collaborate with stakeholders to gather and incorporate feedback.,Sherwin-Williams,142312
4 to 10 Years,B.Com,$56K-$122K,"Fes, Morocco",Full-Time,UX/UI Designer,User Experience Designer,"User Experience Designers create intuitive and user-friendly digital interfaces. They conduct user research, design prototypes, and work to enhance the overall user experience of websites and applications.","User-centered design principles UX/UI design tools (e.g., Sketch, Adobe XD) Wireframing and prototyping Usability testing and user research Information architecture and user flows",Design and improve user experiences (UX) by creating intuitive and user-friendly interfaces for websites and applications. Conduct user research and usability testing. Collaborate with stakeholders to gather and incorporate feedback.,Fortune Brands Innovations,136707
5 to 11 Years,PhD,$63K-$120K,"Rabat, Morocco",Intern,UX/UI Designer,User Experience Designer,"User Experience Designers create intuitive and user-friendly digital interfaces. They conduct user research, design prototypes, and work to enhance the overall user experience of websites and applications.","User-centered design principles UX/UI design tools (e.g., Sketch, Adobe XD) Wireframing and prototyping Usability testing and user research Information architecture and user flows",Design and improve user experiences (UX) by creating intuitive and user-friendly interfaces for websites and applications. Conduct user research and usability testing. Collaborate with stakeholders to gather and incorporate feedback.,NTPC Limited,131105
3 to 14 Years,B.Com,$64K-$94K,"Fes, Morocco",Full-Time,UX/UI Designer,User Interface Designer,"User Interface Designers focus on the visual and interactive aspects of digital interfaces. They design layouts, buttons, and other elements to ensure a cohesive and visually appealing user interface.","UI design principles and best practices Graphic design tools (e.g., Adobe Photoshop, Illustrator) Typography and color theory Visual design and layout Responsive design",Create visually appealing user interfaces (UI) that align with brand aesthetics and enhance user engagement. Design interface elements and interactive components. Ensure UI consistency across digital platforms.,Divi's Laboratories,78260
0 to 10 Years,PhD,$56K-$84K,"Casablanca, Morocco",Part-Time,UX/UI Designer,User Interface Designer,"User Interface Designers focus on the visual and interactive aspects of digital interfaces. They design layouts, buttons, and other elements to ensure a cohesive and visually appealing user interface.","UI design principles and best practices Graphic design tools (e.g., Adobe Photoshop, Illustrator) Typography and color theory Visual design and layout Responsive design",Create visually appealing user interfaces (UI) that align with brand aesthetics and enhance user engagement. Design interface elements and interactive components. Ensure UI consistency across digital platforms.,Coupang,171416
0 to 12 Years,MCA,$60K-$109K,"Nador, Morocco",Intern,UX/UI Designer,User Interface Designer,"User Interface Designers focus on the visual and interactive aspects of digital interfaces. They design layouts, buttons, and other elements to ensure a cohesive and visually appealing user interface.","UI design principles and best practices Graphic design tools (e.g., Adobe Photoshop, Illustrator) Typography and color theory Visual design and layout Responsive design",Create visually appealing user interfaces (UI) that align with brand aesthetics and enhance user engagement. Design interface elements and interactive components. Ensure UI consistency across digital platforms.,3i Group,88605
5 to 15 Years,MCA,$65K-$119K,"Casablanca, Morocco",Temporary,UX/UI Designer,User Interface Designer,"User Interface Designers focus on the visual and interactive aspects of digital interfaces. They design layouts, buttons, and other elements to ensure a cohesive and visually appealing user interface.","UI design principles and best practices Graphic design tools (e.g., Adobe Photoshop, Illustrator) Typography and color theory Visual design and layout Responsive design",Create visually appealing user interfaces (UI) that align with brand aesthetics and enhance user engagement. Design interface elements and interactive components. Ensure UI consistency across digital platforms.,Johnson Controls International plc,150681
3 to 11 Years,B.Com,$58K-$94K,"Marrakech, Morocco",Temporary,UX/UI Designer,User Interface Designer,"User Interface Designers focus on the visual and interactive aspects of digital interfaces. They design layouts, buttons, and other elements to ensure a cohesive and visually appealing user interface.","UI design principles and best practices Graphic design tools (e.g., Adobe Photoshop, Illustrator) Typography and color theory Visual design and layout Responsive design",Create visually appealing user interfaces (UI) that align with brand aesthetics and enhance user engagement. Design interface elements and interactive components. Ensure UI consistency across digital platforms.,Deere,152335
2 to 13 Years,PhD,$55K-$111K,"Casablanca, Morocco",Part-Time,UX/UI Designer,User Interface Designer,"User Interface Designers focus on the visual and interactive aspects of digital interfaces. They design layouts, buttons, and other elements to ensure a cohesive and visually appealing user interface.","UI design principles and best practices Graphic design tools (e.g., Adobe Photoshop, Illustrator) Typography and color theory Visual design and layout Responsive design",Create visually appealing user interfaces (UI) that align with brand aesthetics and enhance user engagement. Design interface elements and interactive components. Ensure UI consistency across digital platforms.,Verizon Communications,195945
0 to 8 Years,B.Tech,$59K-$106K,"Casablanca, Morocco",Contract,UX/UI Designer,User Interface Designer,"User Interface Designers focus on the visual and interactive aspects of digital interfaces. They design layouts, buttons, and other elements to ensure a cohesive and visually appealing user interface.","UI design principles and best practices Graphic design tools (e.g., Adobe Photoshop, Illustrator) Typography and color theory Visual design and layout Responsive design",Create visually appealing user interfaces (UI) that align with brand aesthetics and enhance user engagement. Design interface elements and interactive components. Ensure UI consistency across digital platforms.,Lupin Limited,151638
0 to 11 Years,BCA,$64K-$112K,"Casablanca, Morocco",Intern,UX Researcher,User Researcher,"Conduct user research to understand customer needs, preferences, and behaviors to inform product development.",User research methods Usability testing Data analysis and interpretation,"Conduct user research to understand user behavior, needs, and preferences. Plan and execute user interviews, surveys, and usability studies. Analyze research findings and generate insights.","Harley-Davidson, Inc.",181667
2 to 15 Years,PhD,$60K-$129K,"Agadir, Morocco",Full-Time,UX Researcher,User Researcher,"Conduct user research to understand customer needs, preferences, and behaviors to inform product development.",User research methods Usability testing Data analysis and interpretation,"Conduct user research to understand user behavior, needs, and preferences. Plan and execute user interviews, surveys, and usability studies. Analyze research findings and generate insights.",Leidos Holdings,130534
3 to 9 Years,MCA,$63K-$87K,"Agadir, Morocco",Part-Time,UI Developer,UX/UI Designer,A UX/UI Designer focuses on enhancing user experiences by designing intuitive interfaces. They consider user needs and preferences to create visually appealing and functional designs.,User experience (UX) design User interface (UI) design Wireframing and prototyping Usability testing Design tools like Sketch or Figma,"Design user interfaces and experiences, focusing on usability and user-centered design principles. Create wireframes and prototypes. Conduct user testing and gather feedback for design improvements.",Wayfair,107624
4 to 12 Years,M.Com,$65K-$85K,"Casablanca, Morocco",Intern,UI Developer,UX/UI Designer,A UX/UI Designer focuses on enhancing user experiences by designing intuitive interfaces. They consider user needs and preferences to create visually appealing and functional designs.,User experience (UX) design User interface (UI) design Wireframing and prototyping Usability testing Design tools like Sketch or Figma,"Design user interfaces and experiences, focusing on usability and user-centered design principles. Create wireframes and prototypes. Conduct user testing and gather feedback for design improvements.",V-Guard Industries,150277
0 to 8 Years,B.Tech,$62K-$93K,"Agadir, Morocco",Part-Time,UI Developer,UX/UI Designer,A UX/UI Designer focuses on enhancing user experiences by designing intuitive interfaces. They consider user needs and preferences to create visually appealing and functional designs.,User experience (UX) design User interface (UI) design Wireframing and prototyping Usability testing Design tools like Sketch or Figma,"Design user interfaces and experiences, focusing on usability and user-centered design principles. Create wireframes and prototypes. Conduct user testing and gather feedback for design improvements.",Berkeley Group Holdings,106902
4 to 9 Years,B.Tech,$55K-$113K,"Casablanca, Morocco",Full-Time,UI Developer,UX/UI Designer,A UX/UI Designer focuses on enhancing user experiences by designing intuitive interfaces. They consider user needs and preferences to create visually appealing and functional designs.,User experience (UX) design User interface (UI) design Wireframing and prototyping Usability testing Design tools like Sketch or Figma,"Design user interfaces and experiences, focusing on usability and user-centered design principles. Create wireframes and prototypes. Conduct user testing and gather feedback for design improvements.",VF,226534
4 to 13 Years,PhD,$65K-$107K,"Nador, Morocco",Contract,UI Developer,UX/UI Designer,A UX/UI Designer focuses on enhancing user experiences by designing intuitive interfaces. They consider user needs and preferences to create visually appealing and functional designs.,User experience (UX) design User interface (UI) design Wireframing and prototyping Usability testing Design tools like Sketch or Figma,"Design user interfaces and experiences, focusing on usability and user-centered design principles. Create wireframes and prototypes. Conduct user testing and gather feedback for design improvements.",Consolidated Edison,120973
1 to 8 Years,BBA,$65K-$111K,"Casablanca, Morocco",Full-Time,Civil Engineer,Water Resources Engineer,"A Water Resources Engineer manages and develops water-related projects, such as dams, irrigation systems, and flood control measures, to ensure water resource sustainability.",Water resources engineering Hydrology and hydraulics Environmental impact assessment Water resource modeling software Watershed management,"Focus on water-related projects, such as flood control, water supply, and wastewater treatment. Design and manage water resource systems and infrastructure. Address water quality and conservation issues.",W.R. Berkley,212355
2 to 10 Years,M.Tech,$55K-$84K,"Casablanca, Morocco",Intern,Civil Engineer,Water Resources Engineer,"A Water Resources Engineer manages and develops water-related projects, such as dams, irrigation systems, and flood control measures, to ensure water resource sustainability.",Water resources engineering Hydrology and hydraulics Environmental impact assessment Water resource modeling software Watershed management,"Focus on water-related projects, such as flood control, water supply, and wastewater treatment. Design and manage water resource systems and infrastructure. Address water quality and conservation issues.",Baker Hughes,184890
5 to 12 Years,M.Tech,$60K-$110K,"Rabat, Morocco",Full-Time,Investment Advisor,Wealth Advisor,"Wealth Advisors provide financial advice to clients. They assess financial goals, create investment strategies, and offer guidance on wealth management and financial planning.",Financial planning Investment knowledge Relationship management Communication skills Analytical skills,Provide financial advice and investment strategies to clients. Assess clients financial goals and risk tolerance. Create personalized investment portfolios.,Advanced Micro Devices,164650
1 to 11 Years,MBA,$58K-$115K,"Casablanca, Morocco",Temporary,Investment Advisor,Wealth Advisor,"Wealth Advisors provide financial advice to clients. They assess financial goals, create investment strategies, and offer guidance on wealth management and financial planning.",Financial planning Investment knowledge Relationship management Communication skills Analytical skills,Provide financial advice and investment strategies to clients. Assess clients financial goals and risk tolerance. Create personalized investment portfolios.,Bank of New York Mellon,193767
2 to 11 Years,M.Com,$55K-$87K,"Casablanca, Morocco",Intern,Financial Advisor,Wealth Management Advisor,Wealth Management Advisors provide comprehensive financial planning and investment management services to high-net-worth individuals and families.,Wealth management strategies Asset allocation Estate planning Tax management Client relationship management,"Manage high-net-worth clients financial portfolios and assets. Offer comprehensive wealth management services, including estate planning and asset allocation. Provide personalized financial guidance.",Tenet Healthcare,186286
5 to 15 Years,M.Tech,$57K-$128K,"Rabat, Morocco",Temporary,Financial Advisor,Wealth Management Advisor,Wealth Management Advisors provide comprehensive financial planning and investment management services to high-net-worth individuals and families.,Wealth management strategies Asset allocation Estate planning Tax management Client relationship management,"Manage high-net-worth clients financial portfolios and assets. Offer comprehensive wealth management services, including estate planning and asset allocation. Provide personalized financial guidance.","Wyndham Hotels & Resorts, Inc.",129897
3 to 12 Years,M.Com,$61K-$118K,"Tangier, Morocco",Intern,Front-End Developer,Web Designer,"A Web Designer specializes in designing visually appealing and responsive websites. They create layouts, graphics, and user interfaces to enhance the online presence of businesses.","Web design concepts Graphic design software (e.g., Adobe Creative Suite) HTML and CSS Responsive design User interface (UI) principles Visual communication Typography Color theory Creativity Attention to detail Collaboration","Focus on the visual design of websites, including layout, typography, and color schemes. Create custom graphics and illustrations. Ensure responsive and mobile-friendly designs.",Sun Pharmaceutical Industries,173556
5 to 14 Years,BA,$61K-$121K,"Casablanca, Morocco",Full-Time,Front-End Developer,Web Designer,"A Web Designer specializes in designing visually appealing and responsive websites. They create layouts, graphics, and user interfaces to enhance the online presence of businesses.","Web design concepts Graphic design software (e.g., Adobe Creative Suite) HTML and CSS Responsive design User interface (UI) principles Visual communication Typography Color theory Creativity Attention to detail Collaboration","Focus on the visual design of websites, including layout, typography, and color schemes. Create custom graphics and illustrations. Ensure responsive and mobile-friendly designs.",Progressive,175677
0 to 10 Years,BCA,$64K-$107K,"Fes, Morocco",Full-Time,Wedding Planner,Wedding Consultant,"A Wedding Consultant assists couples in planning and coordinating their weddings, helping them with vendor selection, budget management, and ensuring a seamless wedding day experience.",Wedding planning Vendor coordination Event management,Offer expert advice and guidance to couples planning their weddings. Assist with wedding theme and design selection. Coordinate and negotiate with vendors.,Stryker,105079
4 to 9 Years,BCA,$58K-$93K,"Oujda, Morocco",Contract,Event Coordinator,Wedding Coordinator,"Plan and execute weddings, coordinate vendors, manage budgets, and oversee all aspects of the event to create a memorable day.",Wedding planning Vendor coordination Ceremony and reception logistics Wedding etiquette Budget management Timeline planning Attention to detail Client communication Creativity Problem-solving Emotional intelligence Event design,"Assist couples in planning and executing their weddings, from venue selection to coordination on the big day. Manage timelines and resolve any issues that arise during weddings. Provide emotional support to couples.",ZTE Corporation,115020
0 to 15 Years,M.Com,$58K-$110K,"Rabat, Morocco",Part-Time,Wedding Planner,Wedding Designer,"A Wedding Designer specializes in creating visually appealing wedding designs and décor, transforming wedding venues into beautiful and memorable spaces.",Wedding design concepts Decor selection and arrangement Creative flair,"Focus on the visual and aesthetic aspects of weddings, including decor, floral arrangements, and styling. Create design concepts and layouts. Oversee setup and decoration on the wedding day.",AES,115096
2 to 8 Years,BCA,$61K-$120K,"Casablanca, Morocco",Temporary,Event Planner,Wedding Planner,"Wedding Planners specialize in organizing weddings, assisting couples with every aspect of wedding planning, from venue selection to catering and decor.",Wedding planning Venue selection Catering and menu planning Floral and decor design Wedding etiquette,"Specialize in wedding planning, assisting couples in creating their dream weddings. Select and manage vendors, plan ceremonies, and handle wedding day coordination. Provide creative and budget-conscious solutions.",Edison International,199999
3 to 15 Years,M.Com,$64K-$118K,"Tangier, Morocco",Full-Time,Network Engineer,Wireless Network Engineer,"Wireless Network Engineers design, implement, and maintain wireless network solutions. They optimize wireless connectivity, troubleshoot issues, and ensure reliable and secure wireless communications.",Wireless network design and architecture Wi-Fi standards and protocols RF (Radio Frequency) planning and optimization Wireless security protocols Troubleshooting wireless network issues,"Design, configure, and optimize wireless networks, ensuring reliable and secure wireless connectivity. Troubleshoot wireless network issues. Plan and implement wireless network upgrades.",Centene,145659
