job_title,skills_from_col,skills_from_desc,skills_final,jaccard_overlap
Account Director,['account management client relations marketing strategies campaign optimization data analysis communication skills'],"['advertising', 'marketing']","['account management client relations marketing strategies campaign optimization data analysis communication skills', 'advertising', 'marketing']",0.0
Account Director,['business development sales strategy market analysis client acquisition team leadership strategic planning presentation skills'],['business development'],"['business development', 'business development sales strategy market analysis client acquisition team leadership strategic planning presentation skills']",0.0
Account Executive,['advertising and marketing knowledge client relationship management advertising campaign development budget management media planning and buying'],['advertising'],"['advertising', 'advertising and marketing knowledge client relationship management advertising campaign development budget management media planning and buying']",0.0
Account Executive,['key account management sales strategy development negotiation and closing skills relationship building industry and market knowledge'],[],['key account management sales strategy development negotiation and closing skills relationship building industry and market knowledge'],0.0
Account Executive,['sales strategies and tactics account management relationship building sales forecasting industry and product knowledge'],['sales'],"['sales', 'sales strategies and tactics account management relationship building sales forecasting industry and product knowledge']",0.0
Account Manager,['client relationship management customer service communication skills'],[],['client relationship management customer service communication skills'],0.0
Account Manager,['account management sales strategy negotiation and closing skills'],['sales'],"['account management sales strategy negotiation and closing skills', 'sales']",0.0
Accountant,"['financial reporting accounting software (e.g.', 'quickbooks) auditing gaap knowledge']","['accounting', 'compliance']","['accounting', 'compliance', 'financial reporting accounting software (e.g.', 'quickbooks) auditing gaap knowledge']",0.0
Accountant,['forensic accounting fraud detection legal knowledge investigative skills'],['legal'],"['forensic accounting fraud detection legal knowledge investigative skills', 'legal']",0.0
Accountant,['tax preparation tax planning tax regulations accounting tax software proficiency'],['compliance'],"['compliance', 'tax preparation tax planning tax regulations accounting tax software proficiency']",0.0
Administrative Assistant,"['data entry accuracy and speed database software (e.g.', 'excel) attention to detail time management organization multitasking keyboarding skills data verification problem-solving communication skills computer proficiency', 'microsoft access']",[],"['data entry accuracy and speed database software (e.g.', 'excel) attention to detail time management organization multitasking keyboarding skills data verification problem-solving communication skills computer proficiency', 'microsoft access']",0.0
Administrative Assistant,"['calendar management travel coordination meeting scheduling correspondence and communication office organization confidentiality time management problem-solving attention to detail communication skills technology proficiency (e.g.', 'ms office)']",[],"['calendar management travel coordination meeting scheduling correspondence and communication office organization confidentiality time management problem-solving attention to detail communication skills technology proficiency (e.g.', 'ms office)']",0.0
Aerospace Engineer,"['aerospace engineering cad software (e.g.', 'autocad) aerodynamics structural analysis aircraft systems safety regulations']",[],"['aerospace engineering cad software (e.g.', 'autocad) aerodynamics structural analysis aircraft systems safety regulations']",0.0
Aerospace Engineer,['systems engineering system architecture integration testing troubleshooting technical documentation configuration management'],[],['systems engineering system architecture integration testing troubleshooting technical documentation configuration management'],0.0
Architect,"['architectural design software (e.g.', 'autocad', 'revit) building codes and regulations 3d modeling visualization sustainable design']",[],"['architectural design software (e.g.', 'autocad', 'revit) building codes and regulations 3d modeling visualization sustainable design']",0.0
Architect,['architectural project management construction documents building systems design coordination client communication'],['compliance'],"['architectural project management construction documents building systems design coordination client communication', 'compliance']",0.0
Architect,['sustainable design principles energy efficiency leed certification green building materials environmental impact assessment'],[],['sustainable design principles energy efficiency leed certification green building materials environmental impact assessment'],0.0
Architectural Designer,['architectural drafting autocad 2d and 3d modeling blueprint reading building codes collaboration with architects detail-oriented'],[],['architectural drafting autocad 2d and 3d modeling blueprint reading building codes collaboration with architects detail-oriented'],0.0
Architectural Designer,"['interior design space planning color theory material selection cad software (e.g.', 'sketchup) client collaboration budget management']",[],"['interior design space planning color theory material selection cad software (e.g.', 'sketchup) client collaboration budget management']",0.0
Art Director,['art history and knowledge art curation and exhibition planning collections management art market trends cultural awareness'],[],['art history and knowledge art curation and exhibition planning collections management art market trends cultural awareness'],0.0
Art Director,['creative leadership art direction concept development visual design advertising and marketing expertise'],[],['creative leadership art direction concept development visual design advertising and marketing expertise'],0.0
Art Director,['graphic design typography user interface (ui) design adobe creative suite proficiency branding and visual identity creation'],[],['graphic design typography user interface (ui) design adobe creative suite proficiency branding and visual identity creation'],0.0
Art Teacher,['art education curriculum program development teacher training communication skills artistic expertise'],['curriculum development'],"['art education curriculum program development teacher training communication skills artistic expertise', 'curriculum development']",0.0
Art Teacher,['artistic skills teaching ability communication skills art history knowledge creativity'],['creativity'],"['artistic skills teaching ability communication skills art history knowledge creativity', 'creativity']",0.0
Art Teacher,['art instruction classroom management art techniques lesson planning student assessment'],[],['art instruction classroom management art techniques lesson planning student assessment'],0.0
Back-End Developer,"['api design and development restful api knowledge security protocols (oauth', 'jwt)']",[],"['api design and development restful api knowledge security protocols (oauth', 'jwt)']",0.0
Back-End Developer,"['java', 'python) database management api development', 'server-side programming languages (e.g.']",[],"['java', 'python) database management api development', 'server-side programming languages (e.g.']",0.0
Brand Ambassador,['brand promotion marketing knowledge communication skills sales techniques product knowledge'],['marketing'],"['brand promotion marketing knowledge communication skills sales techniques product knowledge', 'marketing']",0.0
Brand Ambassador,['product knowledge demonstrating skills sales techniques customer engagement communication skills'],[],['product knowledge demonstrating skills sales techniques customer engagement communication skills'],0.0
Brand Ambassador,['social media management content creation audience engagement marketing strategy communication skills'],['social media'],"['social media', 'social media management content creation audience engagement marketing strategy communication skills']",0.0
Brand Manager,"['adobe analytics) brand performance measurement consumer behavior analysis campaign effectiveness evaluation', 'google analytics', 'marketing analytics data analysis tools (e.g.']",['marketing'],"['adobe analytics) brand performance measurement consumer behavior analysis campaign effectiveness evaluation', 'google analytics', 'marketing', 'marketing analytics data analysis tools (e.g.']",0.0
Brand Manager,['brand strategy development market research and analysis competitive analysis brand positioning and messaging creative direction and collaboration'],[],['brand strategy development market research and analysis competitive analysis brand positioning and messaging creative direction and collaboration'],0.0
Brand Manager,['product branding and marketing product lifecycle management cross-functional team collaboration product launch planning market segmentation and targeting'],[],['product branding and marketing product lifecycle management cross-functional team collaboration product launch planning market segmentation and targeting'],0.0
Business Analyst,"['data analysis data modeling data visualization sql data tools (e.g.', 'tableau)']",[],"['data analysis data modeling data visualization sql data tools (e.g.', 'tableau)']",0.0
Business Analyst,['healthcare industry knowledge health data analysis hipaa regulations emr systems'],['healthcare'],"['healthcare', 'healthcare industry knowledge health data analysis hipaa regulations emr systems']",0.0
Business Analyst,['business process analysis requirement gathering data analysis communication skills'],[],['business process analysis requirement gathering data analysis communication skills'],0.0
Business Development Manager,['sales management sales strategy development team leadership'],['sales'],"['sales', 'sales management sales strategy development team leadership']",0.0
Business Development Manager,['partnership development negotiation and collaboration business development'],[],['partnership development negotiation and collaboration business development'],0.0
Chemical Analyst,['quality control quality assurance qc testing methods compliance standards root cause analysis documentation statistical analysis'],[],['quality control quality assurance qc testing methods compliance standards root cause analysis documentation statistical analysis'],0.0
Chemical Analyst,['research chemistry experimental design data interpretation chemical synthesis research protocols scientific writing problem-solving skills'],[],['research chemistry experimental design data interpretation chemical synthesis research protocols scientific writing problem-solving skills'],0.0
Chemical Engineer,"['iso) statistical analysis inspection techniques documenting quality issues root cause analysis communication with production teams problem-solving attention to detail technical knowledge', 'quality control processes quality assurance standards (e.g.']",[],"['iso) statistical analysis inspection techniques documenting quality issues root cause analysis communication with production teams problem-solving attention to detail technical knowledge', 'quality control processes quality assurance standards (e.g.']",0.0
Chemical Engineer,['research and development processes product innovation prototype development testing and experimentation data analysis collaboration with cross-functional teams problem-solving attention to detail technical expertise project management skills'],[],['research and development processes product innovation prototype development testing and experimentation data analysis collaboration with cross-functional teams problem-solving attention to detail technical expertise project management skills'],0.0
Civil Engineer,"['autocad', 'sap2000) building codes and standards project management structural integrity assessment', 'structural engineering principles structural analysis and design software (e.g.']",['compliance'],"['autocad', 'compliance', 'sap2000) building codes and standards project management structural integrity assessment', 'structural engineering principles structural analysis and design software (e.g.']",0.0
Civil Engineer,['water resources engineering hydrology and hydraulics environmental impact assessment water resource modeling software watershed management'],[],['water resources engineering hydrology and hydraulics environmental impact assessment water resource modeling software watershed management'],0.0
Content Writer,['content strategy content planning seo optimization content marketing analytics'],['distribution'],"['content strategy content planning seo optimization content marketing analytics', 'distribution']",0.0
Content Writer,['copywriting content creation seo marketing strategies creativity'],"['advertising', 'marketing']","['advertising', 'copywriting content creation seo marketing strategies creativity', 'marketing']",0.0
Content Writer,['technical documentation technical knowledge writing skills editing user manuals'],[],['technical documentation technical knowledge writing skills editing user manuals'],0.0
Copywriter,['creative writing copywriting advertising copy content creation brand storytelling marketing campaigns proofreading and editing'],"['content marketing', 'marketing']","['content marketing', 'creative writing copywriting advertising copy content creation brand storytelling marketing campaigns proofreading and editing', 'marketing']",0.0
Copywriter,['technical writing documentation user manuals technical specifications industry-specific terminology research skills'],[],['technical writing documentation user manuals technical specifications industry-specific terminology research skills'],0.0
Customer Service Manager,['customer experience strategy customer journey mapping feedback analysis user research metrics and kpis communication skills'],[],['customer experience strategy customer journey mapping feedback analysis user research metrics and kpis communication skills'],0.0
Customer Service Manager,['customer support team leadership customer satisfaction issue resolution performance metrics training and development'],['operations'],"['customer support team leadership customer satisfaction issue resolution performance metrics training and development', 'operations']",0.0
Customer Service Representative,['customer service call center operations problem-solving skills'],[],['customer service call center operations problem-solving skills'],0.0
Customer Service Representative,['live chat support online customer communication problem resolution'],[],['live chat support online customer communication problem resolution'],0.0
Customer Success Manager,['customer service problem-solving communication skills ticketing system usage product knowledge'],[],['customer service problem-solving communication skills ticketing system usage product knowledge'],0.0
Customer Success Manager,['onboarding process management new employee orientation training and development hr policies and procedures employee engagement strategies'],"['onboarding', 'training']","['onboarding', 'onboarding process management new employee orientation training and development hr policies and procedures employee engagement strategies', 'training']",0.0
Customer Support Specialist,['customer relationship management onboarding and training customer feedback analysis retention strategies cross-selling and upselling strong communication and empathy customer advocacy'],['customer success'],"['customer relationship management onboarding and training customer feedback analysis retention strategies cross-selling and upselling strong communication and empathy customer advocacy', 'customer success']",0.0
Customer Support Specialist,"['freshdesk) communication skills problem-solving and critical thinking ticket management knowledge base creation', 'technical troubleshooting customer support tools (e.g.', 'zendesk']",['communication'],"['communication', 'freshdesk) communication skills problem-solving and critical thinking ticket management knowledge base creation', 'technical troubleshooting customer support tools (e.g.', 'zendesk']",0.0
Data Analyst,"['data analysis and visualization tools (e.g.', 'power bi) sql and database querying business intelligence concepts data modeling and reporting strong analytical and problem-solving skills data-driven decision-making', 'tableau']",[],"['data analysis and visualization tools (e.g.', 'power bi) sql and database querying business intelligence concepts data modeling and reporting strong analytical and problem-solving skills data-driven decision-making', 'tableau']",0.0
Data Analyst,"['hadoop', 'machine learning algorithms and libraries (e.g.', 'pytorch) statistical analysis and modeling data preprocessing and cleaning big data technologies (e.g.', 'r)', 'scikit-learn', 'spark) data visualization strong programming skills (python', 'tensorflow']",[],"['hadoop', 'machine learning algorithms and libraries (e.g.', 'pytorch) statistical analysis and modeling data preprocessing and cleaning big data technologies (e.g.', 'r)', 'scikit-learn', 'spark) data visualization strong programming skills (python', 'tensorflow']",0.0
Data Engineer,"['big data technologies (hadoop', 'etc.) data processing and analysis distributed computing', 'spark']",[],"['big data technologies (hadoop', 'etc.) data processing and analysis distributed computing', 'spark']",0.0
Data Engineer,['data architecture design database management systems data modeling'],[],['data architecture design database management systems data modeling'],0.0
Data Engineer,"['etl (extract', 'load) processes data integration sql and scripting languages', 'transform']",['etl'],"['etl', 'etl (extract', 'load) processes data integration sql and scripting languages', 'transform']",0.0
Data Entry Clerk,['office management administrative tasks communication and organization'],"['document management', 'operations']","['document management', 'office management administrative tasks communication and organization', 'operations']",0.0
Data Entry Clerk,['records management data entry and retrieval attention to detail'],[],['records management data entry and retrieval attention to detail'],0.0
Data Scientist,"['data integration etl (extract', 'hadoop', 'load) big data technologies (e.g.', 'spark) database management data warehousing', 'transform']",[],"['data integration etl (extract', 'hadoop', 'load) big data technologies (e.g.', 'spark) database management data warehousing', 'transform']",0.0
Database Administrator,['data analysis database querying and reporting data visualization sql proficiency data quality assurance'],[],['data analysis database querying and reporting data visualization sql proficiency data quality assurance'],0.0
Database Administrator,"['database design and development sql and database querying data modeling programming languages (e.g.', 'java', 'python) data security and privacy regulations knowledge']",[],"['database design and development sql and database querying data modeling programming languages (e.g.', 'java', 'python) data security and privacy regulations knowledge']",0.0
Database Administrator,['database security measures data encryption and access control security compliance vulnerability assessment database auditing and monitoring'],['compliance'],"['compliance', 'database security measures data encryption and access control security compliance vulnerability assessment database auditing and monitoring']",0.0
Database Developer,"['cassandra) data modeling data migration performance tuning scalability distributed systems', 'mongodb', 'nosql databases (e.g.']",[],"['cassandra) data modeling data migration performance tuning scalability distributed systems', 'mongodb', 'nosql databases (e.g.']",0.0
Dental Hygienist,['dental hygiene knowledge teaching and instructional skills curriculum development student assessment clinical practice experience'],[],['dental hygiene knowledge teaching and instructional skills curriculum development student assessment clinical practice experience'],0.0
Dental Hygienist,['dental public health principles community outreach and education dental health program planning epidemiology knowledge public health regulations knowledge'],[],['dental public health principles community outreach and education dental health program planning epidemiology knowledge public health regulations knowledge'],0.0
Dental Hygienist,['periodontal therapy procedures patient care and communication dental instrumentation periodontal disease management oral health education'],[],['periodontal therapy procedures patient care and communication dental instrumentation periodontal disease management oral health education'],0.0
Digital Marketing Specialist,"['b testing and optimization email deliverability and compliance metrics tracking and analysis', 'constant contact) email campaign creation and segmentation a', 'email marketing platforms (e.g.', 'mailchimp']",['marketing'],"['b testing and optimization email deliverability and compliance metrics tracking and analysis', 'constant contact) email campaign creation and segmentation a', 'email marketing platforms (e.g.', 'mailchimp', 'marketing']",0.0
Digital Marketing Specialist,"['google analytics', 'search engine algorithms and ranking factors keyword research and analysis on-page and off-page seo optimization seo tools (e.g.', 'semrush) seo content strategy']",['seo'],"['google analytics', 'search engine algorithms and ranking factors keyword research and analysis on-page and off-page seo optimization seo tools (e.g.', 'semrush) seo content strategy', 'seo']",0.0
Digital Marketing Specialist,"['facebook', 'instagram) content creation and scheduling social media analytics and insights community engagement paid social advertising', 'social media platforms (e.g.', 'twitter']",['social media'],"['facebook', 'instagram) content creation and scheduling social media analytics and insights community engagement paid social advertising', 'social media', 'social media platforms (e.g.', 'twitter']",0.0
Electrical Designer,['electrical engineering circuit design electronics autocad proficiency problem-solving'],[],['electrical engineering circuit design electronics autocad proficiency problem-solving'],0.0
Electrical Designer,['lighting design architectural lighting lighting software proficiency creative lighting concepts technical knowledge'],[],['lighting design architectural lighting lighting software proficiency creative lighting concepts technical knowledge'],0.0
Electrical Designer,['pcb design electronics pcb layout software proficiency circuit design quality control'],[],['pcb design electronics pcb layout software proficiency circuit design quality control'],0.0
Electrical Engineer,['control system design plc programming automation instrumentation system integration'],[],['control system design plc programming automation instrumentation system integration'],0.0
Electrical Engineer,['electronics design pcb layout embedded systems circuit analysis troubleshooting'],[],['electronics design pcb layout embedded systems circuit analysis troubleshooting'],0.0
Electrical Engineer,['electrical engineering power system analysis renewable energy systems control systems safety regulations'],['distribution'],"['distribution', 'electrical engineering power system analysis renewable energy systems control systems safety regulations']",0.0
Email Marketing Specialist,"['dkim) deliverability metrics analysis troubleshooting deliverability issues communication skills data analysis attention to detail', 'email deliverability best practices spam filter testing list hygiene blacklist monitoring email authentication (e.g.', 'spf']",[],"['dkim) deliverability metrics analysis troubleshooting deliverability issues communication skills data analysis attention to detail', 'email deliverability best practices spam filter testing list hygiene blacklist monitoring email authentication (e.g.', 'spf']",0.0
Email Marketing Specialist,"['b testing campaign analytics copywriting html', 'css for email marketing automation communication skills data analysis attention to detail', 'email marketing strategies email marketing platforms (e.g.', 'hubspot) audience segmentation a', 'mailchimp']",['marketing'],"['b testing campaign analytics copywriting html', 'css for email marketing automation communication skills data analysis attention to detail', 'email marketing strategies email marketing platforms (e.g.', 'hubspot) audience segmentation a', 'mailchimp', 'marketing']",0.0
Email Marketing Specialist,"['marketing automation platforms (e.g.', 'marketo', 'pardot) lead nurturing workflow automation crm integration analytics and reporting email marketing campaign optimization marketing strategy communication skills problem-solving attention to detail']",['marketing'],"['marketing', 'marketing automation platforms (e.g.', 'marketo', 'pardot) lead nurturing workflow automation crm integration analytics and reporting email marketing campaign optimization marketing strategy communication skills problem-solving attention to detail']",0.0
Environmental Consultant,['environmental compliance regulatory requirements environmental impact assessments reporting environmental regulations auditing'],"['compliance', 'regulatory']","['compliance', 'environmental compliance regulatory requirements environmental impact assessments reporting environmental regulations auditing', 'regulatory']",0.0
Environmental Consultant,['environmental impact analysis data collection and analysis environmental regulations reporting gis (geographic information systems) technical writing'],[],['environmental impact analysis data collection and analysis environmental regulations reporting gis (geographic information systems) technical writing'],0.0
Environmental Consultant,['sustainability consulting sustainability assessments sustainable practices green building standards environmental policies client communication'],[],['sustainability consulting sustainability assessments sustainable practices green building standards environmental policies client communication'],0.0
Environmental Engineer,['environmental assessments regulatory compliance environmental impact analysis'],"['compliance', 'regulatory']","['compliance', 'environmental assessments regulatory compliance environmental impact analysis', 'regulatory']",0.0
Environmental Engineer,['sustainability practices environmental management systems green certifications'],[],['sustainability practices environmental management systems green certifications'],0.0
Event Coordinator,['corporate event planning corporate branding and messaging speaker and entertainment booking audiovisual production team coordination crisis management budgeting and financial management client communication creativity problem-solving attention to detail'],['logistics'],"['corporate event planning corporate branding and messaging speaker and entertainment booking audiovisual production team coordination crisis management budgeting and financial management client communication creativity problem-solving attention to detail', 'logistics']",0.0
Event Coordinator,['event planning and coordination budget management vendor negotiation venue selection and management timeline and logistics planning marketing and promotion risk management client communication creativity problem-solving attention to detail'],['logistics'],"['event planning and coordination budget management vendor negotiation venue selection and management timeline and logistics planning marketing and promotion risk management client communication creativity problem-solving attention to detail', 'logistics']",0.0
Event Coordinator,['wedding planning vendor coordination ceremony and reception logistics wedding etiquette budget management timeline planning attention to detail client communication creativity problem-solving emotional intelligence event design'],[],['wedding planning vendor coordination ceremony and reception logistics wedding etiquette budget management timeline planning attention to detail client communication creativity problem-solving emotional intelligence event design'],0.0
Event Planner,['corporate event planning corporate branding corporate communication audiovisual equipment crisis management'],[],['corporate event planning corporate branding corporate communication audiovisual equipment crisis management'],0.0
Event Planner,['event planning vendor coordination budget management marketing and promotion logistics'],['logistics'],"['event planning vendor coordination budget management marketing and promotion logistics', 'logistics']",0.0
Event Planner,['wedding planning venue selection catering and menu planning floral and decor design wedding etiquette'],[],['wedding planning venue selection catering and menu planning floral and decor design wedding etiquette'],0.0
Executive Assistant,['office administration and management budgeting and expense tracking team coordination and supervision facility management vendor and supplier relations'],"['budgeting', 'operations']","['budgeting', 'office administration and management budgeting and expense tracking team coordination and supervision facility management vendor and supplier relations', 'operations']",0.0
Executive Assistant,['organizational and time management skills calendar and appointment management communication and correspondence travel coordination discretion and confidentiality'],[],['organizational and time management skills calendar and appointment management communication and correspondence travel coordination discretion and confidentiality'],0.0
Executive Assistant,['project management communication time management organization problem-solving'],['communication'],"['communication', 'project management communication time management organization problem-solving']",0.0
Family Lawyer,['child custody law family law legal advocacy negotiation court representation legal research client counseling case preparation'],['legal'],"['child custody law family law legal advocacy negotiation court representation legal research client counseling case preparation', 'legal']",0.0
Family Lawyer,['mediation conflict resolution negotiation communication skills neutrality problem-solving legal knowledge mediation techniques'],['communication'],"['communication', 'mediation conflict resolution negotiation communication skills neutrality problem-solving legal knowledge mediation techniques']",0.0
Family Nurse Practitioner,['geriatric healthcare geriatric assessment geriatric treatment elderly patient care geriatric pharmacology'],['healthcare'],"['geriatric healthcare geriatric assessment geriatric treatment elderly patient care geriatric pharmacology', 'healthcare']",0.0
Family Nurse Practitioner,['medical diagnosis patient care medical record-keeping communication skills empathy and compassion'],['medical'],"['medical', 'medical diagnosis patient care medical record-keeping communication skills empathy and compassion']",0.0
Finance Manager,['accounting principles financial reporting team management budgeting financial analysis'],"['accounting', 'compliance']","['accounting', 'accounting principles financial reporting team management budgeting financial analysis', 'compliance']",0.0
Finance Manager,['financial planning investment strategies team leadership wealth management client advisory skills'],[],['financial planning investment strategies team leadership wealth management client advisory skills'],0.0
Finance Manager,['treasury management cash flow analysis risk management financial forecasting banking relations'],"['operations', 'risk management']","['operations', 'risk management', 'treasury management cash flow analysis risk management financial forecasting banking relations']",0.0
Financial Advisor,['investment strategies portfolio management financial planning risk assessment regulatory compliance'],[],['investment strategies portfolio management financial planning risk assessment regulatory compliance'],0.0
Financial Advisor,['retirement planning social security investment products tax planning estate planning'],[],['retirement planning social security investment products tax planning estate planning'],0.0
Financial Advisor,['wealth management strategies asset allocation estate planning tax management client relationship management'],[],['wealth management strategies asset allocation estate planning tax management client relationship management'],0.0
Financial Analyst,['budget planning financial forecasting excel proficiency data analysis'],['compliance'],"['budget planning financial forecasting excel proficiency data analysis', 'compliance']",0.0
Financial Analyst,['financial planning investment strategy retirement planning tax knowledge'],[],['financial planning investment strategy retirement planning tax knowledge'],0.0
Financial Analyst,['financial analysis investment evaluation portfolio management data analysis'],[],['financial analysis investment evaluation portfolio management data analysis'],0.0
Financial Controller,"['accounting financial reporting financial audits tax compliance accounting software (e.g.', 'oracle) gaap (generally accepted accounting principles)', 'sap']","['accounting', 'compliance']","['accounting', 'accounting financial reporting financial audits tax compliance accounting software (e.g.', 'compliance', 'oracle) gaap (generally accepted accounting principles)', 'sap']",0.0
Financial Controller,"['excel', 'financial management budgeting financial analysis financial reporting risk management financial software (e.g.', 'quickbooks) strategic planning']","['budgeting', 'compliance', 'finance', 'operations']","['budgeting', 'compliance', 'excel', 'finance', 'financial management budgeting financial analysis financial reporting risk management financial software (e.g.', 'operations', 'quickbooks) strategic planning']",0.0
Financial Planner,['tax planning strategies tax law knowledge financial analysis retirement planning estate planning client relationship management tax optimization communication skills attention to detail tax software proficiency regulatory compliance'],[],['tax planning strategies tax law knowledge financial analysis retirement planning estate planning client relationship management tax optimization communication skills attention to detail tax software proficiency regulatory compliance'],0.0
Front-End Developer,"['wcag) assistive technologies accessibility testing tools html and css for accessibility aria (accessible rich internet applications) user experience (ux) for accessibility usability testing with individuals with disabilities collaboration attention to detail', 'web accessibility standards (e.g.']",['compliance'],"['compliance', 'wcag) assistive technologies accessibility testing tools html and css for accessibility aria (accessible rich internet applications) user experience (ux) for accessibility usability testing with individuals with disabilities collaboration attention to detail', 'web accessibility standards (e.g.']",0.0
Front-End Developer,"['css', 'html', 'javascript) interaction design user testing responsive design usability testing collaboration attention to detail', 'user interface (ui) design user experience (ux) design web design principles prototyping and wireframing front-end development languages (e.g.']","['ui design', 'ux design']","['css', 'html', 'javascript) interaction design user testing responsive design usability testing collaboration attention to detail', 'ui design', 'user interface (ui) design user experience (ux) design web design principles prototyping and wireframing front-end development languages (e.g.', 'ux design']",0.0
Front-End Developer,"['adobe creative suite) html and css responsive design user interface (ui) principles visual communication typography color theory creativity attention to detail collaboration', 'web design concepts graphic design software (e.g.']",[],"['adobe creative suite) html and css responsive design user interface (ui) principles visual communication typography color theory creativity attention to detail collaboration', 'web design concepts graphic design software (e.g.']",0.0
Front-End Engineer,"['angular) dom manipulation ajax debugging and troubleshooting', 'javascript programming frontend development frontend frameworks (e.g.', 'react']",['javascript'],"['angular) dom manipulation ajax debugging and troubleshooting', 'javascript', 'javascript programming frontend development frontend frameworks (e.g.', 'react']",0.0
Graphic Designer,"['adobe indesign', 'illustrator) layout and composition print production processes color theory and management attention to detail print industry knowledge', 'print design software (e.g.']",['creativity'],"['adobe indesign', 'creativity', 'illustrator) layout and composition print production processes color theory and management attention to detail print industry knowledge', 'print design software (e.g.']",0.0
Graphic Designer,"['figma) usability testing information architecture interaction design mobile and responsive design', 'sketch', 'user interface (ui) design user experience (ux) design wireframing and prototyping tools (e.g.']","['ui design', 'ux design']","['figma) usability testing information architecture interaction design mobile and responsive design', 'sketch', 'ui design', 'user interface (ui) design user experience (ux) design wireframing and prototyping tools (e.g.', 'ux design']",0.0
Graphic Designer,"['adobe creative suite) web design principles user interface (ui) design visual communication typography creativity and artistic skills', 'graphic design tools (e.g.']","['ui design', 'ux design']","['adobe creative suite) web design principles user interface (ui) design visual communication typography creativity and artistic skills', 'graphic design tools (e.g.', 'ui design', 'ux design']",0.0
HR Coordinator,['employee benefits administration benefits compliance hris benefits communication'],['compliance'],"['compliance', 'employee benefits administration benefits compliance hris benefits communication']",0.0
HR Coordinator,['recruitment process candidate screening applicant tracking systems communication'],"['onboarding', 'recruitment']","['onboarding', 'recruitment', 'recruitment process candidate screening applicant tracking systems communication']",0.0
HR Coordinator,['training program coordination training material development learning management systems'],['training'],"['training', 'training program coordination training material development learning management systems']",0.0
HR Generalist,['human resources recruitment employee onboarding hris (hr information systems) record keeping communication skills'],"['human resources', 'onboarding', 'recruitment', 'training']","['human resources', 'human resources recruitment employee onboarding hris (hr information systems) record keeping communication skills', 'onboarding', 'recruitment', 'training']",0.0
HR Manager,['training and development performance management learning programs employee engagement coaching and mentoring'],['training'],"['training', 'training and development performance management learning programs employee engagement coaching and mentoring']",0.0
HR Manager,['employment law knowledge compliance management auditing skills employee relations communication skills'],"['compliance', 'human resources', 'legal']","['compliance', 'employment law knowledge compliance management auditing skills employee relations communication skills', 'human resources', 'legal']",0.0
HR Manager,['strategic hr planning employee relations talent management hr policy development leadership skills'],"['human resources', 'strategy', 'talent acquisition']","['human resources', 'strategic hr planning employee relations talent management hr policy development leadership skills', 'strategy', 'talent acquisition']",0.0
Human Resources Manager,['employee conflict resolution hr compliance employee engagement communication skills'],[],['employee conflict resolution hr compliance employee engagement communication skills'],0.0
Human Resources Manager,['hr policies and procedures employee relations recruitment communication skills'],"['compliance', 'human resources', 'legal', 'recruitment']","['compliance', 'hr policies and procedures employee relations recruitment communication skills', 'human resources', 'legal', 'recruitment']",0.0
Human Resources Manager,['talent sourcing interviewing onboarding recruitment strategies hr software'],"['recruitment', 'talent acquisition']","['recruitment', 'talent acquisition', 'talent sourcing interviewing onboarding recruitment strategies hr software']",0.0
Interior Designer,['commercial interior design workplace ergonomics building codes and regulations knowledge sustainable design principles autocad and revit proficiency'],[],['commercial interior design workplace ergonomics building codes and regulations knowledge sustainable design principles autocad and revit proficiency'],0.0
Interior Designer,"['and equipment) selection customer experience design', 'fixtures', 'hospitality interior design hotel and restaurant design branding and theme integration ff&e (furniture']",[],"['and equipment) selection customer experience design', 'fixtures', 'hospitality interior design hotel and restaurant design branding and theme integration ff&e (furniture']",0.0
Interior Designer,['residential interior design space planning color theory and selection furniture and materials selection 3d modeling and rendering'],[],['residential interior design space planning color theory and selection furniture and materials selection 3d modeling and rendering'],0.0
Inventory Analyst,['inventory management stock control demand forecasting inventory tracking systems supply chain coordination problem-solving skills'],['operations'],"['inventory management stock control demand forecasting inventory tracking systems supply chain coordination problem-solving skills', 'operations']",0.0
Investment Advisor,['financial planning investment knowledge relationship management communication skills analytical skills'],[],['financial planning investment knowledge relationship management communication skills analytical skills'],0.0
Investment Analyst,['investment management financial analysis risk assessment asset allocation portfolio optimization'],[],['investment management financial analysis risk assessment asset allocation portfolio optimization'],0.0
Investment Analyst,['risk assessment data analysis financial modeling risk management tools regulatory compliance knowledge'],[],['risk assessment data analysis financial modeling risk management tools regulatory compliance knowledge'],0.0
Investment Banker,['financial analysis data analysis financial modeling'],"['budgeting', 'financial analysis']","['budgeting', 'financial analysis', 'financial analysis data analysis financial modeling']",0.0
Investment Banker,['investment analysis portfolio management risk assessment'],[],['investment analysis portfolio management risk assessment'],0.0
Investment Banker,['mergers and acquisitions (m&a) expertise due diligence valuation techniques'],[],['mergers and acquisitions (m&a) expertise due diligence valuation techniques'],0.0
IT Administrator,['system administration network administration troubleshooting security management server maintenance backup and recovery'],[],['system administration network administration troubleshooting security management server maintenance backup and recovery'],0.0
IT Manager,"['aws', 'azure) vendor management', 'hyper-v) storage management it security disaster recovery planning capacity planning monitoring and troubleshooting cloud infrastructure (e.g.', 'network administration system administration virtualization technologies (e.g.', 'vmware']",[],"['aws', 'azure) vendor management', 'hyper-v) storage management it security disaster recovery planning capacity planning monitoring and troubleshooting cloud infrastructure (e.g.', 'network administration system administration virtualization technologies (e.g.', 'vmware']",0.0
IT Manager,['strategic it planning leadership and management budgeting and financial management it governance and compliance vendor management cybersecurity and risk management project management cloud computing network infrastructure enterprise software systems'],[],['strategic it planning leadership and management budgeting and financial management it governance and compliance vendor management cybersecurity and risk management project management cloud computing network infrastructure enterprise software systems'],0.0
IT Support Specialist,"['desktop hardware and software troubleshooting operating system expertise (e.g.', 'macos) remote desktop support hardware and software upgrades customer service skills', 'windows']",[],"['desktop hardware and software troubleshooting operating system expertise (e.g.', 'macos) remote desktop support hardware and software upgrades customer service skills', 'windows']",0.0
IT Support Specialist,['technical troubleshooting customer service and communication ticketing system usage basic it knowledge problem-solving and critical-thinking skills'],['operations'],"['operations', 'technical troubleshooting customer service and communication ticketing system usage basic it knowledge problem-solving and critical-thinking skills']",0.0
IT Support Specialist,['network administration system and server maintenance cybersecurity knowledge backup and recovery it project management skills'],[],['network administration system and server maintenance cybersecurity knowledge backup and recovery it project management skills'],0.0
Java Developer,"['backend development restful apis database integration java ee (enterprise edition) performance optimization version control (e.g.', 'git)']",['java'],"['backend development restful apis database integration java ee (enterprise edition) performance optimization version control (e.g.', 'git)', 'java']",0.0
Java Developer,"['java programming java frameworks (e.g.', 'spring) object-oriented design code debugging software development problem-solving skills']",['java'],"['java', 'java programming java frameworks (e.g.', 'spring) object-oriented design code debugging software development problem-solving skills']",0.0
Java Developer,"['jsp) frontend integration user authentication security protocols code documentation', 'servlets', 'web application development java web frameworks (e.g.']",['java'],"['java', 'jsp) frontend integration user authentication security protocols code documentation', 'servlets', 'web application development java web frameworks (e.g.']",0.0
Key Account Manager,['account management client relationship sales strategy business development negotiation skills'],[],['account management client relationship sales strategy business development negotiation skills'],0.0
Landscape Architect,['environmental design principles sustainability concepts cad and design software'],[],['environmental design principles sustainability concepts cad and design software'],0.0
Landscape Architect,['landscape design plant selection and care hardscape design'],[],['landscape design plant selection and care hardscape design'],0.0
Landscape Architect,['urban design and planning zoning regulations gis and mapping tools'],[],['urban design and planning zoning regulations gis and mapping tools'],0.0
Landscape Designer,['landscape architecture site planning plant selection environmental sustainability autocad project management'],[],['landscape architecture site planning plant selection environmental sustainability autocad project management'],0.0
Landscape Designer,['sustainable landscape design native plant selection water conservation soil health green building practices leed certification'],[],['sustainable landscape design native plant selection water conservation soil health green building practices leed certification'],0.0
Legal Advisor,['corporate law compliance mergers and acquisitions corporate governance contract drafting risk management legal strategy due diligence'],"['compliance', 'legal']","['compliance', 'corporate law compliance mergers and acquisitions corporate governance contract drafting risk management legal strategy due diligence', 'legal']",0.0
Legal Advisor,['in-house counsel legal advisory employment law intellectual property regulatory compliance dispute resolution contract review client counseling'],"['compliance', 'legal', 'operations', 'regulatory']","['compliance', 'in-house counsel legal advisory employment law intellectual property regulatory compliance dispute resolution contract review client counseling', 'legal', 'operations', 'regulatory']",0.0
Legal Advisor,['legal counsel legal advice contract negotiation legal research litigation support client representation legal writing regulatory compliance'],"['compliance', 'legal']","['compliance', 'legal', 'legal counsel legal advice contract negotiation legal research litigation support client representation legal writing regulatory compliance']",0.0
Legal Assistant,"['legal administrative tasks document management calendar and docketing transcription file organization communication with clients and courts knowledge of legal terminology attention to detail multitasking computer skills (e.g.', 'ms office)']",['legal'],"['legal', 'legal administrative tasks document management calendar and docketing transcription file organization communication with clients and courts knowledge of legal terminology attention to detail multitasking computer skills (e.g.', 'ms office)']",0.0
Legal Assistant,"['e-discovery tools and processes document review and production litigation support software (e.g.', 'relativity) data analysis case management communication with legal teams technical proficiency attention to detail problem-solving legal research skills']",[],"['e-discovery tools and processes document review and production litigation support software (e.g.', 'relativity) data analysis case management communication with legal teams technical proficiency attention to detail problem-solving legal research skills']",0.0
Legal Assistant,"['legal research document drafting case management e-filing legal databases (e.g.', 'lexisnexis) client communication deposition preparation trial support ethics and confidentiality attention to detail communication skills legal software proficiency']",['legal'],"['legal', 'legal research document drafting case management e-filing legal databases (e.g.', 'lexisnexis) client communication deposition preparation trial support ethics and confidentiality attention to detail communication skills legal software proficiency']",0.0
Legal Counsel,['corporate law and regulations contract drafting and negotiation legal research and analysis risk management excellent communication and negotiation skills'],"['compliance', 'legal']","['compliance', 'corporate law and regulations contract drafting and negotiation legal research and analysis risk management excellent communication and negotiation skills', 'legal']",0.0
Legal Counsel,['employment law and regulations employment contracts and agreements workplace discrimination and harassment laws legal compliance client representation and advocacy'],['legal'],"['employment law and regulations employment contracts and agreements workplace discrimination and harassment laws legal compliance client representation and advocacy', 'legal']",0.0
Legal Counsel,['intellectual property law trademark and patent law copyright law ip portfolio management litigation and dispute resolution'],['legal'],"['intellectual property law trademark and patent law copyright law ip portfolio management litigation and dispute resolution', 'legal']",0.0
Legal Secretary,['knowledge of court procedures legal document management attention to detail computer literacy organization skills'],['legal'],"['knowledge of court procedures legal document management attention to detail computer literacy organization skills', 'legal']",0.0
Legal Secretary,['legal research document drafting communication skills legal software proficiency attention to detail'],['legal'],"['legal', 'legal research document drafting communication skills legal software proficiency attention to detail']",0.0
Litigation Attorney,['corporate law commercial litigation dispute resolution contract law legal strategy negotiation'],['legal'],"['corporate law commercial litigation dispute resolution contract law legal strategy negotiation', 'legal']",0.0
Litigation Attorney,['family law divorce proceedings child custody mediation legal counseling court representation'],['legal'],"['family law divorce proceedings child custody mediation legal counseling court representation', 'legal']",0.0
Litigation Attorney,['litigation legal research courtroom representation case preparation client counseling legal writing'],['legal'],"['legal', 'litigation legal research courtroom representation case preparation client counseling legal writing']",0.0
Market Analyst,['competitive analysis market research data analysis business strategy industry knowledge'],[],['competitive analysis market research data analysis business strategy industry knowledge'],0.0
Market Research Analyst,['market research coordination survey design and administration data analysis'],['market research'],"['market research', 'market research coordination survey design and administration data analysis']",0.0
Market Research Analyst,['market research methodologies data collection and analysis industry knowledge'],[],['market research methodologies data collection and analysis industry knowledge'],0.0
Marketing Analyst,"['data analysis tools (e.g.', 'power bi) statistical analysis data cleansing and transformation data modeling communication of data insights problem-solving attention to detail business acumen', 'python) data visualization tools (e.g.', 'sql', 'tableau']",[],"['data analysis tools (e.g.', 'power bi) statistical analysis data cleansing and transformation data modeling communication of data insights problem-solving attention to detail business acumen', 'python) data visualization tools (e.g.', 'sql', 'tableau']",0.0
Marketing Analyst,"['b testing communication skills problem-solving attention to detail marketing knowledge', 'digital marketing strategies analytics and reporting seo and sem social media marketing email marketing data interpretation marketing automation tools a']","['digital marketing', 'marketing']","['b testing communication skills problem-solving attention to detail marketing knowledge', 'digital marketing', 'digital marketing strategies analytics and reporting seo and sem social media marketing email marketing data interpretation marketing automation tools a', 'marketing']",0.0
Marketing Coordinator,['digital marketing strategy development social media advertising email marketing google analytics and seo content management systems (cms) proficiency'],"['digital marketing', 'marketing', 'seo', 'social media']","['digital marketing', 'digital marketing strategy development social media advertising email marketing google analytics and seo content management systems (cms) proficiency', 'marketing', 'seo', 'social media']",0.0
Marketing Coordinator,['event planning and management budgeting and financial management vendor and sponsor relations promotion and publicity event logistics and coordination skills'],['marketing'],"['event planning and management budgeting and financial management vendor and sponsor relations promotion and publicity event logistics and coordination skills', 'marketing']",0.0
Marketing Coordinator,['market research and analysis content creation and copywriting social media management seo and digital marketing marketing automation tools proficiency'],['marketing'],"['market research and analysis content creation and copywriting social media management seo and digital marketing marketing automation tools proficiency', 'marketing']",0.0
Marketing Director,['brand strategy brand development creative direction brand management market research'],"['brand management', 'marketing', 'strategy']","['brand management', 'brand strategy brand development creative direction brand management market research', 'marketing', 'strategy']",0.0
Marketing Director,['digital marketing strategy marketing analytics team leadership content marketing seo and sem proficiency'],"['digital marketing', 'marketing']","['digital marketing', 'digital marketing strategy marketing analytics team leadership content marketing seo and sem proficiency', 'marketing']",0.0
Marketing Director,['marketing communication public relations content strategy crisis management media relations'],"['communication', 'marketing']","['communication', 'marketing', 'marketing communication public relations content strategy crisis management media relations']",0.0
Marketing Manager,['brand strategy development brand identity and design brand storytelling marketing campaigns brand performance measurement creative thinking strong communication skills'],"['communication', 'marketing']","['brand strategy development brand identity and design brand storytelling marketing campaigns brand performance measurement creative thinking strong communication skills', 'communication', 'marketing']",0.0
Marketing Manager,"['digital marketing strategies seo and sem social media marketing email marketing campaigns content marketing web analytics (e.g.', 'google analytics) marketing automation tools (e.g.', 'hubspot', 'marketo)']","['digital marketing', 'marketing', 'sales', 'sem', 'seo', 'social media', 'strategy']","['digital marketing', 'digital marketing strategies seo and sem social media marketing email marketing campaigns content marketing web analytics (e.g.', 'google analytics) marketing automation tools (e.g.', 'hubspot', 'marketing', 'marketo)', 'sales', 'sem', 'seo', 'social media', 'strategy']",0.0
Marketing Manager,['product positioning and messaging market research and analysis product launch planning competitive analysis marketing collateral creation pricing strategies cross-functional collaboration'],"['market research', 'marketing']","['market research', 'marketing', 'product positioning and messaging market research and analysis product launch planning competitive analysis marketing collateral creation pricing strategies cross-functional collaboration']",0.0
Marketing Specialist,['content strategy content creation blog management content promotion seo analytics and reporting'],"['content marketing', 'distribution', 'marketing']","['content marketing', 'content strategy content creation blog management content promotion seo analytics and reporting', 'distribution', 'marketing']",0.0
Marketing Specialist,['digital marketing strategy social media marketing content creation seo (search engine optimization) ppc advertising analytics and reporting'],"['digital marketing', 'marketing', 'seo', 'social media']","['digital marketing', 'digital marketing strategy social media marketing content creation seo (search engine optimization) ppc advertising analytics and reporting', 'marketing', 'seo', 'social media']",0.0
Marketing Specialist,['marketing analytics data analysis data visualization market research google analytics marketing automation reporting tools'],['marketing'],"['marketing', 'marketing analytics data analysis data visualization market research google analytics marketing automation reporting tools']",0.0
Mechanical Designer,['computer-aided design (cad) software technical drawing blueprint interpretation drafting standards engineering principles collaboration with engineers problem-solving attention to detail communication skills 3d modeling (if applicable)'],[],['computer-aided design (cad) software technical drawing blueprint interpretation drafting standards engineering principles collaboration with engineers problem-solving attention to detail communication skills 3d modeling (if applicable)'],0.0
Mechanical Designer,['hvac system design load calculations energy efficiency autocad or similar software mechanical engineering principles collaboration with architects and engineers regulatory compliance problem-solving attention to detail communication skills'],[],['hvac system design load calculations energy efficiency autocad or similar software mechanical engineering principles collaboration with architects and engineers regulatory compliance problem-solving attention to detail communication skills'],0.0
Mechanical Designer,"['adobe xd)', 'product design principles prototyping and wireframing user research user testing ui', 'sketch', 'ux design 3d modeling (if applicable) collaboration problem-solving creativity attention to detail communication skills software proficiency (e.g.']",[],"['adobe xd)', 'product design principles prototyping and wireframing user research user testing ui', 'sketch', 'ux design 3d modeling (if applicable) collaboration problem-solving creativity attention to detail communication skills software proficiency (e.g.']",0.0
Mechanical Engineer,"['cam software proficiency lean manufacturing principles quality control and assurance six sigma certification', 'manufacturing processes knowledge cad']",[],"['cam software proficiency lean manufacturing principles quality control and assurance six sigma certification', 'manufacturing processes knowledge cad']",0.0
Mechanical Engineer,"['autocad) finite element analysis product development prototyping', 'mechanical engineering cad software (e.g.', 'solidworks']",[],"['autocad) finite element analysis product development prototyping', 'mechanical engineering cad software (e.g.', 'solidworks']",0.0
Network Administrator,"['ip) cisco or juniper certifications troubleshooting and diagnostics security protocols wireless networking network monitoring collaboration problem-solving attention to detail', 'network infrastructure design routing and switching network protocols (e.g.', 'tcp']",[],"['ip) cisco or juniper certifications troubleshooting and diagnostics security protocols wireless networking network monitoring collaboration problem-solving attention to detail', 'network infrastructure design routing and switching network protocols (e.g.', 'tcp']",0.0
Network Administrator,['network security protocols intrusion detection and prevention security incident response firewall administration vulnerability assessment security policies and procedures log analysis ethical hacking problem-solving communication skills attention to detail'],[],['network security protocols intrusion detection and prevention security incident response firewall administration vulnerability assessment security policies and procedures log analysis ethical hacking problem-solving communication skills attention to detail'],0.0
Network Administrator,"['aws', 'azure) troubleshooting it security best practices collaboration problem-solving attention to detail communication skills technical knowledge', 'system administration server maintenance active directory backup and recovery cloud computing (e.g.']",[],"['aws', 'azure) troubleshooting it security best practices collaboration problem-solving attention to detail communication skills technical knowledge', 'system administration server maintenance active directory backup and recovery cloud computing (e.g.']",0.0
Network Analyst,"['network performance analysis network monitoring tools (e.g.', 'wireshark) troubleshooting capacity planning data analysis network protocols']",[],"['network performance analysis network monitoring tools (e.g.', 'wireshark) troubleshooting capacity planning data analysis network protocols']",0.0
Network Engineer,"['ccna)', 'network management troubleshooting network security it certifications (e.g.']",[],"['ccna)', 'network management troubleshooting network security it certifications (e.g.']",0.0
Network Engineer,['network security protocols and technologies firewalls and intrusion detection systems vulnerability assessment and penetration testing security policy development and enforcement incident response and recovery'],[],['network security protocols and technologies firewalls and intrusion detection systems vulnerability assessment and penetration testing security policy development and enforcement incident response and recovery'],0.0
Network Engineer,['wireless network design and architecture wi-fi standards and protocols rf (radio frequency) planning and optimization wireless security protocols troubleshooting wireless network issues'],[],['wireless network design and architecture wi-fi standards and protocols rf (radio frequency) planning and optimization wireless security protocols troubleshooting wireless network issues'],0.0
Network Security Specialist,"['cybersecurity security assessments intrusion detection security tools (e.g.', 'siem) incident response vulnerability scanning']",['cybersecurity'],"['cybersecurity', 'cybersecurity security assessments intrusion detection security tools (e.g.', 'siem) incident response vulnerability scanning']",0.0
Network Security Specialist,['security consulting risk assessment security audits security policy development penetration testing client communication'],[],['security consulting risk assessment security audits security policy development penetration testing client communication'],0.0
Network Security Specialist,"['ids', 'ips) security alerts triage', 'soc operations security incident response threat detection log analysis security tools (e.g.']","['operations', 'soc']","['ids', 'ips) security alerts triage', 'operations', 'soc', 'soc operations security incident response threat detection log analysis security tools (e.g.']",0.0
Network Technician,['network security cybersecurity intrusion detection security analysis firewall management'],[],['network security cybersecurity intrusion detection security analysis firewall management'],0.0
Network Technician,['network troubleshooting it support network configuration technical knowledge problem-solving'],[],['network troubleshooting it support network configuration technical knowledge problem-solving'],0.0
Nurse Manager,['clinical nursing patient assessment care planning staff development healthcare protocols communication skills problem-solving abilities'],"['clinical', 'nursing']","['clinical', 'clinical nursing patient assessment care planning staff development healthcare protocols communication skills problem-solving abilities', 'nursing']",0.0
Nurse Manager,['nursing education curriculum development clinical instruction assessment and evaluation educational technology communication skills'],"['healthcare', 'mentoring', 'nursing', 'teaching']","['healthcare', 'mentoring', 'nursing', 'nursing education curriculum development clinical instruction assessment and evaluation educational technology communication skills', 'teaching']",0.0
Nurse Manager,['nursing management patient care coordination staff supervision compliance with healthcare regulations quality improvement leadership skills'],"['healthcare', 'nursing', 'regulatory']","['healthcare', 'nursing', 'nursing management patient care coordination staff supervision compliance with healthcare regulations quality improvement leadership skills', 'regulatory']",0.0
Nurse Practitioner,['family medicine health assessment pediatric care chronic disease management patient education'],"['healthcare', 'medical']","['family medicine health assessment pediatric care chronic disease management patient education', 'healthcare', 'medical']",0.0
Nurse Practitioner,['nursing care patient assessment health promotion medication administration electronic health records (ehr)'],"['healthcare', 'medical']","['healthcare', 'medical', 'nursing care patient assessment health promotion medication administration electronic health records (ehr)']",0.0
Occupational Therapist,"['arthritis) fall prevention strategies care coordination with healthcare teams assistive technology for seniors patient advocacy empathy and compassion communication skills', 'dementia', 'geriatric assessment and evaluation geriatric-specific occupational therapy techniques aging-related conditions (e.g.']",[],"['arthritis) fall prevention strategies care coordination with healthcare teams assistive technology for seniors patient advocacy empathy and compassion communication skills', 'dementia', 'geriatric assessment and evaluation geriatric-specific occupational therapy techniques aging-related conditions (e.g.']",0.0
Occupational Therapist,['pediatric assessment and evaluation occupational therapy techniques for children developmental milestones sensory integration therapy pediatric psychology family-centered care individualized treatment plans communication skills pediatric healthcare knowledge'],[],['pediatric assessment and evaluation occupational therapy techniques for children developmental milestones sensory integration therapy pediatric psychology family-centered care individualized treatment plans communication skills pediatric healthcare knowledge'],0.0
Office Manager,['administrative leadership office management staff supervision budgeting and financial management process improvement communication skills'],['operations'],"['administrative leadership office management staff supervision budgeting and financial management process improvement communication skills', 'operations']",0.0
Office Manager,['office administration calendar management reception duties communication skills record keeping office supplies management'],"['communication', 'operations']","['communication', 'office administration calendar management reception duties communication skills record keeping office supplies management', 'operations']",0.0
Operations Manager,['operations management strategic planning and execution budgeting and financial analysis leadership and team management process improvement and optimization'],['operations'],"['operations', 'operations management strategic planning and execution budgeting and financial analysis leadership and team management process improvement and optimization']",0.0
Operations Manager,"['iso 9001) compliance and regulatory knowledge', 'quality control processes and methodologies statistical process control (spc) root cause analysis and corrective action quality management systems (e.g.']",[],"['iso 9001) compliance and regulatory knowledge', 'quality control processes and methodologies statistical process control (spc) root cause analysis and corrective action quality management systems (e.g.']",0.0
Operations Manager,['supply chain logistics and management inventory control and procurement supplier relationship management data analysis and forecasting risk assessment and mitigation'],"['distribution', 'logistics', 'procurement', 'supply chain']","['distribution', 'logistics', 'procurement', 'supply chain', 'supply chain logistics and management inventory control and procurement supplier relationship management data analysis and forecasting risk assessment and mitigation']",0.0
Paralegal,['corporate legal tasks document drafting compliance corporate governance contract management due diligence entity formation communication with stakeholders attention to detail technology proficiency legal software proficiency legal research skills'],['legal'],"['corporate legal tasks document drafting compliance corporate governance contract management due diligence entity formation communication with stakeholders attention to detail technology proficiency legal software proficiency legal research skills', 'legal']",0.0
Paralegal,['legal research discovery management case preparation trial support document review client communication e-filing attention to detail multitasking legal terminology technology proficiency communication skills legal software proficiency'],['legal'],"['legal', 'legal research discovery management case preparation trial support document review client communication e-filing attention to detail multitasking legal terminology technology proficiency communication skills legal software proficiency']",0.0
Paralegal,['real estate transactions title searches closing processes deed preparation contract review communication with real estate professionals attention to detail real estate terminology technology proficiency legal software proficiency legal research skills'],[],['real estate transactions title searches closing processes deed preparation contract review communication with real estate professionals attention to detail real estate terminology technology proficiency legal software proficiency legal research skills'],0.0
Pediatrician,['pediatrics pediatric care diagnosis and treatment pediatric medical procedures patient care communication skills'],['medical'],"['medical', 'pediatrics pediatric care diagnosis and treatment pediatric medical procedures patient care communication skills']",0.0
Pediatrician,"['pediatric cardiology', 'pediatric oncology) pediatric diagnostics pediatric treatment', 'pediatric specialization advanced pediatric care pediatric subspecialty (e.g.']",['medical'],"['medical', 'pediatric cardiology', 'pediatric oncology) pediatric diagnostics pediatric treatment', 'pediatric specialization advanced pediatric care pediatric subspecialty (e.g.']",0.0
Pediatrician,['pediatric surgery surgical procedures for children operating room protocols patient care surgical techniques pediatric anesthesia'],['healthcare'],"['healthcare', 'pediatric surgery surgical procedures for children operating room protocols patient care surgical techniques pediatric anesthesia']",0.0
Personal Assistant,['administrative support calendar management communication skills time management organizational skills confidentiality'],[],['administrative support calendar management communication skills time management organizational skills confidentiality'],0.0
Pharmaceutical Sales Representative,['medical product knowledge understanding of healthcare regulations relationship building with healthcare professionals sales forecasting and planning medical sales techniques'],"['healthcare', 'medical', 'sales']","['healthcare', 'medical', 'medical product knowledge understanding of healthcare regulations relationship building with healthcare professionals sales forecasting and planning medical sales techniques', 'sales']",0.0
Pharmaceutical Sales Representative,['sales techniques and strategies relationship building crm software usage product knowledge negotiation and closing skills'],"['communication', 'negotiation', 'sales']","['communication', 'negotiation', 'sales', 'sales techniques and strategies relationship building crm software usage product knowledge negotiation and closing skills']",0.0
Pharmaceutical Sales Representative,['sales leadership territory management team management sales data analysis strategic planning and execution'],['sales'],"['sales', 'sales leadership territory management team management sales data analysis strategic planning and execution']",0.0
Physical Therapist,['orthopedic assessment and treatment rehabilitation exercises patient education'],[],['orthopedic assessment and treatment rehabilitation exercises patient education'],0.0
Physical Therapist,['pediatric rehabilitation developmental assessments child psychology knowledge'],[],['pediatric rehabilitation developmental assessments child psychology knowledge'],0.0
Physician Assistant,['emergency medical care triage and assessment trauma management'],['medical'],"['emergency medical care triage and assessment trauma management', 'medical']",0.0
Physician Assistant,['medical knowledge and clinical skills patient care and assessment communication and empathy'],['medical'],"['medical', 'medical knowledge and clinical skills patient care and assessment communication and empathy']",0.0
Physician Assistant,['surgical procedures and techniques operating room protocols anesthesia management'],[],['surgical procedures and techniques operating room protocols anesthesia management'],0.0
Process Engineer,['chemical engineering process design chemical reactions safety protocols laboratory techniques problem-solving skills'],[],['chemical engineering process design chemical reactions safety protocols laboratory techniques problem-solving skills'],0.0
Process Engineer,['industrial engineering process optimization lean manufacturing quality control data analysis workflow design'],['operations'],"['industrial engineering process optimization lean manufacturing quality control data analysis workflow design', 'operations']",0.0
Procurement Coordinator,['procurement supplier management negotiation supply chain management inventory control vendor relations'],['procurement'],"['procurement', 'procurement supplier management negotiation supply chain management inventory control vendor relations']",0.0
Procurement Manager,['procurement processes vendor assessment contract negotiation purchase order management spend analysis market research supplier relationship management data analysis problem-solving attention to detail communication skills financial acumen'],['procurement'],"['procurement', 'procurement processes vendor assessment contract negotiation purchase order management spend analysis market research supplier relationship management data analysis problem-solving attention to detail communication skills financial acumen']",0.0
Procurement Manager,['supplier diversity programs diversity and inclusion initiatives supplier assessment and certification data collection and reporting vendor outreach and engagement strategic planning communication skills relationship building attention to diversity and inclusion principles'],['supply chain'],"['supplier diversity programs diversity and inclusion initiatives supplier assessment and certification data collection and reporting vendor outreach and engagement strategic planning communication skills relationship building attention to diversity and inclusion principles', 'supply chain']",0.0
Procurement Specialist,['procurement processes purchase order management vendor communication data analysis inventory control'],"['communication', 'inventory management', 'procurement']","['communication', 'inventory management', 'procurement', 'procurement processes purchase order management vendor communication data analysis inventory control']",0.0
Procurement Specialist,['procurement strategies supplier management negotiation cost analysis supply chain management'],['procurement'],"['procurement', 'procurement strategies supplier management negotiation cost analysis supply chain management']",0.0
Procurement Specialist,['sourcing strategies supplier evaluation market research cost analysis contract negotiation'],['procurement'],"['procurement', 'sourcing strategies supplier evaluation market research cost analysis contract negotiation']",0.0
Product Designer,['industrial design principles cad and 3d modeling prototyping and testing'],[],['industrial design principles cad and 3d modeling prototyping and testing'],0.0
Product Manager,['agile product development scrum or kanban frameworks backlog management user story writing prioritization techniques collaboration with development teams product vision and strategy'],['agile'],"['agile', 'agile product development scrum or kanban frameworks backlog management user story writing prioritization techniques collaboration with development teams product vision and strategy']",0.0
Product Manager,['product management principles technical background agile development methodologies product roadmap planning market research and analysis stakeholder communication problem-solving skills'],[],['product management principles technical background agile development methodologies product roadmap planning market research and analysis stakeholder communication problem-solving skills'],0.0
Project Coordinator,['office administration communication skills organizational skills time management microsoft office proficiency'],['document management'],"['document management', 'office administration communication skills organizational skills time management microsoft office proficiency']",0.0
Project Coordinator,['construction project management building codes and regulations knowledge budgeting and cost control construction scheduling contractor and subcontractor coordination'],[],['construction project management building codes and regulations knowledge budgeting and cost control construction scheduling contractor and subcontractor coordination'],0.0
Project Coordinator,['project planning and scheduling budget management risk assessment and mitigation stakeholder communication agile or waterfall methodologies'],[],['project planning and scheduling budget management risk assessment and mitigation stakeholder communication agile or waterfall methodologies'],0.0
Project Manager,"['agile methodologies scrum or kanban team collaboration agile tools (e.g.', 'jira)']","['agile', 'collaboration']","['agile', 'agile methodologies scrum or kanban team collaboration agile tools (e.g.', 'collaboration', 'jira)']",0.0
Project Manager,['construction management budgeting contract negotiation safety regulations'],[],['construction management budgeting contract negotiation safety regulations'],0.0
Project Manager,['project management team leadership risk management budgeting communication skills'],[],['project management team leadership risk management budgeting communication skills'],0.0
Psychologist,['clinical psychology counseling skills assessment tools diagnostic skills empathy and listening skills'],['clinical'],"['clinical', 'clinical psychology counseling skills assessment tools diagnostic skills empathy and listening skills']",0.0
Psychologist,['research methodology data analysis psychological studies writing research reports critical thinking'],[],['research methodology data analysis psychological studies writing research reports critical thinking'],0.0
Psychologist,['school psychology special education knowledge assessment and testing individualized education plans collaboration skills'],[],['school psychology special education knowledge assessment and testing individualized education plans collaboration skills'],0.0
Public Relations Specialist,['brand management public relations brand storytelling influencer marketing media monitoring'],['communication'],"['brand management public relations brand storytelling influencer marketing media monitoring', 'communication']",0.0
Public Relations Specialist,['crisis communication planning crisis response media relations reputation management stakeholder communication'],['communication'],"['communication', 'crisis communication planning crisis response media relations reputation management stakeholder communication']",0.0
Public Relations Specialist,['media relations press releases media outreach crisis communication public relations strategies'],[],['media relations press releases media outreach crisis communication public relations strategies'],0.0
Purchasing Agent,['inventory control demand forecasting supply chain management data analysis warehouse management'],[],['inventory control demand forecasting supply chain management data analysis warehouse management'],0.0
Purchasing Agent,['negotiation skills vendor management supply chain knowledge contract management analytical skills'],['procurement'],"['negotiation skills vendor management supply chain knowledge contract management analytical skills', 'procurement']",0.0
Purchasing Agent,['supply chain logistics inventory management communication skills problem-solving vendor coordination'],"['logistics', 'operations', 'supply chain']","['logistics', 'operations', 'supply chain', 'supply chain logistics inventory management communication skills problem-solving vendor coordination']",0.0
QA Analyst,"['python) test reporting code review', 'test automation test framework development continuous integration scripting languages (e.g.']",[],"['python) test reporting code review', 'test automation test framework development continuous integration scripting languages (e.g.']",0.0
QA Analyst,['performance testing load testing stress testing test scenarios performance monitoring benchmarking performance analysis'],[],['performance testing load testing stress testing test scenarios performance monitoring benchmarking performance analysis'],0.0
QA Analyst,"['selenium)', 'software quality assurance test planning test case design test execution defect tracking test automation (e.g.']",['quality assurance'],"['quality assurance', 'selenium)', 'software quality assurance test planning test case design test execution defect tracking test automation (e.g.']",0.0
QA Engineer,['quality assurance process improvement team leadership problem-solving quality control'],['quality assurance'],"['quality assurance', 'quality assurance process improvement team leadership problem-solving quality control']",0.0
Quality Assurance Analyst,"['appium) regression testing', 'selenium', 'test planning and strategy test case design and execution defect reporting and tracking test automation tools (e.g.']",['quality assurance'],"['appium) regression testing', 'quality assurance', 'selenium', 'test planning and strategy test case design and execution defect reporting and tracking test automation tools (e.g.']",0.0
Quality Assurance Analyst,['quality assurance processes and methodologies quality metrics and kpis audit and compliance team leadership and management continuous improvement initiatives'],"['compliance', 'quality assurance']","['compliance', 'quality assurance', 'quality assurance processes and methodologies quality metrics and kpis audit and compliance team leadership and management continuous improvement initiatives']",0.0
Registered Nurse,['nursing leadership charge nurse responsibilities team coordination'],"['healthcare', 'nursing', 'operations']","['healthcare', 'nursing', 'nursing leadership charge nurse responsibilities team coordination', 'operations']",0.0
Registered Nurse,"['clinical nursing specialization (e.g.', 'critical care', 'oncology) advanced nursing skills patient education']",['clinical'],"['clinical', 'clinical nursing specialization (e.g.', 'critical care', 'oncology) advanced nursing skills patient education']",0.0
Research Analyst,"['market research methodologies data collection and analysis consumer behavior analysis competitor analysis survey design and analysis statistical analysis software (e.g.', 'sas) data visualization trend analysis report writing communication skills attention to detail', 'spss']",['market research'],"['market research', 'market research methodologies data collection and analysis consumer behavior analysis competitor analysis survey design and analysis statistical analysis software (e.g.', 'sas) data visualization trend analysis report writing communication skills attention to detail', 'spss']",0.0
Research Scientist,['data collection and analysis market research tools and techniques survey design and analysis qualitative and quantitative research methods report writing and presentation skills'],[],['data collection and analysis market research tools and techniques survey design and analysis qualitative and quantitative research methods report writing and presentation skills'],0.0
Sales Associate,['customer service sales techniques product knowledge cash handling communication skills'],['sales'],"['customer service sales techniques product knowledge cash handling communication skills', 'sales']",0.0
Sales Consultant,['sales training sales coaching training program development sales techniques product knowledge presentation skills'],"['communication', 'sales', 'training']","['communication', 'sales', 'sales training sales coaching training program development sales techniques product knowledge presentation skills', 'training']",0.0
Sales Manager,['key account management relationship building sales negotiation'],[],['key account management relationship building sales negotiation'],0.0
Sales Manager,['sales strategy development territory management sales team leadership'],"['operations', 'sales']","['operations', 'sales', 'sales strategy development territory management sales team leadership']",0.0
Sales Manager,['sales leadership team management sales strategy and planning'],['sales'],"['sales', 'sales leadership team management sales strategy and planning']",0.0
Sales Representative,['sales strategy and planning account management customer relationship management solution selling sales forecasting contract negotiation sales metrics and reporting'],['sales'],"['sales', 'sales strategy and planning account management customer relationship management solution selling sales forecasting contract negotiation sales metrics and reporting']",0.0
Sales Representative,"['sales prospecting and lead generation sales presentation and communication crm software (e.g.', 'salesforce) sales negotiation and closing techniques product knowledge relationship building']","['communication', 'inside sales', 'sales']","['communication', 'inside sales', 'sales', 'sales prospecting and lead generation sales presentation and communication crm software (e.g.', 'salesforce) sales negotiation and closing techniques product knowledge relationship building']",0.0
Sales Representative,['sales prospecting and networking face-to-face sales meetings territory management consultative selling relationship building sales tracking and reporting'],['sales'],"['sales', 'sales prospecting and networking face-to-face sales meetings territory management consultative selling relationship building sales tracking and reporting']",0.0
SEM Specialist,"['b testing conversion tracking', 'google ads management ppc campaign optimization keyword research ad copywriting a']","['advertising', 'marketing', 'social media']","['advertising', 'b testing conversion tracking', 'google ads management ppc campaign optimization keyword research ad copywriting a', 'marketing', 'social media']",0.0
SEM Specialist,['search engine marketing ppc advertising seo strategy data analysis digital marketing skills'],['seo'],"['search engine marketing ppc advertising seo strategy data analysis digital marketing skills', 'seo']",0.0
SEM Specialist,['search engine marketing (sem) google ads bing ads keyword analysis ad performance analysis sem strategy development bid management'],"['marketing', 'sem']","['marketing', 'search engine marketing (sem) google ads bing ads keyword analysis ad performance analysis sem strategy development bid management', 'sem']",0.0
SEO Analyst,['seo (search engine optimization) content strategy keyword research content optimization content planning analytics and reporting'],"['marketing', 'seo']","['marketing', 'seo', 'seo (search engine optimization) content strategy keyword research content optimization content planning analytics and reporting']",0.0
SEO Analyst,"['ahrefs) schema markup site speed optimization xml sitemaps canonicalization', 'screaming frog', 'technical seo website audits seo tools (e.g.']",['seo'],"['ahrefs) schema markup site speed optimization xml sitemaps canonicalization', 'screaming frog', 'seo', 'technical seo website audits seo tools (e.g.']",0.0
SEO Specialist,['content strategy seo content optimization content marketing keyword mapping analytics'],['seo'],"['content strategy seo content optimization content marketing keyword mapping analytics', 'seo']",0.0
SEO Specialist,"['google analytics', 'search engine optimization keyword research seo tools (e.g.', 'semrush) on-page and off-page optimization']",['seo'],"['google analytics', 'search engine optimization keyword research seo tools (e.g.', 'semrush) on-page and off-page optimization', 'seo']",0.0
SEO Specialist,['technical seo audits website crawl analysis schema markup xml sitemaps canonicalization'],['seo'],"['seo', 'technical seo audits website crawl analysis schema markup xml sitemaps canonicalization']",0.0
Social Media Coordinator,"['content creation (e.g.', 'editing', 'graphic design', 'video production) content marketing social media management seo optimization creative storytelling audience engagement analytics and reporting adaptability communication skills creativity', 'writing']",['social media'],"['content creation (e.g.', 'editing', 'graphic design', 'social media', 'video production) content marketing social media management seo optimization creative storytelling audience engagement analytics and reporting adaptability communication skills creativity', 'writing']",0.0
Social Media Manager,['community engagement and moderation online community-building strategies content curation and creation crisis management and conflict resolution analytics and reporting'],[],['community engagement and moderation online community-building strategies content curation and creation crisis management and conflict resolution analytics and reporting'],0.0
Social Media Manager,"['facebook insights) data analysis and reporting social media roi measurement competitive analysis trend identification', 'google analytics', 'social media analytics tools (e.g.']",['social media'],"['facebook insights) data analysis and reporting social media roi measurement competitive analysis trend identification', 'google analytics', 'social media', 'social media analytics tools (e.g.']",0.0
Social Media Manager,['social media marketing strategy development content planning and creation social media advertising and targeting data-driven decision-making social media trends and platform updates'],"['marketing', 'social media']","['marketing', 'social media', 'social media marketing strategy development content planning and creation social media advertising and targeting data-driven decision-making social media trends and platform updates']",0.0
Social Worker,['child welfare policies and regulations child protective services child development crisis intervention case management cultural competence interviewing and assessment skills court procedures documentation empathy communication skills'],[],['child welfare policies and regulations child protective services child development crisis intervention case management cultural competence interviewing and assessment skills court procedures documentation empathy communication skills'],0.0
Social Worker,['counseling techniques psychotherapy mental health assessment treatment planning crisis intervention ethical standards empathy and active listening cultural competence documentation communication skills self-care licensing and certification'],[],['counseling techniques psychotherapy mental health assessment treatment planning crisis intervention ethical standards empathy and active listening cultural competence documentation communication skills self-care licensing and certification'],0.0
Social Worker,['school social work principles student assessment and intervention special education laws individualized education plans (ieps) crisis management collaboration with educators family engagement advocacy empathy and communication documentation cultural competence licensing and certification'],[],['school social work principles student assessment and intervention special education laws individualized education plans (ieps) crisis management collaboration with educators family engagement advocacy empathy and communication documentation cultural competence licensing and certification'],0.0
Software Architect,"['azure', 'cloud computing platforms (aws', 'etc.) cloud security containerization (docker', 'kubernetes)']",['strategy'],"['azure', 'cloud computing platforms (aws', 'etc.) cloud security containerization (docker', 'kubernetes)', 'strategy']",0.0
Software Architect,['enterprise architecture business strategy alignment it governance and compliance'],[],['enterprise architecture business strategy alignment it governance and compliance'],0.0
Software Architect,['solution design technical architecture cloud computing and software development knowledge'],[],['solution design technical architecture cloud computing and software development knowledge'],0.0
Software Developer,"['flutter) mobile app design principles apis and web services integration debugging and troubleshooting', 'java', 'kotlin) cross-platform development (e.g.', 'mobile app development languages (e.g.', 'react native', 'swift']",[],"['flutter) mobile app design principles apis and web services integration debugging and troubleshooting', 'java', 'kotlin) cross-platform development (e.g.', 'mobile app development languages (e.g.', 'react native', 'swift']",0.0
Software Engineer,"['django)', 'express', 'java', 'node.js', 'proficiency in one or more backend programming languages (e.g.', 'python', 'ruby) api development database management (sql or nosql) server management and deployment security best practices knowledge of web frameworks (e.g.']",['communication'],"['communication', 'django)', 'express', 'java', 'node.js', 'proficiency in one or more backend programming languages (e.g.', 'python', 'ruby) api development database management (sql or nosql) server management and deployment security best practices knowledge of web frameworks (e.g.']",0.0
Software Engineer,"['ansible) cloud platforms (e.g.', 'automation and scripting (e.g.', 'aws', 'azure', 'bash) continuous integration', 'cd) containerization (e.g.', 'continuous deployment (ci', 'docker', 'gcp) monitoring and troubleshooting skills', 'kubernetes) infrastructure as code (e.g.', 'python', 'terraform']","['ci/cd', 'collaboration', 'devops', 'operations']","['ansible) cloud platforms (e.g.', 'automation and scripting (e.g.', 'aws', 'azure', 'bash) continuous integration', 'cd) containerization (e.g.', 'ci/cd', 'collaboration', 'continuous deployment (ci', 'devops', 'docker', 'gcp) monitoring and troubleshooting skills', 'kubernetes) infrastructure as code (e.g.', 'operations', 'python', 'terraform']",0.0
Software Engineer,"['and javascript experience with frontend frameworks like react', 'angular', 'css', 'git) frontend performance optimization', 'or vue.js responsive web design cross-browser compatibility version control (e.g.', 'proficiency in html']",[],"['and javascript experience with frontend frameworks like react', 'angular', 'css', 'git) frontend performance optimization', 'or vue.js responsive web design cross-browser compatibility version control (e.g.', 'proficiency in html']",0.0
Software Tester,"['appium) scripting languages (e.g.', 'java) test framework development continuous integration tools test data management', 'python', 'selenium', 'test automation tools (e.g.']",[],"['appium) scripting languages (e.g.', 'java) test framework development continuous integration tools test data management', 'python', 'selenium', 'test automation tools (e.g.']",0.0
Software Tester,"['jmeter) test script development performance profiling and analysis bottleneck identification', 'performance testing methodologies load testing tools (e.g.']",[],"['jmeter) test script development performance profiling and analysis bottleneck identification', 'performance testing methodologies load testing tools (e.g.']",0.0
Software Tester,"['automated) bug tracking and reporting test case development regression testing', 'manual', 'quality assurance processes testing methodologies (e.g.']",[],"['automated) bug tracking and reporting test case development regression testing', 'manual', 'quality assurance processes testing methodologies (e.g.']",0.0
Speech Therapist,['adult speech therapy speech-language assessment rehabilitation techniques swallowing disorders communication skills'],['communication'],"['adult speech therapy speech-language assessment rehabilitation techniques swallowing disorders communication skills', 'communication']",0.0
Speech Therapist,['speech pathology articulation therapy language disorders speech assessment therapy planning communication skills'],['communication'],"['communication', 'speech pathology articulation therapy language disorders speech assessment therapy planning communication skills']",0.0
Structural Engineer,['bridge design civil engineering structural analysis autocad proficiency project management'],['compliance'],"['bridge design civil engineering structural analysis autocad proficiency project management', 'compliance']",0.0
Structural Engineer,['construction management structural design autocad proficiency project management site inspection'],[],['construction management structural design autocad proficiency project management site inspection'],0.0
Structural Engineer,['engineering design cad software proficiency problem-solving technical knowledge communication skills'],[],['engineering design cad software proficiency problem-solving technical knowledge communication skills'],0.0
Substance Abuse Counselor,['addiction counseling techniques substance abuse treatment counseling ethics'],[],['addiction counseling techniques substance abuse treatment counseling ethics'],0.0
Substance Abuse Counselor,['family counseling marriage and family therapy conflict resolution skills'],['communication'],"['communication', 'family counseling marriage and family therapy conflict resolution skills']",0.0
Substance Abuse Counselor,['addiction recovery support motivational interviewing relapse prevention strategies'],[],['addiction recovery support motivational interviewing relapse prevention strategies'],0.0
Supply Chain Analyst,['supply chain analysis data analytics inventory management transportation planning problem-solving'],"['logistics', 'operations', 'supply chain']","['logistics', 'operations', 'supply chain', 'supply chain analysis data analytics inventory management transportation planning problem-solving']",0.0
Supply Chain Manager,['demand forecasting inventory management data analysis sales and operations planning (s&op) erp software proficiency'],['sales'],"['demand forecasting inventory management data analysis sales and operations planning (s&op) erp software proficiency', 'sales']",0.0
Supply Chain Manager,['supply chain management inventory control transportation logistics vendor relations team leadership and management'],"['distribution', 'logistics', 'supply chain']","['distribution', 'logistics', 'supply chain', 'supply chain management inventory control transportation logistics vendor relations team leadership and management']",0.0
Systems Administrator,"['database management systems (e.g.', 'mysql', 'oracledb', 'sql server) data security database tuning and optimization backup and recovery']",[],"['database management systems (e.g.', 'mysql', 'oracledb', 'sql server) data security database tuning and optimization backup and recovery']",0.0
Systems Administrator,['technical troubleshooting hardware and software support customer service problem-solving communication'],[],['technical troubleshooting hardware and software support customer service problem-solving communication'],0.0
Systems Analyst,['business systems analysis requirements gathering process improvement'],[],['business systems analysis requirements gathering process improvement'],0.0
Systems Analyst,['it systems analysis troubleshooting it support and documentation'],[],['it systems analysis troubleshooting it support and documentation'],0.0
Systems Engineer,"['aws', 'azure) devops practices automation security in the cloud disaster recovery scalability', 'cloud systems engineering cloud infrastructure (e.g.']","['aws', 'azure', 'gcp']","['aws', 'azure', 'azure) devops practices automation security in the cloud disaster recovery scalability', 'cloud systems engineering cloud infrastructure (e.g.', 'gcp']",0.2
Systems Engineer,['systems integration integration architecture data mapping middleware technologies api integration system testing troubleshooting'],[],['systems integration integration architecture data mapping middleware technologies api integration system testing troubleshooting'],0.0
Tax Consultant,['business tax law knowledge corporate tax planning tax compliance for businesses tax credits and incentives tax strategy development financial analysis irs regulations client relationship management communication skills tax software proficiency'],"['compliance', 'strategy']","['business tax law knowledge corporate tax planning tax compliance for businesses tax credits and incentives tax strategy development financial analysis irs regulations client relationship management communication skills tax software proficiency', 'compliance', 'strategy']",0.0
Tax Consultant,['international tax law knowledge transfer pricing cross-border tax planning tax treaties and agreements foreign tax credits international tax compliance transfer pricing documentation multinational tax strategies client relationship management communication skills tax software proficiency'],"['compliance', 'operations']","['compliance', 'international tax law knowledge transfer pricing cross-border tax planning tax treaties and agreements foreign tax credits international tax compliance transfer pricing documentation multinational tax strategies client relationship management communication skills tax software proficiency', 'operations']",0.0
Tax Consultant,['tax law knowledge individual tax planning tax return preparation tax deductions and credits tax compliance irs regulations client relationship management communication skills attention to detail tax software proficiency'],['compliance'],"['compliance', 'tax law knowledge individual tax planning tax return preparation tax deductions and credits tax compliance irs regulations client relationship management communication skills attention to detail tax software proficiency']",0.0
Teacher,['teaching pedagogy classroom management curriculum development student assessment differentiated instruction'],[],['teaching pedagogy classroom management curriculum development student assessment differentiated instruction'],0.0
Teacher,['special education strategies individualized education plans (ieps) behavior management techniques collaboration with support staff special education laws and regulations knowledge'],[],['special education strategies individualized education plans (ieps) behavior management techniques collaboration with support staff special education laws and regulations knowledge'],0.0
Teacher,['expertise in a specific subject area knowledge of curriculum standards instructional design assessment development educational technology proficiency'],[],['expertise in a specific subject area knowledge of curriculum standards instructional design assessment development educational technology proficiency'],0.0
Technical Writer,['document management recordkeeping attention to detail data entry organizational skills'],[],['document management recordkeeping attention to detail data entry organizational skills'],0.0
Technical Writer,['instructional design elearning tools curriculum development multimedia design learning theory knowledge'],[],['instructional design elearning tools curriculum development multimedia design learning theory knowledge'],0.0
UI Developer,"['css', 'front-end web development html', 'javascript responsive design web performance optimization cross-browser compatibility']",[],"['css', 'front-end web development html', 'javascript responsive design web performance optimization cross-browser compatibility']",0.0
UI Developer,['user experience (ux) design user interface (ui) design wireframing and prototyping usability testing design tools like sketch or figma'],"['ui design', 'ux design']","['ui design', 'user experience (ux) design user interface (ui) design wireframing and prototyping usability testing design tools like sketch or figma', 'ux design']",0.0
Urban Planner,['urban planning zoning regulations environmental planning gis proficiency community engagement'],[],['urban planning zoning regulations environmental planning gis proficiency community engagement'],0.0
Urban Planner,['environmental regulations ecosystem analysis environmental impact assessments sustainability planning project management'],['compliance'],"['compliance', 'environmental regulations ecosystem analysis environmental impact assessments sustainability planning project management']",0.0
Urban Planner,['transportation planning traffic engineering gis proficiency public transportation project management'],[],['transportation planning traffic engineering gis proficiency public transportation project management'],0.0
UX Researcher,['usability evaluation user interface assessment usability testing tools and techniques'],[],['usability evaluation user interface assessment usability testing tools and techniques'],0.0
UX Researcher,['user research methods usability testing data analysis and interpretation'],[],['user research methods usability testing data analysis and interpretation'],0.0
UX/UI Designer,['interaction design principles user behavior and psychology wireframing and prototyping tools animation and micro-interaction design collaborative design processes'],[],['interaction design principles user behavior and psychology wireframing and prototyping tools animation and micro-interaction design collaborative design processes'],0.0
UX/UI Designer,"['adobe xd) wireframing and prototyping usability testing and user research information architecture and user flows', 'sketch', 'ui design tools (e.g.', 'user-centered design principles ux']",[],"['adobe xd) wireframing and prototyping usability testing and user research information architecture and user flows', 'sketch', 'ui design tools (e.g.', 'user-centered design principles ux']",0.0
UX/UI Designer,"['adobe photoshop', 'illustrator) typography and color theory visual design and layout responsive design', 'ui design principles and best practices graphic design tools (e.g.']",[],"['adobe photoshop', 'illustrator) typography and color theory visual design and layout responsive design', 'ui design principles and best practices graphic design tools (e.g.']",0.0
Veterinarian,['equine veterinary medicine horse anatomy and physiology lameness evaluation equine surgery dentistry for horses emergency equine care equine reproductive health compassion and empathy client communication problem-solving attention to detail'],[],['equine veterinary medicine horse anatomy and physiology lameness evaluation equine surgery dentistry for horses emergency equine care equine reproductive health compassion and empathy client communication problem-solving attention to detail'],0.0
Veterinarian,['exotic animal medicine exotic animal diagnostics specialized surgical skills avian medicine reptile care amphibian care exotic animal anesthesia compassion and empathy client communication problem-solving attention to detail'],['medical'],"['exotic animal medicine exotic animal diagnostics specialized surgical skills avian medicine reptile care amphibian care exotic animal anesthesia compassion and empathy client communication problem-solving attention to detail', 'medical']",0.0
Veterinarian,['veterinary medicine small animal care and surgery animal diagnostics preventive medicine client communication surgical skills radiology anesthesia laboratory diagnostics compassion and empathy problem-solving attention to detail'],"['healthcare', 'medical']","['healthcare', 'medical', 'veterinary medicine small animal care and surgery animal diagnostics preventive medicine client communication surgical skills radiology anesthesia laboratory diagnostics compassion and empathy problem-solving attention to detail']",0.0
Web Designer,"['e-commerce web design ux', 'shopify)', 'ui design shopping cart integration payment gateway integration mobile responsiveness e-commerce platforms (e.g.']",['sales'],"['e-commerce web design ux', 'sales', 'shopify)', 'ui design shopping cart integration payment gateway integration mobile responsiveness e-commerce platforms (e.g.']",0.0
Web Designer,"['css responsive design user interface (ui) design adobe creative suite collaboration skills', 'frontend web development html']","['css', 'html', 'javascript']","['css', 'css responsive design user interface (ui) design adobe creative suite collaboration skills', 'frontend web development html', 'html', 'javascript']",0.0
Web Developer,"['angular) user experience (ux)', 'css', 'html', 'javascript frontend frameworks (e.g.', 'react']",[],"['angular) user experience (ux)', 'css', 'html', 'javascript frontend frameworks (e.g.', 'react']",0.0
Web Developer,['frontend and backend development database integration problem-solving api knowledge'],[],['frontend and backend development database integration problem-solving api knowledge'],0.0
Wedding Planner,['wedding planning vendor coordination event management'],[],['wedding planning vendor coordination event management'],0.0
Wedding Planner,['wedding design concepts decor selection and arrangement creative flair'],[],['wedding design concepts decor selection and arrangement creative flair'],0.0
Lead Java Developer,"['j2ee', 'json', 'lead', 'restful', 'soap web service', 'spring', 'xml']","['collaboration', 'java', 'operations', 'regulatory']","['collaboration', 'j2ee', 'java', 'json', 'lead', 'operations', 'regulatory', 'restful', 'soap web service', 'spring', 'xml']",0.0
Staffing - Business Development Managers,['recruiter msp vms staffing sourcing sourcer recruitment talent'],"['business development', 'communication', 'sales']","['business development', 'communication', 'recruiter msp vms staffing sourcing sourcer recruitment talent', 'sales']",0.0
Recruiters for US Staffing (Work from Home anywhere in India),['recruiter msp vms staffing sourcing sourcer recruitment talent'],"['distribution', 'project management', 'social media']","['distribution', 'project management', 'recruiter msp vms staffing sourcing sourcer recruitment talent', 'social media']",0.0
Program Analyst,"['attask or ms excel (macros', 'charting and pivot tables']","['communication', 'project management']","['attask or ms excel (macros', 'charting and pivot tables', 'communication', 'project management']",0.0
Program Manager,"['ms excel', 'ms project', 'powerpoint', 'program manager', 'visio']","['communication', 'qlikview']","['communication', 'ms excel', 'ms project', 'powerpoint', 'program manager', 'qlikview', 'visio']",0.0
Technical Writer,"['abode framemaker and ms office suite (word', 'and excel)', 'powerpoint', 'technical writer', 'visio']",['soc'],"['abode framemaker and ms office suite (word', 'and excel)', 'powerpoint', 'soc', 'technical writer', 'visio']",0.0
Demantra Technical Consultant,"['cto (configure to order)', 'demantra']",['sql'],"['cto (configure to order)', 'demantra', 'sql']",0.0
Genesys Engineer,['genesys multimedia'],"['communication', 'linux', 'oracledb', 'postgresql', 'sql']","['communication', 'genesys multimedia', 'linux', 'oracledb', 'postgresql', 'sql']",0.0
Technical Project Manager,['project manager'],"['communication', 'presentation skills', 'problem solving', 'project management']","['communication', 'presentation skills', 'problem solving', 'project management', 'project manager']",0.0
Android Developer,"['broadcast receivers', 'eclipse ide', 'oop']","['agile', 'android', 'java', 'jira', 'shell', 'sql']","['agile', 'android', 'broadcast receivers', 'eclipse ide', 'java', 'jira', 'oop', 'shell', 'sql']",0.0
Travel BSA.,['travel bsa'],"['agile', 'java', 'jira', 'scrum']","['agile', 'java', 'jira', 'scrum', 'travel bsa']",0.0
Business Analyst with DATA and Agile,"['agile', 'business objects', 'data analysis']","['consulting', 'oracledb', 'presentation skills', 'sql', 'tableau']","['agile', 'business objects', 'consulting', 'data analysis', 'oracledb', 'presentation skills', 'sql', 'tableau']",0.0
SQL Database Developer / Designer,"['.net', '.net framework', 'asp.net', 'c#', 'ms office', 'rdbms', 'sql', 'sql server', 'ssis', 'tfs', 'visio']","['asp.net', 'communication', 'presentation skills', 'problem solving', 'sql', 'ssis']","['.net', '.net framework', 'asp.net', 'c#', 'communication', 'ms office', 'presentation skills', 'problem solving', 'rdbms', 'sql', 'sql server', 'ssis', 'tfs', 'visio']",0.21428571428571427
iOS Developer,"['agile', 'c#', 'html', 'ios', 'javascript and css', 'mysql or sqlite', 'objective c', 'oracledb', 'sql server', 'swift', 'xcode']","['agile', 'css', 'html', 'ios', 'javascript', 'mysql', 'objective-c', 'oracledb', 'sql', 'sqlite', 'swift']","['agile', 'c#', 'css', 'html', 'ios', 'javascript', 'javascript and css', 'mysql', 'mysql or sqlite', 'objective c', 'objective-c', 'oracledb', 'sql', 'sql server', 'sqlite', 'swift', 'xcode']",0.29411764705882354
APPLICATION PROTOCOL & ENGINES - RTOS,['application protocol & engines - rtos and chipset 820a and android framework and qualcomm and qnx'],"['android', 'java', 'linux']","['android', 'application protocol & engines - rtos and chipset 820a and android framework and qualcomm and qnx', 'java', 'linux']",0.0
Open Text System Admin,"['ecms', 'open text', 'patches', 'security', 'windows servers']",['account management'],"['account management', 'ecms', 'open text', 'patches', 'security', 'windows servers']",0.0
SAP Security Consultant - BW HANA,"['bw security', 'hana security']",[],"['bw security', 'hana security']",0.0
Technical Manager,['video conference'],"['operations', 'training']","['operations', 'training', 'video conference']",0.0
Active Directory Engineer,"['active directory', 'citrix', 'group policies']",[],"['active directory', 'citrix', 'group policies']",0.0
Senior Full Stack Engineer (Angular/Java),"['development', 'java', 'javascript', 'nosql', 'programming']","['angular', 'aws', 'java', 'javascript', 'react']","['angular', 'aws', 'development', 'java', 'javascript', 'nosql', 'programming', 'react']",0.25
.Net Developer,['.net'],"['agile', 'communication', 'design patterns', 'etl', 'scrum', 'scrum master', 'sql', 'ssis']","['.net', 'agile', 'communication', 'design patterns', 'etl', 'scrum', 'scrum master', 'sql', 'ssis']",0.0
"PMP Project Manager in Richmond, VA","['pmp', 'project management']","['agile', 'communication', 'leadership', 'vendor management']","['agile', 'communication', 'leadership', 'pmp', 'project management', 'vendor management']",0.0
IT Technician,"['application support', 'deskside support', 'trouble tickets', 'windows']",[],"['application support', 'deskside support', 'trouble tickets', 'windows']",0.0
Cloud Architect Advisory,['caa (cloud architect advisory)'],"['crm', 'java', 'product owner']","['caa (cloud architect advisory)', 'crm', 'java', 'product owner']",0.0
SAP HCM Architect,"['config & design experience', 'sap hcm', 'sap hr']","['human resources', 'strategy']","['config & design experience', 'human resources', 'sap hcm', 'sap hr', 'strategy']",0.0
Quant Developer with risk for Philadelphia,"['c# or java or c++', 'must come from finance(equities', 'or fixed income or margin or risk) must have 4 year degree', 'sql']","['c#', 'design patterns', 'finance', 'java', 'python']","['c#', 'c# or java or c++', 'design patterns', 'finance', 'java', 'must come from finance(equities', 'or fixed income or margin or risk) must have 4 year degree', 'python', 'sql']",0.0
RedHat Enterprise Linux (RHEL) Engineer ***TS/SCI with,"['fsp', 'full scope poly', 'intel', 'red hat', 'redhat enterprise linux', 'rhel', 'sci', 'top-secret', 'typescript']",['linux'],"['fsp', 'full scope poly', 'intel', 'linux', 'red hat', 'redhat enterprise linux', 'rhel', 'sci', 'top-secret', 'typescript']",0.0
Oracle Application Project Manager,"['app related', 'infrastructure', 'oracledb', 'pmp']","['oracledb', 'project management']","['app related', 'infrastructure', 'oracledb', 'pmp', 'project management']",0.2
AWS Consultant,"['aws', 'cassandra', 'ec2', 'github', 'jenkin', 'mongodb']","['agile', 'ansible', 'aws', 'cassandra', 'chef', 'ci/cd', 'communication', 'couchdb', 'design patterns', 'docker', 'iam', 'java', 'javascript', 'jenkins', 'junit', 'leadership', 'mongodb', 'python', 'ruby', 'selenium', 'shell', 'system design', 'teamwork']","['agile', 'ansible', 'aws', 'cassandra', 'chef', 'ci/cd', 'communication', 'couchdb', 'design patterns', 'docker', 'ec2', 'github', 'iam', 'java', 'javascript', 'jenkin', 'jenkins', 'junit', 'leadership', 'mongodb', 'python', 'ruby', 'selenium', 'shell', 'system design', 'teamwork']",0.11538461538461539
Java Back-End Engineer,"['aws', 'java']","['agile', 'aws', 'java', 'kafka', 'mysql', 'splunk']","['agile', 'aws', 'java', 'kafka', 'mysql', 'splunk']",0.3333333333333333
Android Mobile Tester,"['android & ios mobile', 'perfecto mobile', 'robotium']","['android', 'communication', 'ios', 'selenium', 'strategy']","['android', 'android & ios mobile', 'communication', 'ios', 'perfecto mobile', 'robotium', 'selenium', 'strategy']",0.0
System Administrator,"['circuit', 'cisco', 'dns', 'firewall', 'lan', 'management', 'manager', 'networks', 'protocols', 'switches', 'system administrator', 'unix', 'vpn', 'wan']","['communication', 'firewall', 'vendor management']","['circuit', 'cisco', 'communication', 'dns', 'firewall', 'lan', 'management', 'manager', 'networks', 'protocols', 'switches', 'system administrator', 'unix', 'vendor management', 'vpn', 'wan']",0.0625
"UI, Javascrtipt Developer","['agile', 'ajax', 'boot strap', 'css3', 'html5', 'javascript functions', 'jquery', 'layout', 'node', 'responsive web design', 'ui design', 'visual']","['agile', 'angular', 'bootstrap', 'critical thinking', 'css', 'javascript', 'jquery', 'problem solving', 'react', 'ui design', 'ux design']","['agile', 'ajax', 'angular', 'boot strap', 'bootstrap', 'critical thinking', 'css', 'css3', 'html5', 'javascript', 'javascript functions', 'jquery', 'layout', 'node', 'problem solving', 'react', 'responsive web design', 'ui design', 'ux design', 'visual']",0.15
.NET/Microsoft Dynamics Developer,['.net'],"['asp.net', 'crm', 'java']","['.net', 'asp.net', 'crm', 'java']",0.0
Title: UI/UX Developer - F2F Interview,"['agile', 'css3', 'htm5', 'jsf', 'ms', 'or bs', 'primeface 5.3', 'process flows', 'scrum', 'sitemaps', 'storyboards', 'ui design', 'ui design skills', 'ui testing tools', 'user flows', 'ux and', 'visual design', 'wire framing tools', 'wireframes']","['agile', 'css', 'html', 'java', 'javascript', 'scrum', 'ui design', 'ux design']","['agile', 'css', 'css3', 'htm5', 'html', 'java', 'javascript', 'jsf', 'ms', 'or bs', 'primeface 5.3', 'process flows', 'scrum', 'sitemaps', 'storyboards', 'ui design', 'ui design skills', 'ui testing tools', 'user flows', 'ux and', 'ux design', 'visual design', 'wire framing tools', 'wireframes']",0.125
GIS Analyst - F2F Interview,['arcgis desktop 10.x'],"['communication', 'distribution']","['arcgis desktop 10.x', 'communication', 'distribution']",0.0
"Oracle Developer with PHP, SOAP, WSDL - F2F interview","['7 years experience with linux and oracle 2 years experience using xml and json with php scripting expertise. perform development and support work on application servers (tomcat', 'apache and weblogic).']","['linux', 'market research', 'oracledb', 'php', 'sql']","['7 years experience with linux and oracle 2 years experience using xml and json with php scripting expertise. perform development and support work on application servers (tomcat', 'apache and weblogic).', 'linux', 'market research', 'oracledb', 'php', 'sql']",0.0
Equities Front Office Tools Developer (C#/KDB),"['booking and risk calculation', 'business processes', 'c#', 'etfs', 'kdb', 'ms excel', 'ood', 'pricing', 'sql', 'vba', 'xml']","['communication', 'sql']","['booking and risk calculation', 'business processes', 'c#', 'communication', 'etfs', 'kdb', 'ms excel', 'ood', 'pricing', 'sql', 'vba', 'xml']",0.08333333333333333
C++/OpenGL Developer- Fortune 500 Client(W2 Role),"['c++', 'open gl']",[],"['c++', 'open gl']",0.0
Scala Developer,['java python scala'],"['communication', 'elasticsearch', 'java', 'python', 'scala', 'spark', 'storm']","['communication', 'elasticsearch', 'java', 'java python scala', 'python', 'scala', 'spark', 'storm']",0.0
C++ Developer,['c++ developer'],"['problem solving', 'r']","['c++ developer', 'problem solving', 'r']",0.0
Mobile Core Engineer,"['cdma', 'cisco', 'lte', 'unix servers']","['bash', 'communication', 'human resources', 'linux', 'operations', 'perl', 'problem solving', 'process improvement', 'project management', 'shell', 'sql', 'strategy', 'training', 'ux design']","['bash', 'cdma', 'cisco', 'communication', 'human resources', 'linux', 'lte', 'operations', 'perl', 'problem solving', 'process improvement', 'project management', 'shell', 'sql', 'strategy', 'training', 'unix servers', 'ux design']",0.0
Desktop Support Technician,['desktop support technician'],"['leadership', 'operations', 'training']","['desktop support technician', 'leadership', 'operations', 'training']",0.0
Network Administrator,['network administrator'],"['leadership', 'sql']","['leadership', 'network administrator', 'sql']",0.0
Vice President of Global Sales,"['analytical', 'fusion', 'leadership', 'oracle ebs', 'presentations', 'primavera', 'proposals', 'sales']","['business development', 'consulting', 'go', 'inside sales', 'lead generation', 'leadership', 'marketing', 'oracledb', 'problem solving', 'sales', 'strategy']","['analytical', 'business development', 'consulting', 'fusion', 'go', 'inside sales', 'lead generation', 'leadership', 'marketing', 'oracle ebs', 'oracledb', 'presentations', 'primavera', 'problem solving', 'proposals', 'sales', 'strategy']",0.11764705882352941
Sr. Web UI Software Engineer/Lead,"['angular', 'cache layer', 'css3', 'd3', 'data access layer', 'html5', 'javascript', 'rest service', 'svg graphicssvg libraries', 'ui design', 'visual graphical', 'web']","['angular', 'communication', 'javascript', 'leadership', 'linux', 'ui design']","['angular', 'cache layer', 'communication', 'css3', 'd3', 'data access layer', 'html5', 'javascript', 'leadership', 'linux', 'rest service', 'svg graphicssvg libraries', 'ui design', 'visual graphical', 'web']",0.2
SQL and C# Developer,['sql and c# developer'],"['asp.net', 'sql']","['asp.net', 'sql', 'sql and c# developer']",0.0
Application Solution Developer/Engineer - Web Front End Senior,"['application solution developer', 'engineer - web front end senior']","['css', 'javascript', 'jquery', 'mocha']","['application solution developer', 'css', 'engineer - web front end senior', 'javascript', 'jquery', 'mocha']",0.0
Cloud Engineer,['cloud engineer'],"['agile', 'ansible', 'aws', 'azure', 'communication', 'consulting', 'design patterns', 'devops', 'docker', 'go', 'java', 'kafka', 'linux', 'oracledb', 'problem solving', 'puppet', 'python', 'scrum', 'system design']","['agile', 'ansible', 'aws', 'azure', 'cloud engineer', 'communication', 'consulting', 'design patterns', 'devops', 'docker', 'go', 'java', 'kafka', 'linux', 'oracledb', 'problem solving', 'puppet', 'python', 'scrum', 'system design']",0.0
Senior C# Developer,"['c#', 'javascript', 'nunit', 'react or angularjs', 'sql server']","['communication', 'css', 'devops', 'html', 'leadership', 'problem solving', 'project management', 'react', 'scrum', 'sql']","['c#', 'communication', 'css', 'devops', 'html', 'javascript', 'leadership', 'nunit', 'problem solving', 'project management', 'react', 'react or angularjs', 'scrum', 'sql', 'sql server']",0.0
Infrastructure Engineer II,"['appsense', 'citrix', 'xen 7.x']","['consulting', 'html', 'presentation skills', 'problem solving']","['appsense', 'citrix', 'consulting', 'html', 'presentation skills', 'problem solving', 'xen 7.x']",0.0
Oracle PL/SQL Developer,"['developer', 'integration test', 'linux', 'oracle developer', 'oracle insertion', 'oracledb', 'perl', 'pl', 'production', 'scripting', 'sdlc', 'shell', 'sql', 'sql applications', 'stress test', 'system test']","['creativity', 'linux', 'operations', 'oracledb', 'perl', 'shell', 'sql']","['creativity', 'developer', 'integration test', 'linux', 'operations', 'oracle developer', 'oracle insertion', 'oracledb', 'perl', 'pl', 'production', 'scripting', 'sdlc', 'shell', 'sql', 'sql applications', 'stress test', 'system test']",0.2777777777777778
Business Development Manager(Only Local),"['analytical skills', 'online marketing', 'or business development', 'sales and']","['business development', 'leadership', 'sales']","['analytical skills', 'business development', 'leadership', 'online marketing', 'or business development', 'sales', 'sales and']",0.0
"Sr. Analyst, GEC Compliance - Contract","['ecommerce', 'pmp certification', 'sas', 'sql', 'statistics']","['oracledb', 'project management', 'sql']","['ecommerce', 'oracledb', 'pmp certification', 'project management', 'sas', 'sql', 'statistics']",0.14285714285714285
JAVA Architect (minimum 15+years exp.),"['design pattern', 'java architect', 'micro services', 'soa']","['agile', 'bootstrap', 'css', 'design patterns', 'html', 'java', 'javascript', 'jquery']","['agile', 'bootstrap', 'css', 'design pattern', 'design patterns', 'html', 'java', 'java architect', 'javascript', 'jquery', 'micro services', 'soa']",0.0
DevOps Engineer(only Local),"['(jboss', 'ansible or equivalent)', 'cd', 'ci/cd', 'docker', 'heroku or equivalent)', 'hybrid cloud engineering (on google cloud', 'infrastructure-as-code (chef', 'python)', 'scripting (ruby', 'vcloud', 'websphere)', 'zookeeper']","['ansible', 'business analyst', 'chef', 'ci/cd', 'devops', 'docker', 'heroku', 'java', 'python', 'ruby']","['(jboss', 'ansible', 'ansible or equivalent)', 'business analyst', 'cd', 'chef', 'ci/cd', 'devops', 'docker', 'heroku', 'heroku or equivalent)', 'hybrid cloud engineering (on google cloud', 'infrastructure-as-code (chef', 'java', 'python', 'python)', 'ruby', 'scripting (ruby', 'vcloud', 'websphere)', 'zookeeper']",0.09523809523809523
Data Analyst With eCommerce,"['data analyst', 'ecommerce', 'online']","['communication', 'forecasting', 'marketing', 'operations', 'sales']","['communication', 'data analyst', 'ecommerce', 'forecasting', 'marketing', 'online', 'operations', 'sales']",0.0
PHP-Web UI Developer,"['css', 'javascript', 'jquery', 'lamp', 'magento', 'php', 'ui design', 'web']","['css', 'mysql', 'ui design']","['css', 'javascript', 'jquery', 'lamp', 'magento', 'mysql', 'php', 'ui design', 'web']",0.2222222222222222
.Net Lead--Full Time,"['.net', 'ado.net', 'asp.net', 'c#', 'css', 'entity framework', 'html', 'iis', 'javascript', 'jquery', 'json', 'knockout js', 'linq', 'mvc', 'sql', 'vb.net', 'wcf', 'webservices', 'windows', 'xml.']","['asp.net', 'css', 'html', 'javascript', 'jquery', 'sql']","['.net', 'ado.net', 'asp.net', 'c#', 'css', 'entity framework', 'html', 'iis', 'javascript', 'jquery', 'json', 'knockout js', 'linq', 'mvc', 'sql', 'vb.net', 'wcf', 'webservices', 'windows', 'xml.']",0.3
Sales/Recruiter Trainee Dallas,"['development', 'inquire', 'management', 'manager', 'materials', 'networking', 'protocols', 'recruiter', 'sales']","['account management', 'business development', 'marketing', 'medical', 'presentation skills', 'sales', 'training']","['account management', 'business development', 'development', 'inquire', 'management', 'manager', 'marketing', 'materials', 'medical', 'networking', 'presentation skills', 'protocols', 'recruiter', 'sales', 'training']",0.06666666666666667
C# Angular JS,"['angular', 'angularjs', 'c#', 'javascript']","['angular', 'go', 'sql']","['angular', 'angularjs', 'c#', 'go', 'javascript', 'sql']",0.16666666666666666
IT Support-Permanent,['it support-permanent'],"['communication', 'go', 'r']","['communication', 'go', 'it support-permanent', 'r']",0.0
SQL Server DBA-Permanent,['sql server dba-permanent'],"['communication', 'operations', 'oracledb', 'r', 'sql']","['communication', 'operations', 'oracledb', 'r', 'sql', 'sql server dba-permanent']",0.0
Java/AWS Developer,"['amazon web services', 'bash', 'devops', 'iam', 'node.js', 'python']","['aws', 'bash', 'devops', 'iam', 'javascript', 'linux', 'node.js', 'operations', 'python', 'shell', 'splunk']","['amazon web services', 'aws', 'bash', 'devops', 'iam', 'javascript', 'linux', 'node.js', 'operations', 'python', 'shell', 'splunk']",0.4166666666666667
. Net Lead with Sitecore,['. net lead with sitecore'],"['communication', 'consulting', 'quality assurance']","['. net lead with sitecore', 'communication', 'consulting', 'quality assurance']",0.0
.NET Application Developer,"['.net', 'dba', 'sql server', 'vb']","['communication', 'consulting', 'medical', 'sql']","['.net', 'communication', 'consulting', 'dba', 'medical', 'sql', 'sql server', 'vb']",0.0
.NET Architect for Georgia Public Service Commission,"['""asp. net""', '""c#""', '""html""', '""iis""', '""javascript""', '""json""', '""microsoft sql server""']","['asp.net', 'communication', 'html', 'javascript', 'sql']","['""asp. net""', '""c#""', '""html""', '""iis""', '""javascript""', '""json""', '""microsoft sql server""', 'asp.net', 'communication', 'html', 'javascript', 'sql']",0.0
.NET Architect,"['.net', 'architect', 'aws', 'cloud', 'full stack', 'leadership', 'management', 'presentations', 'soa', 'team lead']","['aws', 'communication', 'javascript', 'leadership', 'ui design']","['.net', 'architect', 'aws', 'cloud', 'communication', 'full stack', 'javascript', 'leadership', 'management', 'presentations', 'soa', 'team lead', 'ui design']",0.15384615384615385
".NET CMS Web Developer - Austin, TX","['.net', 'c#', 'cms', 'css', 'html', 'javascript', 'kentico', 'sitecore', 'sitefinity']","['account management', 'asp.net', 'consulting', 'css', 'html', 'javascript']","['.net', 'account management', 'asp.net', 'c#', 'cms', 'consulting', 'css', 'html', 'javascript', 'kentico', 'sitecore', 'sitefinity']",0.25
.Net Developer /Prod Support,"['.net (2.0 or higher)', '2012', 'asp.net', 'c#', 'custom sql scripts', 'developing n-tier', 'javascript', 'ms sql server 2008r2', 'ood', 'production support', 'stored procedures', 'web applications', 'web services', 'wsdl', 'xml']","['asp.net', 'javascript', 'sql']","['.net (2.0 or higher)', '2012', 'asp.net', 'c#', 'custom sql scripts', 'developing n-tier', 'javascript', 'ms sql server 2008r2', 'ood', 'production support', 'sql', 'stored procedures', 'web applications', 'web services', 'wsdl', 'xml']",0.125
".NET Developer the need in Chicago, IL, USA? || FULLTIME","['.net', 'ssir']","['communication', 'sql', 'ssis']","['.net', 'communication', 'sql', 'ssir', 'ssis']",0.0
C# Developer,"['.net', 'agile', 'asp', 'asp.net', 'c#', 'consulting', 'developer', 'development', 'object oriented design', 'programming', 'project', 'quality assurance', 'sql', 'sql server', 'vb', 'visual basic']","['agile', 'asp.net', 'business analyst', 'consulting', 'quality assurance', 'recruitment', 'sql', 'training']","['.net', 'agile', 'asp', 'asp.net', 'business analyst', 'c#', 'consulting', 'developer', 'development', 'object oriented design', 'programming', 'project', 'quality assurance', 'recruitment', 'sql', 'sql server', 'training', 'vb', 'visual basic']",0.2631578947368421
.Net Developer,"['asp.net', 'c#', 'database', 'restful api']","['asp.net', 'css', 'design patterns', 'html', 'human resources', 'javascript', 'training']","['asp.net', 'c#', 'css', 'database', 'design patterns', 'html', 'human resources', 'javascript', 'restful api', 'training']",0.1
.Net Developer/ CRM Analyst Just in!,['must have solid sql skills with the ability to understand er diagrams and write queries. experience with ant integration tools such as ssis or informatica helpful'],"['crm', 'informatica', 'sql', 'ssis']","['crm', 'informatica', 'must have solid sql skills with the ability to understand er diagrams and write queries. experience with ant integration tools such as ssis or informatica helpful', 'sql', 'ssis']",0.0
.Net Developer/ Production Support Specialist,"['4 to 6 years of .net', 'agile methodology a plus.', 'ajax', 'application support experience. any experience with javascript', 'html', 'jquery', 'json', ""restful api's"", 'sql development and good production', 'xml']","['agile', 'communication', 'html', 'javascript', 'jquery', 'sql']","['4 to 6 years of .net', 'agile', 'agile methodology a plus.', 'ajax', 'application support experience. any experience with javascript', 'communication', 'html', 'javascript', 'jquery', 'json', ""restful api's"", 'sql', 'sql development and good production', 'xml']",0.14285714285714285
.Net Developer,"['.net', 'ajax', 'angular javascript', 'asp.net', 'c#', 'hadoop', 'html5', 'java', 'javascript', 'jquery', 'msmq', 'mstest', 'mvc', 'nunit', 'php', 'pl', 'server', 'sql', 'ssis', 'ssrs', 't-sql', 'tfs', 'ui design', 'ux design', 'xml']","['agile', 'angular', 'asp.net', 'bootstrap', 'compliance', 'critical thinking', 'css', 'hadoop', 'java', 'javascript', 'jquery', 'leadership', 'mentoring', 'mysql', 'php', 'sql', 'ssis', 'ui design', 'ux design']","['.net', 'agile', 'ajax', 'angular', 'angular javascript', 'asp.net', 'bootstrap', 'c#', 'compliance', 'critical thinking', 'css', 'hadoop', 'html5', 'java', 'javascript', 'jquery', 'leadership', 'mentoring', 'msmq', 'mstest', 'mvc', 'mysql', 'nunit', 'php', 'pl', 'server', 'sql', 'ssis', 'ssrs', 't-sql', 'tfs', 'ui design', 'ux design', 'xml']",0.29411764705882354
.net developer,['.net c# jquery javascript sql'],"['javascript', 'jquery']","['.net c# jquery javascript sql', 'javascript', 'jquery']",0.0
".NET Developer (DFW, TX)","['.net', 'asp.net', 'c#', 'html', 'javascript', 'sql server']","['angular', 'asp.net', 'c#', 'css', 'html', 'javascript', 'node.js', 'scrum', 'sql']","['.net', 'angular', 'asp.net', 'c#', 'css', 'html', 'javascript', 'node.js', 'scrum', 'sql', 'sql server']",0.36363636363636365
.net developer,['.net c# jquery javascript sql angular html jquery'],"['angular', 'asp.net', 'bootstrap', 'jquery', 'sql']","['.net c# jquery javascript sql angular html jquery', 'angular', 'asp.net', 'bootstrap', 'jquery', 'sql']",0.0
.Net Developer,"['.net developer', 'asp.net', 'javascript', 'jquery', 'mvc']","['angular', 'asp.net', 'aws', 'azure', 'bootstrap', 'ci/cd', 'css', 'design patterns', 'html', 'javascript', 'jquery', 'node.js', 'sql', 'typescript']","['.net developer', 'angular', 'asp.net', 'aws', 'azure', 'bootstrap', 'ci/cd', 'css', 'design patterns', 'html', 'javascript', 'jquery', 'mvc', 'node.js', 'sql', 'typescript']",0.1875
.NET Developer,"['.net', 'ajax', 'asp.net', 'css', 'html', 'javascript', 'sql']","['agile', 'asp.net', 'c#', 'collaboration', 'communication', 'design patterns', 'git', 'html', 'javascript', 'jquery', 'linux', 'operations', 'software engineering', 'sql']","['.net', 'agile', 'ajax', 'asp.net', 'c#', 'collaboration', 'communication', 'css', 'design patterns', 'git', 'html', 'javascript', 'jquery', 'linux', 'operations', 'software engineering', 'sql']",0.23529411764705882
.Net Developer,"['.net', '.net developer', 'hardware', 'quality assurance', 'sql']","['quality assurance', 'training']","['.net', '.net developer', 'hardware', 'quality assurance', 'sql', 'training']",0.16666666666666666
Software Engineer,"['.net', 'asp', 'asp.net', 'c#', 'development', 'lifecycle', 'software engineer']",['asp.net'],"['.net', 'asp', 'asp.net', 'c#', 'development', 'lifecycle', 'software engineer']",0.14285714285714285
.Net Full Stack Developer,"['asp.net', 'c#', 'css', 'html', 'javascript and framework such as angular or knockout or react']","['angular', 'asp.net', 'business intelligence', 'css', 'etl', 'hadoop', 'html', 'informatica', 'java', 'javascript', 'oracledb', 'react', 'teradata', 'ui design']","['angular', 'asp.net', 'business intelligence', 'c#', 'css', 'etl', 'hadoop', 'html', 'informatica', 'java', 'javascript', 'javascript and framework such as angular or knockout or react', 'oracledb', 'react', 'teradata', 'ui design']",0.1875
".Net Full-stack lead in Denver, CO (Full Time/Permanent)","['"".net"" and wcf and (anguar or angularjs or angular.js) and jquery']","['communication', 'jquery']","['"".net"" and wcf and (anguar or angularjs or angular.js) and jquery', 'communication', 'jquery']",0.0
.NET Integration Developer,"['3rd party tools', 'asp.net', 'building secure integrations w', 'c#', 'dtd)', 'saml', 'sso', 'xml (xsl', 'xsd']","['asp.net', 'communication', 'sql']","['3rd party tools', 'asp.net', 'building secure integrations w', 'c#', 'communication', 'dtd)', 'saml', 'sql', 'sso', 'xml (xsl', 'xsd']",0.09090909090909091
.Net Software Developer - Senior,"['bachelors degree in cs', 'cis or related technical field plus 8 or more years of relevant industry experience is required.']","['advisory', 'agile', 'asp.net', 'aws', 'css', 'html', 'javascript', 'risk management', 'scrum', 'sql']","['advisory', 'agile', 'asp.net', 'aws', 'bachelors degree in cs', 'cis or related technical field plus 8 or more years of relevant industry experience is required.', 'css', 'html', 'javascript', 'risk management', 'scrum', 'sql']",0.0
.Net Software Developer Mid-Level,"['bachelors degree in cs', 'cis or related technical field plus 5 or more years of relevant industry experience is required.']","['advisory', 'agile', 'asp.net', 'aws', 'c#', 'css', 'html', 'javascript', 'risk management', 'scrum', 'sql']","['advisory', 'agile', 'asp.net', 'aws', 'bachelors degree in cs', 'c#', 'cis or related technical field plus 5 or more years of relevant industry experience is required.', 'css', 'html', 'javascript', 'risk management', 'scrum', 'sql']",0.0
.NET Software Developer,"['.net', 'c#', 'software developer']","['communication', 'java', 'teamwork', 'training']","['.net', 'c#', 'communication', 'java', 'software developer', 'teamwork', 'training']",0.0
C# Web Developer positions,"['.net', 'agile', 'ajax', 'angular', 'asp.net', 'c#', 'css', 'design patterns', 'design patters', 'enterprise', 'html', 'iis', 'json', 'message bus', 'mobile', 'mvc', 'redis', 'sql server', 't-sql', 'telerik', 'tfs', 'wcf', 'web api', 'web services']","['communication', 'css', 'go', 'html', 'javascript', 'leadership', 'problem solving', 'sql']","['.net', 'agile', 'ajax', 'angular', 'asp.net', 'c#', 'communication', 'css', 'design patterns', 'design patters', 'enterprise', 'go', 'html', 'iis', 'javascript', 'json', 'leadership', 'message bus', 'mobile', 'mvc', 'problem solving', 'redis', 'sql', 'sql server', 't-sql', 'telerik', 'tfs', 'wcf', 'web api', 'web services']",0.06666666666666667
.NET Software Engineer,"['.net', 'agile', 'architecture', 'asp', 'asp.net', 'automated', 'development', 'javascript', 'jquery', 'project', 'scrum', 'software engineer', 'sql', 'supply chain', 'testing', 'vb']","['agile', 'asp.net', 'business strategy', 'communication', 'elasticsearch', 'forecasting', 'javascript', 'jquery', 'problem solving', 'scrum', 'selenium', 'sql', 'strategy', 'supply chain', 'training']","['.net', 'agile', 'architecture', 'asp', 'asp.net', 'automated', 'business strategy', 'communication', 'development', 'elasticsearch', 'forecasting', 'javascript', 'jquery', 'problem solving', 'project', 'scrum', 'selenium', 'software engineer', 'sql', 'strategy', 'supply chain', 'testing', 'training', 'vb']",0.2916666666666667
Software Engineer,"['.net', 'agile', 'analytical skills', 'architecture', 'asp', 'asp.net', 'automated', 'c#', 'crm', 'css', 'database', 'developer', 'development', 'erp', 'git', 'javascript', 'jquery', 'management', 'nosql', 'oop', 'programming', 'software engineer', 'sql', 'svn', 'ux design']","['agile', 'angular', 'asp.net', 'backbone.js', 'bootstrap', 'communication', 'crm', 'css', 'customer success', 'git', 'human resources', 'javascript', 'jquery', 'mongodb', 'oop', 'redis', 'sql', 'ui design', 'ux design']","['.net', 'agile', 'analytical skills', 'angular', 'architecture', 'asp', 'asp.net', 'automated', 'backbone.js', 'bootstrap', 'c#', 'communication', 'crm', 'css', 'customer success', 'database', 'developer', 'development', 'erp', 'git', 'human resources', 'javascript', 'jquery', 'management', 'mongodb', 'nosql', 'oop', 'programming', 'redis', 'software engineer', 'sql', 'svn', 'ui design', 'ux design']",0.29411764705882354
.NET Software Engineer,"['4', 'asp.net 4.0. 4.5', 'c#', 'jquery', 'mvc 3']","['agile', 'communication', 'jquery', 'oop', 'scrum']","['4', 'agile', 'asp.net 4.0. 4.5', 'c#', 'communication', 'jquery', 'mvc 3', 'oop', 'scrum']",0.1111111111111111
Software Engineer,"['.net', 'asp.net mvc', 'c#', 'sql server', 'web services']","['angular', 'asp.net', 'javascript', 'logistics', 'medical', 'sql']","['.net', 'angular', 'asp.net', 'asp.net mvc', 'c#', 'javascript', 'logistics', 'medical', 'sql', 'sql server', 'web services']",0.0
.NET Architect/Team Lead,"['.net', 'architect', 'aws', 'cloud', 'full stack', 'leadership', 'management', 'presentations', 'soa', 'team lead']","['aws', 'communication', 'javascript', 'leadership', 'ui design']","['.net', 'architect', 'aws', 'cloud', 'communication', 'full stack', 'javascript', 'leadership', 'management', 'presentations', 'soa', 'team lead', 'ui design']",0.15384615384615385
.Net Technical Lead @ GA,"['ajax', 'asp.net', 'c#', 'css3', 'html5', 'jquery', 'sql server']","['asp.net', 'communication', 'sql']","['ajax', 'asp.net', 'c#', 'communication', 'css3', 'html5', 'jquery', 'sql', 'sql server']",0.1111111111111111
.NET Web Developer,"['.net', 'analysis', 'angularjs', 'asp', 'asp.net', 'business requirements', 'c#', 'developer', 'development', 'html', 'javascript', 'lifecycle', 'oracledb', 'pl', 'sql', 'testing', 'web developer']","['asp.net', 'html', 'javascript', 'oracledb', 'problem solving', 'sql']","['.net', 'analysis', 'angularjs', 'asp', 'asp.net', 'business requirements', 'c#', 'developer', 'development', 'html', 'javascript', 'lifecycle', 'oracledb', 'pl', 'problem solving', 'sql', 'testing', 'web developer']",0.2777777777777778
".NET Web Developer, Investments","['angular', 'asp.net', 'c#', 'excel vba', 'github', 'java scrip', 'restful', 'sql']","['agile', 'angular', 'asp.net', 'communication', 'java', 'javascript', 'problem solving', 'sql']","['agile', 'angular', 'asp.net', 'c#', 'communication', 'excel vba', 'github', 'java', 'java scrip', 'javascript', 'problem solving', 'restful', 'sql']",0.23076923076923078
".NET Developer - Xamarin - Houston, TX","['.net developer - xamarin - houston', 'tx']","['android', 'angular', 'asp.net', 'bootstrap', 'css', 'html', 'ios', 'javascript', 'jquery', 'xamarin']","['.net developer - xamarin - houston', 'android', 'angular', 'asp.net', 'bootstrap', 'css', 'html', 'ios', 'javascript', 'jquery', 'tx', 'xamarin']",0.0
".NET Developer - Houston, TX","['.net developer - houston', 'tx']","['css', 'html', 'javascript', 'sql', 'ui design', 'ux design']","['.net developer - houston', 'css', 'html', 'javascript', 'sql', 'tx', 'ui design', 'ux design']",0.0
"Full Stack .NET Developer - Houston, TX","['full stack .net developer - houston', 'tx']","['angular', 'css', 'html', 'logistics', 'sql']","['angular', 'css', 'full stack .net developer - houston', 'html', 'logistics', 'sql', 'tx']",0.0
.NET/C# Software Engineer,"['.net', 'agile', 'c#', 'javascript', 'waterfall']","['agile', 'javascript', 'oracledb', 'sql', 'training']","['.net', 'agile', 'c#', 'javascript', 'oracledb', 'sql', 'training', 'waterfall']",0.25
Principal Consultant - CRM/.Net,"['.net', 'crm', 'microsoft office', 'nintex', 'o360', 'salesforce', 'sharepoint']","['asp.net', 'communication', 'crm', 'leadership', 'medical', 'sql', 'training']","['.net', 'asp.net', 'communication', 'crm', 'leadership', 'medical', 'microsoft office', 'nintex', 'o360', 'salesforce', 'sharepoint', 'sql', 'training']",0.07692307692307693
.NET/SharePoint Lead - Enterprise Content Management (ECM),"['.net', 'sharepoint lead - enterprise content management (ecm)']","['angular', 'asp.net', 'javascript', 'jquery']","['.net', 'angular', 'asp.net', 'javascript', 'jquery', 'sharepoint lead - enterprise content management (ecm)']",0.0
Tech Lead,['technical lead'],"['business intelligence', 'collaboration', 'devops', 'etl', 'hadoop', 'hive', 'java', 'leadership', 'linux', 'pig', 'python', 'scala', 'shell', 'spark', 'talend']","['business intelligence', 'collaboration', 'devops', 'etl', 'hadoop', 'hive', 'java', 'leadership', 'linux', 'pig', 'python', 'scala', 'shell', 'spark', 'talend', 'technical lead']",0.0
Senior Developer - SSIS/.Net / Consultant,"['5+ years in c#', 'asp.net', 'javascript', 'oo design', 'scripting', 'sql server', 'ssis', 'ssrs', 'tfs', 'visual studio', 'wcf', 'xml', 'xslt']","['asp.net', 'communication', 'consulting', 'javascript', 'sql', 'ssis']","['5+ years in c#', 'asp.net', 'communication', 'consulting', 'javascript', 'oo design', 'scripting', 'sql', 'sql server', 'ssis', 'ssrs', 'tfs', 'visual studio', 'wcf', 'xml', 'xslt']",0.1875
Network Engineer / Consultant,"['lan', 'network architect with it operations exp (network', 'network hardware configuration', 'network tuning', 'performance monitoring', 'proxy servers', 'security operations', 'visio for network diagramming', 'wan']","['consulting', 'leadership', 'operations', 'problem solving', 'project management']","['consulting', 'lan', 'leadership', 'network architect with it operations exp (network', 'network hardware configuration', 'network tuning', 'operations', 'performance monitoring', 'problem solving', 'project management', 'proxy servers', 'security operations', 'visio for network diagramming', 'wan']",0.0
C++ Java SQL,['c++'],"['bash', 'design patterns', 'git', 'linux', 'perl', 'php', 'python', 'sql']","['bash', 'c++', 'design patterns', 'git', 'linux', 'perl', 'php', 'python', 'sql']",0.0
Application Development Lead,['lead developer'],"['agile', 'collaboration', 'communication', 'compliance', 'crm', 'forecasting', 'healthcare', 'leadership', 'mentoring', 'quality assurance', 'teamwork', 'training']","['agile', 'collaboration', 'communication', 'compliance', 'crm', 'forecasting', 'healthcare', 'lead developer', 'leadership', 'mentoring', 'quality assurance', 'teamwork', 'training']",0.0
Systems Analyst,['systems analyst'],['project management'],"['project management', 'systems analyst']",0.0
Lead Java developer,['java'],"['agile', 'design patterns', 'healthcare', 'java', 'junit', 'leadership', 'mentoring', 'scrum', 'software engineering', 'sql']","['agile', 'design patterns', 'healthcare', 'java', 'junit', 'leadership', 'mentoring', 'scrum', 'software engineering', 'sql']",0.1
Java/UI Developer,"['angularjs 1.x', 'css3-less', 'front-end tech stack - html5', 'gulp', 'jasmine', 'jquery', 'nodejs', 'object oriented javascript', 'protractor', 'restful service integration editors - eclipse', 'sublime text']","['agile', 'ci/cd', 'communication', 'css', 'docker', 'java', 'javascript', 'jenkins', 'leadership', 'linux', 'oracledb', 'perl', 'python', 'scrum', 'sql', 'ui design']","['agile', 'angularjs 1.x', 'ci/cd', 'communication', 'css', 'css3-less', 'docker', 'front-end tech stack - html5', 'gulp', 'jasmine', 'java', 'javascript', 'jenkins', 'jquery', 'leadership', 'linux', 'nodejs', 'object oriented javascript', 'oracledb', 'perl', 'protractor', 'python', 'restful service integration editors - eclipse', 'scrum', 'sql', 'sublime text', 'ui design']",0.0
Tableau Server Reporting,"['sql', 'sql queries', 'stored procedures and ssis packages', 't-sql', 'tabcmd commands and tabadmin command', 'tableau desktop', 'tableau server', 'tableau site admin', 'views']","['sql', 'ssis', 'tableau']","['sql', 'sql queries', 'ssis', 'stored procedures and ssis packages', 't-sql', 'tabcmd commands and tabadmin command', 'tableau', 'tableau desktop', 'tableau server', 'tableau site admin', 'views']",0.09090909090909091
SharePoint Developer,"['angular js', 'api programming', 'bootstrap ui', 'c#', 'css', 'html', 'javascript', 'jquery', 'mvc', 'shaerpoint', 'sharepoint ui', 'sharepoint web parts and controls', 'xslt']","['angular', 'asp.net', 'css', 'html', 'javascript', 'jquery', 'oracledb', 'photoshop', 'shell', 'sql', 'ui design']","['angular', 'angular js', 'api programming', 'asp.net', 'bootstrap ui', 'c#', 'css', 'html', 'javascript', 'jquery', 'mvc', 'oracledb', 'photoshop', 'shaerpoint', 'sharepoint ui', 'sharepoint web parts and controls', 'shell', 'sql', 'ui design', 'xslt']",0.2
Help Desk Specialist,"['13) .pst files', 'active directory', 'active roles', 'cisco jabber', 'citrix & webmail', 'meeting place', 'ms office (versions 2010\\2013\\2016)', 'outlook (versions 2010', 'windows 10', 'windows 7', 'windows 8.1']","['communication', 'crm']","['13) .pst files', 'active directory', 'active roles', 'cisco jabber', 'citrix & webmail', 'communication', 'crm', 'meeting place', 'ms office (versions 2010\\2013\\2016)', 'outlook (versions 2010', 'windows 10', 'windows 7', 'windows 8.1']",0.0
Tableau Developer,"['css', 'excel', 'html', 'java', 'tableau desktop']","['business intelligence', 'communication', 'consulting', 'css', 'distribution', 'html', 'java', 'medical', 'strategy', 'tableau']","['business intelligence', 'communication', 'consulting', 'css', 'distribution', 'excel', 'html', 'java', 'medical', 'strategy', 'tableau', 'tableau desktop']",0.25
FileNet Administrator,"['filenet administration', 'filenet image service (is) version 4.2', 'hpii']","['consulting', 'strategy']","['consulting', 'filenet administration', 'filenet image service (is) version 4.2', 'hpii', 'strategy']",0.0
SCCM Administrator,"['orchestrator', 'sccm', 'sccm 2012', 'scom', 'scsm', 'vmware vsphere 6']","['consulting', 'human resources', 'sql', 'strategy']","['consulting', 'human resources', 'orchestrator', 'sccm', 'sccm 2012', 'scom', 'scsm', 'sql', 'strategy', 'vmware vsphere 6']",0.0
Sr. Solution Architect,"['5+ years experience with developing it solutions and strategy', 'applications using eai', 'business rules engine (bre)', 'cics and java', 'jee framework', 'mainframe cobol', 'web services']","['communication', 'java', 'oracledb', 'strategy']","['5+ years experience with developing it solutions and strategy', 'applications using eai', 'business rules engine (bre)', 'cics and java', 'communication', 'java', 'jee framework', 'mainframe cobol', 'oracledb', 'strategy', 'web services']",0.0
System Analyst,"['eight or more years experience in developing requirements and performing system analysis', 'medicare claims and medicare risk adjustment']",['project management'],"['eight or more years experience in developing requirements and performing system analysis', 'medicare claims and medicare risk adjustment', 'project management']",0.0
Microstrategy Developer,['microstrategy developer'],"['hive', 'linux', 'oracledb', 'shell', 'sql', 'strategy', 'teradata']","['hive', 'linux', 'microstrategy developer', 'oracledb', 'shell', 'sql', 'strategy', 'teradata']",0.0
PHP/SQL Developer,"['php', 'sql developer']","['javascript', 'mysql', 'php', 'project management', 'sql']","['javascript', 'mysql', 'php', 'project management', 'sql', 'sql developer']",0.16666666666666666
SAP BW BI Architect,"['abap', 'asap methodologies', 'businessobjects', 'bw', 'dashboard', 'etc.)', 'itilv3 certifications', 'project management skills', 'sap bi', 'sap bi certification', 'sap bi tools(bex', 'webi']","['business intelligence', 'communication', 'finance', 'leadership', 'marketing', 'mentoring', 'sales', 'strategy']","['abap', 'asap methodologies', 'business intelligence', 'businessobjects', 'bw', 'communication', 'dashboard', 'etc.)', 'finance', 'itilv3 certifications', 'leadership', 'marketing', 'mentoring', 'project management skills', 'sales', 'sap bi', 'sap bi certification', 'sap bi tools(bex', 'strategy', 'webi']",0.0
Javascript Developers/Engineers,"['angular.js', 'handlebar', 'javascript', 'node.js']","['angular', 'communication', 'css', 'html', 'javascript', 'node.js']","['angular', 'angular.js', 'communication', 'css', 'handlebar', 'html', 'javascript', 'node.js']",0.25
Identity and Access Management Specialist,"['identity and access management', 'java', 'middleware', 'oracledb', 'sailpoint', 'shell']","['iam', 'java', 'legal', 'oracledb', 'project management', 'recruitment', 'shell']","['iam', 'identity and access management', 'java', 'legal', 'middleware', 'oracledb', 'project management', 'recruitment', 'sailpoint', 'shell']",0.3
Java Backend Engineer,"['backend engineering', 'in java', 'javascript for a rest api', 'rails']","['ci/cd', 'communication', 'java', 'javascript', 'jenkins', 'node.js', 'rails', 'react', 'ruby']","['backend engineering', 'ci/cd', 'communication', 'in java', 'java', 'javascript', 'javascript for a rest api', 'jenkins', 'node.js', 'rails', 'react', 'ruby']",0.08333333333333333
Data Analyst with Data Analytics,"['data analysis', 'data analytics', 'database', 'oracle dba', 'pl', 'sql', 'unix']","['communication', 'linux', 'mysql', 'operations', 'oracledb', 'sql']","['communication', 'data analysis', 'data analytics', 'database', 'linux', 'mysql', 'operations', 'oracle dba', 'oracledb', 'pl', 'sql', 'unix']",0.08333333333333333
PMP & Agile Scrum Certified Project Manager,"['agile scrum', 'pmp', 'project manager']",['agile'],"['agile', 'agile scrum', 'pmp', 'project manager']",0.0
Hadoop developer (Need only 4 to 6 Years experience Candidates),['hadoop pig hive'],"['hadoop', 'hive', 'kafka', 'linux', 'python', 'scala']","['hadoop', 'hadoop pig hive', 'hive', 'kafka', 'linux', 'python', 'scala']",0.0
Network Engineer,"['analytical skills', 'architecture', 'capacity planning', 'ccna', 'ccnp', 'cisco', 'diagnostic', 'dns', 'hardware', 'ios', 'lan', 'linux', 'management', 'network engineer', 'networking', 'project', 'project management', 'protocols', 'routers', 'security', 'ssl', 'stp', 'switches', 'testing', 'wan', 'windows']","['communication', 'ios', 'linux', 'problem solving', 'project management', 'time management']","['analytical skills', 'architecture', 'capacity planning', 'ccna', 'ccnp', 'cisco', 'communication', 'diagnostic', 'dns', 'hardware', 'ios', 'lan', 'linux', 'management', 'network engineer', 'networking', 'problem solving', 'project', 'project management', 'protocols', 'routers', 'security', 'ssl', 'stp', 'switches', 'testing', 'time management', 'wan', 'windows']",0.10344827586206896
PC Tech,"['android', 'hardware', 'help desk', 'laptop', 'libraries', 'linux', 'os x', 'pc', 'printer', 'research', 'vpn', 'windows', 'windows 7', 'wireless']","['android', 'auditing', 'compliance', 'linux']","['android', 'auditing', 'compliance', 'hardware', 'help desk', 'laptop', 'libraries', 'linux', 'os x', 'pc', 'printer', 'research', 'vpn', 'windows', 'windows 7', 'wireless']",0.125
"Technical Program Manager, eCommerce","['5+ years project management experience with related .com', 'agile', 'ecommerce', 'or digital customer experience programs in a large organization', 'technical background']","['agile', 'communication', 'project management', 'scrum', 'scrum master']","['5+ years project management experience with related .com', 'agile', 'communication', 'ecommerce', 'or digital customer experience programs in a large organization', 'project management', 'scrum', 'scrum master', 'technical background']",0.1111111111111111
"Sr. C++ Software Engineer (Contract) Houston, TX","['sr. c++ software engineer (contract) houston', 'tx']","['agile', 'c#', 'c++', 'linux']","['agile', 'c#', 'c++', 'linux', 'sr. c++ software engineer (contract) houston', 'tx']",0.0
Oracle DBA,['oracle databases (10g and 11g) operating on linux and aix platforms.'],"['compliance', 'encryption', 'linux', 'operations', 'oracledb', 'sql', 'training']","['compliance', 'encryption', 'linux', 'operations', 'oracle databases (10g and 11g) operating on linux and aix platforms.', 'oracledb', 'sql', 'training']",0.0
Java Platform Engineer,"['etc)', 'j2ee', 'java', 'oracledb', 'rdbms (mysql', 'restful web services', 'spring mvc framework', 'sql server']","['communication', 'java', 'mysql', 'oracledb', 'software engineering', 'sql']","['communication', 'etc)', 'j2ee', 'java', 'mysql', 'oracledb', 'rdbms (mysql', 'restful web services', 'software engineering', 'spring mvc framework', 'sql', 'sql server']",0.16666666666666666
Agile PLM Developer - 3 positions,"['event framework and groovy script', 'px. aml concepts in agile and redlining of items', 'sdk', 'workflow configuration', 'wsx']",['agile'],"['agile', 'event framework and groovy script', 'px. aml concepts in agile and redlining of items', 'sdk', 'workflow configuration', 'wsx']",0.0
RNC - SR WIRELESS PROTOCOL SOFTWARE ENGINEER (DP002),['3gpp lte e-utran evolved packet system gsm umts cdma radio interface protocols'],"['communication', 'compliance', 'quality assurance']","['3gpp lte e-utran evolved packet system gsm umts cdma radio interface protocols', 'communication', 'compliance', 'quality assurance']",0.0
"Mid Level/Intermediate Software Developer (.NET)--Houston, TX","['intermediate software developer (.net)--houston', 'mid level', 'tx']","['agile', 'linux']","['agile', 'intermediate software developer (.net)--houston', 'linux', 'mid level', 'tx']",0.0
"Senior Software Engineer (.NET) --Houston, TX","['senior software engineer (.net) --houston', 'tx']","['agile', 'linux']","['agile', 'linux', 'senior software engineer (.net) --houston', 'tx']",0.0
Mid-Senior Level C#/C++ Developer (Houston) H1B Sponsorship,"['c++ developer (houston) h1b sponsorship', 'mid-senior level c#']","['agile', 'c++', 'javascript', 'linux', 'scrum', 'sql']","['agile', 'c++', 'c++ developer (houston) h1b sponsorship', 'javascript', 'linux', 'mid-senior level c#', 'scrum', 'sql']",0.0
"Senior Software Engineer (C++) -Houston, TX","['senior software engineer (c++) -houston', 'tx']","['agile', 'c++', 'scrum']","['agile', 'c++', 'scrum', 'senior software engineer (c++) -houston', 'tx']",0.0
Lead Enterprise (Windows) Engineer,"['active directory', 'linux or unix', 'sccm and scom', 'wds and wsus', 'windows systems administration']","['linux', 'problem solving']","['active directory', 'linux', 'linux or unix', 'problem solving', 'sccm and scom', 'wds and wsus', 'windows systems administration']",0.0
"SR. Business Analyst, ERP Systems",['erp'],"['communication', 'finance', 'medical', 'supply chain', 'system design', 'time management']","['communication', 'erp', 'finance', 'medical', 'supply chain', 'system design', 'time management']",0.0
Field Technician (Telecommunications/VoIP),"['etc.', 'experience in network design', 'experience supporting voip', 'field support experience', 'implementation & management', 'ip telephony', 'telecommunications installation experience', 'um', ""valid driver's license""]","['leadership', 'linux', 'operations', 'sales', 'training']","['etc.', 'experience in network design', 'experience supporting voip', 'field support experience', 'implementation & management', 'ip telephony', 'leadership', 'linux', 'operations', 'sales', 'telecommunications installation experience', 'training', 'um', ""valid driver's license""]",0.0
Sr. Manager of Global IT Network Services & Architecture,"['2', 'bgp-4', 'capex', 'ccdp', 'ccie', 'eigrp', 'emc or other san storage expertise', 'igrp', 'it', 'l2', 'l3 vpn)', 'ldp', 'mbgp', 'mpls (traffic engineering', 'msdp', 'opex and roi', 'ospf', 'ospfv3', 'pim-dm', 'rip-1', 'rsvp', 'scrum master', 'vmware']","['budgeting', 'collaboration', 'communication', 'compliance', 'forecasting', 'leadership', 'linux', 'scrum master', 'strategy']","['2', 'bgp-4', 'budgeting', 'capex', 'ccdp', 'ccie', 'collaboration', 'communication', 'compliance', 'eigrp', 'emc or other san storage expertise', 'forecasting', 'igrp', 'it', 'l2', 'l3 vpn)', 'ldp', 'leadership', 'linux', 'mbgp', 'mpls (traffic engineering', 'msdp', 'opex and roi', 'ospf', 'ospfv3', 'pim-dm', 'rip-1', 'rsvp', 'scrum master', 'strategy', 'vmware']",0.03225806451612903
Security Architect,"['application security', 'cloud security', 'identity and access management', 'it', 'it security architecture principles', 'network security', 'os security', 'server security', 'virtualization security']","['communication', 'compliance', 'finance', 'iso 27001', 'linux', 'penetration testing', 'r', 'risk management', 'sales', 'siem', 'soc', 'strategy']","['application security', 'cloud security', 'communication', 'compliance', 'finance', 'identity and access management', 'iso 27001', 'it', 'it security architecture principles', 'linux', 'network security', 'os security', 'penetration testing', 'r', 'risk management', 'sales', 'server security', 'siem', 'soc', 'strategy', 'virtualization security']",0.0
IT Software QA Advisor,"['and development of business application tests required 2 years insurance ind', 'quality assurance required 4 years specialized experience with emphasis on interpreting user requirements', 'testing']","['auditing', 'communication', 'leadership', 'presentation skills', 'project management', 'regulatory', 'training']","['and development of business application tests required 2 years insurance ind', 'auditing', 'communication', 'leadership', 'presentation skills', 'project management', 'quality assurance required 4 years specialized experience with emphasis on interpreting user requirements', 'regulatory', 'testing', 'training']",0.0
Data Loss Prevention engineer (DLP),"['analysis', 'architecture', 'cissp', 'linux', 'management', 'mcse', 'security', 'supervision', 'unix', 'ups']","['communication', 'critical thinking', 'linux', 'time management']","['analysis', 'architecture', 'cissp', 'communication', 'critical thinking', 'linux', 'management', 'mcse', 'security', 'supervision', 'time management', 'unix', 'ups']",0.07692307692307693
"ETRM(Open Link), Energy Consultant","['analysis', 'change management', 'consulting', 'development', 'management', 'ms office', 'pl1', 'project', 'testing']","['communication', 'consulting', 'stakeholder management']","['analysis', 'change management', 'communication', 'consulting', 'development', 'management', 'ms office', 'pl1', 'project', 'stakeholder management', 'testing']",0.09090909090909091
UI Developer,"['and some knowledge on databases. aws', 'angularjs', 'app engine', 'azure', 'css', 'etc.', 'heroku', 'html5', 'javascript', 'javascript and css', 'knowledge on polymer', 'ngular', 'restful rest services']","['agile', 'angular', 'aws', 'azure', 'design patterns', 'git', 'heroku', 'java', 'javascript', 'linux', 'problem solving', 'ui design']","['agile', 'and some knowledge on databases. aws', 'angular', 'angularjs', 'app engine', 'aws', 'azure', 'css', 'design patterns', 'etc.', 'git', 'heroku', 'html5', 'java', 'javascript', 'javascript and css', 'knowledge on polymer', 'linux', 'ngular', 'problem solving', 'restful rest services', 'ui design']",0.13636363636363635
Business Analyst- Health Care,['business anlyst with health care experience'],['communication'],"['business anlyst with health care experience', 'communication']",0.0
UX/UI Designer,"['adobe', 'agile', 'android', 'architecture', 'business requirements', 'content management', 'development', 'industrial design', 'ios', 'iterative', 'library', 'lifecycle', 'management', 'metrics', 'ms office', 'project', 'project management', 'research', 'sales', 'scrum', 'supervision', 'testing', 'ux design']","['agile', 'android', 'collaboration', 'communication', 'finance', 'ios', 'leadership', 'market research', 'marketing', 'presentation skills', 'project management', 'sales', 'scrum', 'strategy', 'time management', 'ux design']","['adobe', 'agile', 'android', 'architecture', 'business requirements', 'collaboration', 'communication', 'content management', 'development', 'finance', 'industrial design', 'ios', 'iterative', 'leadership', 'library', 'lifecycle', 'management', 'market research', 'marketing', 'metrics', 'ms office', 'presentation skills', 'project', 'project management', 'research', 'sales', 'scrum', 'strategy', 'supervision', 'testing', 'time management', 'ux design']",0.21875
Linux Engineer,"['centos', 'chef', 'linux', 'puppet', 'python', 'redhat']","['ansible', 'chef', 'puppet']","['ansible', 'centos', 'chef', 'linux', 'puppet', 'python', 'redhat']",0.2857142857142857
Senior Tableau Administrator,"['tableau administration', 'tableau server']",['tableau'],"['tableau', 'tableau administration', 'tableau server']",0.0
System Administrator/Software Developer,"['it systems admin. access software development', 'sql server', 'vba.']",['sql'],"['it systems admin. access software development', 'sql', 'sql server', 'vba.']",0.0
Cognos Developer,"['bi developer', 'cognos', 'cognos reports']","['business intelligence', 'consulting', 'etl', 'finance', 'sales']","['bi developer', 'business intelligence', 'cognos', 'cognos reports', 'consulting', 'etl', 'finance', 'sales']",0.0
APEX Software Developer,"['apex', 'rest', 'soa architecture', 'soql', 'sql', 'visualforce', 'wsdl']","['leadership', 'sales', 'sql']","['apex', 'leadership', 'rest', 'sales', 'soa architecture', 'soql', 'sql', 'visualforce', 'wsdl']",0.1111111111111111
Senior Electrical Engineer (Board Design),"['embedded microcontroller circuit design -- rf circuit design for data', 'telecommunications applications -- pcb layout -- power regulator circuits']","['distribution', 'leadership', 'marketing', 'mentoring', 'sales', 'teamwork', 'training']","['distribution', 'embedded microcontroller circuit design -- rf circuit design for data', 'leadership', 'marketing', 'mentoring', 'sales', 'teamwork', 'telecommunications applications -- pcb layout -- power regulator circuits', 'training']",0.0
Program Manager - MS Dynamics AX,['program manager - ms dynamics ax'],['program management'],"['program management', 'program manager - ms dynamics ax']",0.0
Database Admin/Integrator,"['database admin', 'integrator']","['leadership', 'linux', 'operations', 'oracledb', 'problem solving', 'shell']","['database admin', 'integrator', 'leadership', 'linux', 'operations', 'oracledb', 'problem solving', 'shell']",0.0
Service Now Specialist,"['cms', 'consulting', 'database', 'development', 'java', 'management', 'pl1', 'project', 'project management', 'user interface']","['communication', 'consulting', 'java', 'presentation skills', 'project management', 'ui design']","['cms', 'communication', 'consulting', 'database', 'development', 'java', 'management', 'pl1', 'presentation skills', 'project', 'project management', 'ui design', 'user interface']",0.23076923076923078
Network Administrator,"['avaya', 'cisco', 'skype']","['creativity', 'medical', 'oracledb']","['avaya', 'cisco', 'creativity', 'medical', 'oracledb', 'skype']",0.0
Business Analyst with Model N Experience,"['analyst', 'business analyst', 'consulting', 'development', 'management', 'modeler', 'pl1', 'project', 'quality assurance', 'release', 'testing']","['consulting', 'leadership', 'marketing', 'project management', 'quality assurance']","['analyst', 'business analyst', 'consulting', 'development', 'leadership', 'management', 'marketing', 'modeler', 'pl1', 'project', 'project management', 'quality assurance', 'release', 'testing']",0.14285714285714285
App Support - DevOps (C#/Powershell)Application Support Engineer,"['.net', 'application support', 'automation', 'c# mvc', 'clustered sql administration', 'hedge fund', 'powershell', 'sql server']","['advisory', 'bootstrap', 'compliance', 'git', 'jquery', 'oop', 'redis', 'sql', 'teaching']","['.net', 'advisory', 'application support', 'automation', 'bootstrap', 'c# mvc', 'clustered sql administration', 'compliance', 'git', 'hedge fund', 'jquery', 'oop', 'powershell', 'redis', 'sql', 'sql server', 'teaching']",0.0
Sr Security Consulting Manager,"['cissp preferred cisa', 'cobit', 'consulting', 'glba', 'gpen', 'hipaa', 'itil', 'management', 'pci', 'penetration testing iso 27002', 'security', 'sox and compliance assessments', 'vulnerability assessment']","['business development', 'compliance', 'consulting', 'encryption', 'leadership', 'penetration testing', 'problem solving', 'risk management', 'training']","['business development', 'cissp preferred cisa', 'cobit', 'compliance', 'consulting', 'encryption', 'glba', 'gpen', 'hipaa', 'itil', 'leadership', 'management', 'pci', 'penetration testing', 'penetration testing iso 27002', 'problem solving', 'risk management', 'security', 'sox and compliance assessments', 'training', 'vulnerability assessment']",0.047619047619047616
Senior Windows Systems Engineer,"['active directory', 'exchange', 'lync (preferred)', 'sccm', 'scom', 'vmware', 'windows systems engineer (7+ years)']","['collaboration', 'operations', 'sql']","['active directory', 'collaboration', 'exchange', 'lync (preferred)', 'operations', 'sccm', 'scom', 'sql', 'vmware', 'windows systems engineer (7+ years)']",0.0
QA Engineer,"['asp.net', 'c#', 'qa (5+ years)', 'qa lead (2+ years)', 'sql server', 'visual studio', 'web testing']","['asp.net', 'quality assurance', 'sql']","['asp.net', 'c#', 'qa (5+ years)', 'qa lead (2+ years)', 'quality assurance', 'sql', 'sql server', 'visual studio', 'web testing']",0.1111111111111111
QA Lead Engineer,"['asp.net', 'c#', 'qa (5+ years)', 'qa lead (2+ years)', 'sql server', 'visual studio', 'web testing']","['asp.net', 'quality assurance', 'sql']","['asp.net', 'c#', 'qa (5+ years)', 'qa lead (2+ years)', 'quality assurance', 'sql', 'sql server', 'visual studio', 'web testing']",0.1111111111111111
Business Analyst,"['analyst', 'business analyst']",[],"['analyst', 'business analyst']",0.0
Storage Engineer,"['analysis', 'development', 'dns', 'hardware', 'help desk', 'management', 'networking', 'project', 'unix', 'validation', 'windows']","['communication', 'operations', 'problem solving', 'training']","['analysis', 'communication', 'development', 'dns', 'hardware', 'help desk', 'management', 'networking', 'operations', 'problem solving', 'project', 'training', 'unix', 'validation', 'windows']",0.0
Windows/VMware Admin,"['esxi', 'ucs', 'vmware', 'windows']",['operations'],"['esxi', 'operations', 'ucs', 'vmware', 'windows']",0.0
SharePoint Developer,['sharepoint'],[],['sharepoint'],0.0
Technical Writer - iOS/Android,"['android', 'fraud data model', 'ios', 'sdk', 'technical writing']","['android', 'ios', 'java', 'javascript']","['android', 'fraud data model', 'ios', 'java', 'javascript', 'sdk', 'technical writing']",0.2857142857142857
Business Analyst w/LIMS and Trackwise,"['business analyst', 'lab environment', 'pharma', 'trackwise and lims']","['communication', 'oracledb', 'pharma']","['business analyst', 'communication', 'lab environment', 'oracledb', 'pharma', 'trackwise and lims']",0.16666666666666666
Big Data Engineer,"['big data', 'cassandra', 'hadoop', 'hbase', 'kafka']","['cassandra', 'communication', 'dynamodb', 'kafka', 'mongodb', 'mysql', 'postgresql', 'sql']","['big data', 'cassandra', 'communication', 'dynamodb', 'hadoop', 'hbase', 'kafka', 'mongodb', 'mysql', 'postgresql', 'sql']",0.18181818181818182
Market Risk Project Manager,"['basel', 'market risk', 'otc derivatives', 'program management', 'project management', 'var']","['agile', 'program management', 'project management', 'scrum']","['agile', 'basel', 'market risk', 'otc derivatives', 'program management', 'project management', 'scrum', 'var']",0.25
Cisco CallManager,"['cisco callmanager ""call manager"" cisco voip']","['collaboration', 'express']","['cisco callmanager ""call manager"" cisco voip', 'collaboration', 'express']",0.0
Java Developer,"['html', 'j2ee', 'java', 'javascript', 'linux']","['agile', 'business analyst', 'devops', 'healthcare', 'java', 'project management', 'quality assurance', 'scrum']","['agile', 'business analyst', 'devops', 'healthcare', 'html', 'j2ee', 'java', 'javascript', 'linux', 'project management', 'quality assurance', 'scrum']",0.08333333333333333
MICROSTRATEGY ADMINISTRATOR,['it security engineer'],"['account management', 'firewall']","['account management', 'firewall', 'it security engineer']",0.0
IT Security Engineer,['it security engineer'],"['account management', 'firewall']","['account management', 'firewall', 'it security engineer']",0.0
Application Developers,"['angular js framework', 'application developer', 'c#', 'css', 'database design', 'development', 'html5', 'jquery', 'mvc', 'ux design']","['agile', 'angular', 'human resources', 'javascript', 'jquery']","['agile', 'angular', 'angular js framework', 'application developer', 'c#', 'css', 'database design', 'development', 'html5', 'human resources', 'javascript', 'jquery', 'mvc', 'ux design']",0.07142857142857142
Oracle PL/SQL Developer,['oracle r12 om & ar'],"['oracledb', 'sql']","['oracle r12 om & ar', 'oracledb', 'sql']",0.0
Telecom Engineer PBX/ VOIP / Cisco / Avaya,['voip pbx cisco avaya telecom engineer network lync sip design configurations'],['training'],"['training', 'voip pbx cisco avaya telecom engineer network lync sip design configurations']",0.0
Network Security Engineer,['network engineer support infrastructure lan wan design firewalls routers switchers servers security cisco mcafee wireless configuration identity vpn proxies'],[],['network engineer support infrastructure lan wan design firewalls routers switchers servers security cisco mcafee wireless configuration identity vpn proxies'],0.0
Cloud Recovery Solution Architect,"['cloud dr', 'commvault', 'dr', 'inmage or srm vmware', 'microsoft asr', 'netbackup', 'networker and data domain', 'oracle and ms-sql technologies', 'tivoli storage manager', 'vmware esx']","['leadership', 'oracledb', 'sql', 'strategy']","['cloud dr', 'commvault', 'dr', 'inmage or srm vmware', 'leadership', 'microsoft asr', 'netbackup', 'networker and data domain', 'oracle and ms-sql technologies', 'oracledb', 'sql', 'strategy', 'tivoli storage manager', 'vmware esx']",0.0
"IT Senior Project Manager - Cyber Security, Infrastructure & Agile/Scrum","['agile', 'cyber security', 'infrastructure', 'project manager', 'scrum']","['agile', 'leadership', 'project management', 'risk management', 'scrum', 'scrum master', 'training']","['agile', 'cyber security', 'infrastructure', 'leadership', 'project management', 'project manager', 'risk management', 'scrum', 'scrum master', 'training']",0.2
MDM Developer,"['data manager', 'etl', 'idd', 'idq objects', 'informatica', 'mdm', 'merge', 'power center', 'repository manager', 'sam', 'soa', 'sql', 'web services']","['etl', 'informatica', 'leadership', 'operations', 'risk management', 'sql', 'training']","['data manager', 'etl', 'idd', 'idq objects', 'informatica', 'leadership', 'mdm', 'merge', 'operations', 'power center', 'repository manager', 'risk management', 'sam', 'soa', 'sql', 'training', 'web services']",0.17647058823529413
Technical Solution Architect,"['abr video encoding', 'and player technologies', 'content protection', 'drm', 'java (preferred)', 'objective-c', 'or c++', 'ott video technologies', 'python', 'ruby', 'streaming']","['c++', 'java', 'objective-c', 'python', 'quality assurance', 'ruby', 'sql']","['abr video encoding', 'and player technologies', 'c++', 'content protection', 'drm', 'java', 'java (preferred)', 'objective-c', 'or c++', 'ott video technologies', 'python', 'quality assurance', 'ruby', 'sql', 'streaming']",0.2
Global Field Operations Analyst,['sap sm'],"['communication', 'scrum master']","['communication', 'sap sm', 'scrum master']",0.0
SAP HR BOOMI DEVELOPER,"['dell boomi', 'sap hr abap']",['human resources'],"['dell boomi', 'human resources', 'sap hr abap']",0.0
Exchange/ ADS Admin 36221,"['""active directory""', 'administration', 'administrator', 'exchange', 'servers', 'windows']",['operations'],"['""active directory""', 'administration', 'administrator', 'exchange', 'operations', 'servers', 'windows']",0.0
Senior Developer / Project Lead,"['.net framework', '5+ years experience', 'angularjs', 'asp.net', 'bootstrap', 'bs degree', 'css3', 'entity framework', 'git', 'javascript', 'jenkins & powershell a +', 'mvvm', 'sql', 'ssis', 'tfs', 'vs2015', 'wcf', 'web api', 'webstorm']","['asp.net', 'bootstrap', 'communication', 'git', 'javascript', 'jenkins', 'problem solving', 'quality assurance', 'sql', 'ssis', 'time management', 'training']","['.net framework', '5+ years experience', 'angularjs', 'asp.net', 'bootstrap', 'bs degree', 'communication', 'css3', 'entity framework', 'git', 'javascript', 'jenkins', 'jenkins & powershell a +', 'mvvm', 'problem solving', 'quality assurance', 'sql', 'ssis', 'tfs', 'time management', 'training', 'vs2015', 'wcf', 'web api', 'webstorm']",0.24
Continuous Integration/Continuous Delivery Developer,['automation and deployment experience'],"['agile', 'ansible', 'ci/cd', 'git', 'jenkins', 'jira']","['agile', 'ansible', 'automation and deployment experience', 'ci/cd', 'git', 'jenkins', 'jira']",0.0
Release Engineer / Systems Engineer / Site Reliability Engineer,"['ability to script in python and shell', 'analysis (wireshark', 'ansible or cfengine', 'experience in chef', 'puppet', 'strong linux system administration', 'tcpdump)']","['agile', 'ansible', 'aws', 'cassandra', 'chef', 'communication', 'hadoop', 'java', 'linux', 'mysql', 'nagios', 'oracledb', 'perl', 'problem solving', 'puppet', 'python', 'ruby', 'scrum', 'shell', 'software engineering', 'splunk', 'training']","['ability to script in python and shell', 'agile', 'analysis (wireshark', 'ansible', 'ansible or cfengine', 'aws', 'cassandra', 'chef', 'communication', 'experience in chef', 'hadoop', 'java', 'linux', 'mysql', 'nagios', 'oracledb', 'perl', 'problem solving', 'puppet', 'python', 'ruby', 'scrum', 'shell', 'software engineering', 'splunk', 'strong linux system administration', 'tcpdump)', 'training']",0.03571428571428571
Infor (Lawson) GHR v11 Consultant (Remote),['infor ghr v11 lawson workday taleo adp consultant'],"['consulting', 'human resources', 'payroll']","['consulting', 'human resources', 'infor ghr v11 lawson workday taleo adp consultant', 'payroll']",0.0
Java/J2EE Developer,"['ajax', 'devops', 'j2ee', 'java', 'javascript', 'jquery', 'oracledb', 'web services', 'xml']","['android', 'ios', 'java', 'jenkins', 'jira', 'jquery', 'mongodb', 'project management']","['ajax', 'android', 'devops', 'ios', 'j2ee', 'java', 'javascript', 'jenkins', 'jira', 'jquery', 'mongodb', 'oracledb', 'project management', 'web services', 'xml']",0.13333333333333333
QA - Manual Testing - Website - Jira - CMS,"['2-5 years of website', 'browser testing - css - jira - cms']","['css', 'html', 'jira']","['2-5 years of website', 'browser testing - css - jira - cms', 'css', 'html', 'jira']",0.0
Senior Performance Engineer,"['fiddler', 'firebug', 'java', 'java performance tuning', 'jprofile', 'sql', 'web service', 'xml', 'yslow']","['agile', 'java', 'problem solving', 'quality assurance', 'sql']","['agile', 'fiddler', 'firebug', 'java', 'java performance tuning', 'jprofile', 'problem solving', 'quality assurance', 'sql', 'web service', 'xml', 'yslow']",0.16666666666666666
Unity Developer,['unity photoshop maya'],['ui design'],"['ui design', 'unity photoshop maya']",0.0
Mobile Java Developer,"['agile', 'cd', 'ci/cd', 'gemfire', 'java enterprise', 'micro services', 'middleware', 'pivotal cloud foundry or aws', 'sprint boot', 'undertow']","['agile', 'aws', 'ci/cd', 'communication', 'java']","['agile', 'aws', 'cd', 'ci/cd', 'communication', 'gemfire', 'java', 'java enterprise', 'micro services', 'middleware', 'pivotal cloud foundry or aws', 'sprint boot', 'undertow']",0.15384615384615385
IT Project Manager,"['data center move projects', 'experience in site consolidation', 'infrastructure project management.']","['communication', 'compliance', 'consulting', 'problem solving', 'process improvement', 'project management', 'time management']","['communication', 'compliance', 'consulting', 'data center move projects', 'experience in site consolidation', 'infrastructure project management.', 'problem solving', 'process improvement', 'project management', 'time management']",0.0
W2 - Need UI Developer for Morgan Stanley at NYC,"['c++', 'core java', 'hibernate', 'jms', 'junit', 'mq', 'spring']","['agile', 'consulting', 'finance', 'investment banking', 'java', 'junit', 'linux', 'perl', 'sql']","['agile', 'c++', 'consulting', 'core java', 'finance', 'hibernate', 'investment banking', 'java', 'jms', 'junit', 'linux', 'mq', 'perl', 'spring', 'sql']",0.06666666666666667
UI/UX HTML5/Angular/developer (Fixed Income),"['angular', 'bootstrap', 'capital markets', 'css', 'excel', 'java', 'javascript', 'json', 'oracle backend', 'restful developer', 'sybae', 'ui design', 'ux html5']","['angular', 'css', 'html', 'java', 'javascript', 'oracledb', 'problem solving', 'sql', 'ui design']","['angular', 'bootstrap', 'capital markets', 'css', 'excel', 'html', 'java', 'javascript', 'json', 'oracle backend', 'oracledb', 'problem solving', 'restful developer', 'sql', 'sybae', 'ui design', 'ux html5']",0.29411764705882354
Project Manager,"['and powerpoint', 'excel', 'ms project', 'rfps', 'visio', 'word']","['agile', 'communication', 'consulting', 'operations', 'procurement', 'project management']","['agile', 'and powerpoint', 'communication', 'consulting', 'excel', 'ms project', 'operations', 'procurement', 'project management', 'rfps', 'visio', 'word']",0.0
Senior Automation Tester / Selenium Tester,"['ant', 'app test manager', 'etc.', 'jenkins', 'jmeter', 'junit', 'selenium grid', 'selenium web driver', 'web load']","['agile', 'compliance', 'java', 'jenkins', 'junit', 'quality assurance', 'scrum', 'selenium']","['agile', 'ant', 'app test manager', 'compliance', 'etc.', 'java', 'jenkins', 'jmeter', 'junit', 'quality assurance', 'scrum', 'selenium', 'selenium grid', 'selenium web driver', 'web load']",0.13333333333333333
Sr. PHP Developer,"['agile', 'aws', 'css', 'git', 'grunt', 'javascript', 'php', 'python', 'sass', 'sql']","['agile', 'aws', 'backbone.js', 'css', 'git', 'go', 'html', 'javascript', 'jquery', 'mongodb', 'mysql', 'node.js', 'php', 'postgresql', 'python', 'redis']","['agile', 'aws', 'backbone.js', 'css', 'git', 'go', 'grunt', 'html', 'javascript', 'jquery', 'mongodb', 'mysql', 'node.js', 'php', 'postgresql', 'python', 'redis', 'sass', 'sql']",0.3684210526315789
Cognos Developer,['cognos'],"['business analyst', 'business intelligence', 'communication', 'sql']","['business analyst', 'business intelligence', 'cognos', 'communication', 'sql']",0.0
2258_Oracle_Dev_Lewisville_TX,"['etl', 'oracledb', 'pl', 'sql', 'unix and sql']","['oracledb', 'perl', 'project management', 'shell', 'sql']","['etl', 'oracledb', 'perl', 'pl', 'project management', 'shell', 'sql', 'unix and sql']",0.25
Senior Web Developer/Designer,"['5', 'asp.net', 'css', 'hmtl', 'iis', 'javascript', 'mvc', 'mysql', 'php', 'sql server']","['agile', 'aws', 'digital marketing', 'marketing', 'scrum', 'seo', 'strategy', 'ui design', 'ux design']","['5', 'agile', 'asp.net', 'aws', 'css', 'digital marketing', 'hmtl', 'iis', 'javascript', 'marketing', 'mvc', 'mysql', 'php', 'scrum', 'seo', 'sql server', 'strategy', 'ui design', 'ux design']",0.0
Application Developer,"['java', 'kafka', 'rabbit', 'restful', 'spring']","['agile', 'devops', 'docker', 'java', 'jenkins', 'kafka', 'mysql']","['agile', 'devops', 'docker', 'java', 'jenkins', 'kafka', 'mysql', 'rabbit', 'restful', 'spring']",0.2
DevOps Engineer,"['amazon web services', 'apache', 'aws', 'css', 'devops', 'full stack', 'jquery', 'json', 'linux', 'mysql', 'php programmer', 'saas', 'software engineer', 'sysops', 'systems architect', 'ubuntu', 'web development']","['agile', 'aws', 'git', 'jenkins', 'mysql', 'operations', 'php', 'python']","['agile', 'amazon web services', 'apache', 'aws', 'css', 'devops', 'full stack', 'git', 'jenkins', 'jquery', 'json', 'linux', 'mysql', 'operations', 'php', 'php programmer', 'python', 'saas', 'software engineer', 'sysops', 'systems architect', 'ubuntu', 'web development']",0.08695652173913043
DOT NET FULL Time Opportunity.,"['c#', 'dotnet', 'sql server', 'wcf or web api']","['agile', 'communication', 'kanban', 'problem solving', 'quality assurance', 'scrum', 'sql', 'time management']","['agile', 'c#', 'communication', 'dotnet', 'kanban', 'problem solving', 'quality assurance', 'scrum', 'sql', 'sql server', 'time management', 'wcf or web api']",0.0
Mobile Applications Developer,"['android or pcf', 'gemfire', 'ios', 'mobile applications']","['android', 'ci/cd', 'communication', 'ios', 'problem solving', 'scrum', 'strategy', 'ux design']","['android', 'android or pcf', 'ci/cd', 'communication', 'gemfire', 'ios', 'mobile applications', 'problem solving', 'scrum', 'strategy', 'ux design']",0.09090909090909091
"Java Developer with EXTJS, Warren NJ, Direct Client, Long Term Contra","['ajax', 'extjs', 'html5', 'java', 'spring mvc']","['c#', 'java', 'javascript', 'jquery', 'ui design']","['ajax', 'c#', 'extjs', 'html5', 'java', 'javascript', 'jquery', 'spring mvc', 'ui design']",0.1111111111111111
Security Identity Management Engineer,"['access', 'access management', 'iam', 'identity', 'identity management', 'identityiq', 'java', 'java configuration', 'javascript', 'sailpoint', 'security engineer']","['communication', 'iam', 'java', 'leadership', 'mentoring', 'mysql', 'oracledb']","['access', 'access management', 'communication', 'iam', 'identity', 'identity management', 'identityiq', 'java', 'java configuration', 'javascript', 'leadership', 'mentoring', 'mysql', 'oracledb', 'sailpoint', 'security engineer']",0.125
iOS developer,"['gemfire', 'ios', 'pcf']","['ci/cd', 'communication', 'problem solving', 'scrum', 'ux design']","['ci/cd', 'communication', 'gemfire', 'ios', 'pcf', 'problem solving', 'scrum', 'ux design']",0.0
Top Secret Network Engineer (Veteran Friendly),['top secret network engineer (veteran friendly)'],"['encryption', 'leadership', 'training']","['encryption', 'leadership', 'top secret network engineer (veteran friendly)', 'training']",0.0
C++ Embedded Developer/RNA,"['c', 'c++ embedded development expereince on linux is needed. some linux kernal driver level is a huge plus but not needed. any experience with networking is a plus']","['linux', 'perl', 'python']","['c', 'c++ embedded development expereince on linux is needed. some linux kernal driver level is a huge plus but not needed. any experience with networking is a plus', 'linux', 'perl', 'python']",0.0
Sr Engineer/Full Stack Developer,"['atlassian tools', 'git', 'python', ""restful api's"", 'ruby']","['agile', 'aws', 'backbone.js', 'confluence', 'devops', 'git', 'javascript', 'jira', 'linux', 'mongodb', 'php', 'postgresql', 'python', 'react', 'redis', 'ruby', 'scrum']","['agile', 'atlassian tools', 'aws', 'backbone.js', 'confluence', 'devops', 'git', 'javascript', 'jira', 'linux', 'mongodb', 'php', 'postgresql', 'python', 'react', 'redis', ""restful api's"", 'ruby', 'scrum']",0.15789473684210525
Hadoop Developer/Hadoop Architect/BigData Hadoop Developer,"['bigdata', 'business', 'business intelligence', 'datawarehouse', 'hadoop', 'hive', 'mapreduce', 'pig']","['agile', 'compliance', 'hadoop', 'hive', 'pig']","['agile', 'bigdata', 'business', 'business intelligence', 'compliance', 'datawarehouse', 'hadoop', 'hive', 'mapreduce', 'pig']",0.3
BUSINESS ANALYST,"['business analyst', 'documentation exp.', 'gap analysis']",['distribution'],"['business analyst', 'distribution', 'documentation exp.', 'gap analysis']",0.0
Sr. Solution Architect,"['artifacts', 'java', 'solution architecture']","['consulting', 'critical thinking', 'css', 'html', 'javascript', 'jquery', 'marketing', 'problem solving', 'sales', 'sql']","['artifacts', 'consulting', 'critical thinking', 'css', 'html', 'java', 'javascript', 'jquery', 'marketing', 'problem solving', 'sales', 'solution architecture', 'sql']",0.0
Sr. Sitecore Developers x 3,"['.net', 'c#', 'content management system', 'responsive web design', 'sitecore']","['asp.net', 'business strategy', 'collaboration', 'css', 'html', 'javascript', 'jquery', 'project management', 'sales', 'software engineering', 'sql', 'strategy']","['.net', 'asp.net', 'business strategy', 'c#', 'collaboration', 'content management system', 'css', 'html', 'javascript', 'jquery', 'project management', 'responsive web design', 'sales', 'sitecore', 'software engineering', 'sql', 'strategy']",0.0
Java with DevOps Opportunity with our direct client - Long term contract,"['docker', 'ejb', 'j2ee', 'java', 'javascript', 'jenkins', 'jira', 'soa', 'spring', 'stash. aws']","['agile', 'aws', 'css', 'devops', 'docker', 'html', 'java', 'javascript', 'jenkins', 'jira', 'junit', 'redis', 'selenium']","['agile', 'aws', 'css', 'devops', 'docker', 'ejb', 'html', 'j2ee', 'java', 'javascript', 'jenkins', 'jira', 'junit', 'redis', 'selenium', 'soa', 'spring', 'stash. aws']",0.2777777777777778
Sr. Java Developer,"['apache cxf', 'ava 7', 'jaxb', 'jenkins', 'jms', 'maven', 'mockito', 'soap', 'spring 4.x']","['agile', 'java', 'jenkins']","['agile', 'apache cxf', 'ava 7', 'java', 'jaxb', 'jenkins', 'jms', 'maven', 'mockito', 'soap', 'spring 4.x']",0.09090909090909091
Network Security Engineer,"['cissp', 'fireeye', 'network', 'palo alto networks', 'security']","['compliance', 'encryption', 'leadership', 'problem solving', 'strategy', 'time management', 'training']","['cissp', 'compliance', 'encryption', 'fireeye', 'leadership', 'network', 'palo alto networks', 'problem solving', 'security', 'strategy', 'time management', 'training']",0.0
PC Technician,"['pc', 'peripherals', 'printer', 'project', 'technician', 'testing']",['training'],"['pc', 'peripherals', 'printer', 'project', 'technician', 'testing', 'training']",0.0
Helpdesk Support,"['helpdesk', 'microsoft', 'support', 'windows']",[],"['helpdesk', 'microsoft', 'support', 'windows']",0.0
Linux Platform Engineer/RNA,"['3-5 years of linux administration', 'and drivers', 'knowledge of linux kernels', 'modules']","['aws', 'azure', 'docker', 'linux', 'shell']","['3-5 years of linux administration', 'and drivers', 'aws', 'azure', 'docker', 'knowledge of linux kernels', 'linux', 'modules', 'shell']",0.0
Sr. C++ SW Engineer/RNA,"['5 years experience with c', 'algorithms', 'c++ development', 'developing multi-threaded asynchronous communication applications', 'strong expereince with data structure']","['collaboration', 'communication', 'linux', 'software engineering', 'ui design']","['5 years experience with c', 'algorithms', 'c++ development', 'collaboration', 'communication', 'developing multi-threaded asynchronous communication applications', 'linux', 'software engineering', 'strong expereince with data structure', 'ui design']",0.0
Account Executive,"['account executive', 'account manager', 'hiring manager', 'human resources', 'it manager', 'it sales', 'it staffing and consulting', 'manager', 'recruiter manager', 'resources manager', 'sales it recruiter', 'technical recruitment']",[],"['account executive', 'account manager', 'hiring manager', 'human resources', 'it manager', 'it sales', 'it staffing and consulting', 'manager', 'recruiter manager', 'resources manager', 'sales it recruiter', 'technical recruitment']",0.0
"Technical Architect (Java, ETL)","['architect', 'etl', 'informatica', 'java', 'olap']","['collaboration', 'communication', 'consulting', 'healthcare', 'informatica', 'java', 'javascript', 'junit', 'leadership', 'linux', 'marketing', 'operations', 'oracledb', 'shell', 'sql', 'strategy']","['architect', 'collaboration', 'communication', 'consulting', 'etl', 'healthcare', 'informatica', 'java', 'javascript', 'junit', 'leadership', 'linux', 'marketing', 'olap', 'operations', 'oracledb', 'shell', 'sql', 'strategy']",0.10526315789473684
"Penetration Tester, Senior","['abel', 'cain', 'hashcat', 'hping', 'metasploit', 'meterpreter', 'netcat', 'nmap', 'penetration tester', 'pentester', 'wireshark']","['auditing', 'communication', 'consulting', 'firewall', 'html', 'human resources', 'javascript', 'legal', 'linux', 'penetration testing', 'perl', 'problem solving', 'project management', 'python', 'ruby', 'time management', 'training']","['abel', 'auditing', 'cain', 'communication', 'consulting', 'firewall', 'hashcat', 'hping', 'html', 'human resources', 'javascript', 'legal', 'linux', 'metasploit', 'meterpreter', 'netcat', 'nmap', 'penetration tester', 'penetration testing', 'pentester', 'perl', 'problem solving', 'project management', 'python', 'ruby', 'time management', 'training', 'wireshark']",0.0
Oracle Fusion Human Capital Management Trainer,['oracle hcm fusion'],"['communication', 'oracledb', 'training']","['communication', 'oracle hcm fusion', 'oracledb', 'training']",0.0
Oracle Process Manufacturing Trainer,['oracle process manufacturing'],"['communication', 'training']","['communication', 'oracle process manufacturing', 'training']",0.0
Oracle Demantra Trainer,['oracle demantra'],"['communication', 'oracledb', 'training']","['communication', 'oracle demantra', 'oracledb', 'training']",0.0
Java EE Developer,['java ee'],"['communication', 'java', 'linux']","['communication', 'java', 'java ee', 'linux']",0.0
Senior Core Java(10 yrs plus),"['core java', 'hibernate', 'multi threading', 'oracle etc.', 'spring', 'struts']","['agile', 'java', 'oracledb', 'project management', 'sql']","['agile', 'core java', 'hibernate', 'java', 'multi threading', 'oracle etc.', 'oracledb', 'project management', 'spring', 'sql', 'struts']",0.0
Senior Network Operations Engineer,"['802.11', 'aruba', 'ccna', 'cisco', 'frame-relay', 'mpls', 'ospf', 'voip']","['communication', 'operations', 'problem solving', 'teamwork']","['802.11', 'aruba', 'ccna', 'cisco', 'communication', 'frame-relay', 'mpls', 'operations', 'ospf', 'problem solving', 'teamwork', 'voip']",0.0
"User Interface Developer (Must be US Citizen) - Atlant, GA","['ajax', 'angular js', 'bootstrap', 'css 3', 'html 5', 'javascript', 'jquery', 'json', 'mvc (spring)', 'rest', 'ui design', 'ux developers']","['agile', 'angular', 'bootstrap', 'communication', 'css', 'html', 'java', 'javascript', 'jquery', 'scrum', 'ui design', 'ux design']","['agile', 'ajax', 'angular', 'angular js', 'bootstrap', 'communication', 'css', 'css 3', 'html', 'html 5', 'java', 'javascript', 'jquery', 'json', 'mvc (spring)', 'rest', 'scrum', 'ui design', 'ux design', 'ux developers']",0.2
Data Architect,"['analysis', 'architecture', 'data analysis', 'data architecture', 'data modeling', 'data warehouse', 'database', 'development', 'erwin', 'hadoop', 'hub', 'informatica', 'management', 'materials', 'modeling', 'modeling software', 'nosql', 'olap', 'oltp', 'oracledb', 'project', 'research', 'sql', 'supervision', 'uml', 'xml']","['distribution', 'etl', 'hadoop', 'informatica', 'oracledb', 'sql', 'strategy', 'training']","['analysis', 'architecture', 'data analysis', 'data architecture', 'data modeling', 'data warehouse', 'database', 'development', 'distribution', 'erwin', 'etl', 'hadoop', 'hub', 'informatica', 'management', 'materials', 'modeling', 'modeling software', 'nosql', 'olap', 'oltp', 'oracledb', 'project', 'research', 'sql', 'strategy', 'supervision', 'training', 'uml', 'xml']",0.13333333333333333
Modeling and Simulation High Performance Computing Specialist,['rhce linux hpc high performance computing scientific apache mysql scripting shell perl administration'],"['consulting', 'linux', 'matlab', 'mysql', 'nagios', 'perl', 'r', 'shell']","['consulting', 'linux', 'matlab', 'mysql', 'nagios', 'perl', 'r', 'rhce linux hpc high performance computing scientific apache mysql scripting shell perl administration', 'shell']",0.0
Outsourcing Manager,"['outsourcing manager ""clinical services"" vendor sourcing gpc benchmarking market analysis financial negotiations contract terms and conditions (t&c)']","['clinical', 'communication', 'gcp', 'legal', 'medical', 'negotiation', 'operations', 'problem solving', 'strategy']","['clinical', 'communication', 'gcp', 'legal', 'medical', 'negotiation', 'operations', 'outsourcing manager ""clinical services"" vendor sourcing gpc benchmarking market analysis financial negotiations contract terms and conditions (t&c)', 'problem solving', 'strategy']",0.0
.NET Developer,"['.net', 'android sdk', 'asp.net', 'c#', 'css3', 'developer', 'html5', 'jquery', 'vb.net']","['android', 'asp.net', 'javascript', 'jquery', 'sql']","['.net', 'android', 'android sdk', 'asp.net', 'c#', 'css3', 'developer', 'html5', 'javascript', 'jquery', 'sql', 'vb.net']",0.16666666666666666
Sr. Java Developer,"['ehcache', 'ejb', 'hibernate', 'j2ee', 'java', 'javascript', 'jstl', 'mybatis', 'rest and html', 'soa', 'spring', 'struts', 'web services', 'xml']","['agile', 'communication', 'design patterns', 'git', 'html', 'java', 'javascript', 'jenkins', 'jira', 'problem solving', 'scrum', 'sql', 'teamwork', 'time management']","['agile', 'communication', 'design patterns', 'ehcache', 'ejb', 'git', 'hibernate', 'html', 'j2ee', 'java', 'javascript', 'jenkins', 'jira', 'jstl', 'mybatis', 'problem solving', 'rest and html', 'scrum', 'soa', 'spring', 'sql', 'struts', 'teamwork', 'time management', 'web services', 'xml']",0.07692307692307693
Senior .Net Developer,"['api', 'asp', 'c#', 'java', 'jboss', 'tomcat', 'weblogic']","['android', 'devops', 'ios', 'java', 'javascript', 'project management']","['android', 'api', 'asp', 'c#', 'devops', 'ios', 'java', 'javascript', 'jboss', 'project management', 'tomcat', 'weblogic']",0.08333333333333333
Batch Tester (Software QA),"['autosys', 'banking', 'batch', 'financial', 'jil commands', 'sql', 'unix']","['compliance', 'quality assurance', 'sql']","['autosys', 'banking', 'batch', 'compliance', 'financial', 'jil commands', 'quality assurance', 'sql', 'unix']",0.1111111111111111
Sr. UI UX Developer,"['css3', 'semantic html', 'unobtrusive javascript']","['angular', 'compliance', 'css', 'design patterns', 'html', 'javascript', 'operations', 'photoshop', 'ui design', 'ux design']","['angular', 'compliance', 'css', 'css3', 'design patterns', 'html', 'javascript', 'operations', 'photoshop', 'semantic html', 'ui design', 'unobtrusive javascript', 'ux design']",0.0
Oracle Revenue Management and Billing,['5 years work experience implementing oracle rmb'],"['communication', 'finance', 'html', 'javascript', 'linux', 'oracledb', 'presentation skills', 'sql', 'training']","['5 years work experience implementing oracle rmb', 'communication', 'finance', 'html', 'javascript', 'linux', 'oracledb', 'presentation skills', 'sql', 'training']",0.0
DIRECT CLIENT NEED SAP APO Consultant,"['ppds) with 2 e2e implementation', 'sap apo with any 2 modules (dp', 'snp']","['operations', 'problem solving']","['operations', 'ppds) with 2 e2e implementation', 'problem solving', 'sap apo with any 2 modules (dp', 'snp']",0.0
Business Analyst,"['analyst', 'business analyst', 'c', 'c#', 'c++', 'configuration management', 'crystal reports', 'database', 'development', 'embedded', 'embedded software', 'ims', 'iso', 'lifecycle', 'management', 'manager', 'networking', 'oracledb', 'outlook', 'project', 'project manager', 'security', 'sql', 'surveillance', 'testing', 'video']","['communication', 'creativity', 'oracledb', 'problem solving', 'software engineering', 'sql']","['analyst', 'business analyst', 'c', 'c#', 'c++', 'communication', 'configuration management', 'creativity', 'crystal reports', 'database', 'development', 'embedded', 'embedded software', 'ims', 'iso', 'lifecycle', 'management', 'manager', 'networking', 'oracledb', 'outlook', 'problem solving', 'project', 'project manager', 'security', 'software engineering', 'sql', 'surveillance', 'testing', 'video']",0.06666666666666667
Senior Java Developer 5+ years,"['java', 'oracledb', 'sql and xml']","['communication', 'design patterns', 'java', 'linux', 'oracledb', 'quality assurance', 'sql']","['communication', 'design patterns', 'java', 'linux', 'oracledb', 'quality assurance', 'sql', 'sql and xml']",0.25
Cisco ICM Analyst,"['analysis', 'avaya acd', 'call center', 'cms', 'icm scripting', 'programming', 'queries', 'sql']","['healthcare', 'sql', 'training']","['analysis', 'avaya acd', 'call center', 'cms', 'healthcare', 'icm scripting', 'programming', 'queries', 'sql', 'training']",0.1
Entry Level.Net Developer,"['.net', 'agile', 'c#', 'coding', 'design sessions', 'develop', 'requirements', 'vb']","['agile', 'system design', 'time management', 'training', 'ui design']","['.net', 'agile', 'c#', 'coding', 'design sessions', 'develop', 'requirements', 'system design', 'time management', 'training', 'ui design', 'vb']",0.08333333333333333
Network Architect/Security Architect with CCIE,"['ccie', 'network', 'network architect', 'networking', 'security']",['sales'],"['ccie', 'network', 'network architect', 'networking', 'sales', 'security']",0.0
Oracle Financial Functional Consultant ( Full Time),"['agis', 'ap', 'ar', 'cm', 'oracle e-business financials', 'sla']","['accounting', 'consulting', 'go', 'oracledb']","['accounting', 'agis', 'ap', 'ar', 'cm', 'consulting', 'go', 'oracle e-business financials', 'oracledb', 'sla']",0.0
Sr. Technical Project Manager,"['cmdb', 'itil', 'project management', 'servicenow']",['project management'],"['cmdb', 'itil', 'project management', 'servicenow']",0.25
Business Systems Analyst,"['""business system analyst""', 'entertainment', 'media', 'security']",[],"['""business system analyst""', 'entertainment', 'media', 'security']",0.0
Full Stack Developer,"['agile', 'angular.js', 'design patterns', 'hibernate', 'java', 'restful', 'spring', 'sql', 'webservices']","['agile', 'aws', 'azure', 'bash', 'chef', 'css', 'design patterns', 'git', 'hadoop', 'heroku', 'java', 'javascript', 'jquery', 'junit', 'linux', 'perl', 'php', 'problem solving', 'python', 'spark', 'spring boot']","['agile', 'angular.js', 'aws', 'azure', 'bash', 'chef', 'css', 'design patterns', 'git', 'hadoop', 'heroku', 'hibernate', 'java', 'javascript', 'jquery', 'junit', 'linux', 'perl', 'php', 'problem solving', 'python', 'restful', 'spark', 'spring', 'spring boot', 'sql', 'webservices']",0.1111111111111111
Software Developer,"['agile', 'api', 'c#', 'developer', 'development', 'html', 'lamp', 'mvc', 'mysql', 'oop', 'php']","['c#', 'communication', 'css', 'html', 'javascript', 'jquery', 'oop', 'php', 'problem solving']","['agile', 'api', 'c#', 'communication', 'css', 'developer', 'development', 'html', 'javascript', 'jquery', 'lamp', 'mvc', 'mysql', 'oop', 'php', 'problem solving']",0.25
SAP / SuccessFactors Project Manager,"['project manager', 'sap successfactors']","['communication', 'problem solving', 'project management', 'strategy', 'time management']","['communication', 'problem solving', 'project management', 'project manager', 'sap successfactors', 'strategy', 'time management']",0.0
Oracle Developer - Oracle Web Center (Fatwire),"['css java', 'html', 'jquery', 'jsps javascript', 'nginx', 'oracledb', 'web center']","['css', 'git', 'html', 'java', 'javascript', 'jira', 'junit', 'oracledb', 'ux design']","['css', 'css java', 'git', 'html', 'java', 'javascript', 'jira', 'jquery', 'jsps javascript', 'junit', 'nginx', 'oracledb', 'ux design', 'web center']",0.14285714285714285
"Big Data Analyst, Senior","['amazon redshift', 'apache spark', 'big data', 'redshift', 'sdi', 'spark', 'spatial data infrastructure']","['adaptability', 'agile', 'aws', 'business intelligence', 'critical thinking', 'hadoop', 'java', 'python', 'scala', 'spark']","['adaptability', 'agile', 'amazon redshift', 'apache spark', 'aws', 'big data', 'business intelligence', 'critical thinking', 'hadoop', 'java', 'python', 'redshift', 'scala', 'sdi', 'spark', 'spatial data infrastructure']",0.0625
Salesforce Developer - Face to Face Interview Required,"['crm web developer', 'css', 'entity framework', 'html5', 'mvc', 'salesforce']","['asp.net', 'crm', 'css', 'encryption', 'oracledb', 'sales', 'sql']","['asp.net', 'crm', 'crm web developer', 'css', 'encryption', 'entity framework', 'html5', 'mvc', 'oracledb', 'sales', 'salesforce', 'sql']",0.08333333333333333
"Need Only Local Consultant- Sr. Big Data Engineer with Java exp. || San Francisco, CA",['sr. big data engineer with java exp.'],"['agile', 'artificial intelligence', 'go', 'hadoop', 'hive', 'java', 'machine learning', 'natural language processing', 'oracledb', 'pig', 'python', 'r', 'scala', 'social media', 'spark', 'tensorflow']","['agile', 'artificial intelligence', 'go', 'hadoop', 'hive', 'java', 'machine learning', 'natural language processing', 'oracledb', 'pig', 'python', 'r', 'scala', 'social media', 'spark', 'sr. big data engineer with java exp.', 'tensorflow']",0.0
"Java Developer with SOA exp - Need Locals to Bay Area, CA - In Person Interview","['asynchronous execution', 'core java', 'dbms', 'git', 'j2ee', 'java collections', 'mongo db', 'performance tuning', 'problem solving', 'restful', 'soa', 'spring', 'synchronous', 'threads', 'web services']","['cassandra', 'communication', 'git', 'java', 'kafka', 'mongodb', 'problem solving', 'testing']","['asynchronous execution', 'cassandra', 'communication', 'core java', 'dbms', 'git', 'j2ee', 'java', 'java collections', 'kafka', 'mongo db', 'mongodb', 'performance tuning', 'problem solving', 'restful', 'soa', 'spring', 'synchronous', 'testing', 'threads', 'web services']",0.09523809523809523
"Business Analyst with Crew Exp/ Fort Worth, TX",['business analyst with crew experience'],"['communication', 'go']","['business analyst with crew experience', 'communication', 'go']",0.0
Java Developer,"['bamboo', 'bitbucket', 'confluence', 'git', 'java', 'jira', 'json', 'nosql', 'rest', 'sproing hibernate', 'sql', 'stash', 'xml']","['agile', 'confluence', 'git', 'java', 'jira', 'mongodb', 'mysql', 'oracledb', 'project management', 'sql', 'teamwork']","['agile', 'bamboo', 'bitbucket', 'confluence', 'git', 'java', 'jira', 'json', 'mongodb', 'mysql', 'nosql', 'oracledb', 'project management', 'rest', 'sproing hibernate', 'sql', 'stash', 'teamwork', 'xml']",0.2631578947368421
Network Engineer,"['bgp', 'cisco', 'eigrp', 'engineer', 'mpls', 'multicast', 'network']","['communication', 'consulting', 'ios']","['bgp', 'cisco', 'communication', 'consulting', 'eigrp', 'engineer', 'ios', 'mpls', 'multicast', 'network']",0.0
x2 Marketing Communication Specialists,"['communication', 'digital', 'influence', 'marketing', 'online advertising', 'ppc', 'sem', 'seo', 'social media', 'software']","['adaptability', 'advertising', 'clinical', 'collaboration', 'communication', 'consulting', 'digital marketing', 'legal', 'marketing', 'negotiation', 'presentation skills', 'problem solving', 'project management', 'regulatory']","['adaptability', 'advertising', 'clinical', 'collaboration', 'communication', 'consulting', 'digital', 'digital marketing', 'influence', 'legal', 'marketing', 'negotiation', 'online advertising', 'ppc', 'presentation skills', 'problem solving', 'project management', 'regulatory', 'sem', 'seo', 'social media', 'software']",0.09090909090909091
TM1 Architect,['tm1'],['business intelligence'],"['business intelligence', 'tm1']",0.0
IT Client Engagement Manager,['it client engagement manager'],"['account management', 'collaboration', 'communication', 'compliance', 'human resources', 'leadership', 'project management', 'strategy']","['account management', 'collaboration', 'communication', 'compliance', 'human resources', 'it client engagement manager', 'leadership', 'project management', 'strategy']",0.0
.NET Developer,"['.net', 'c#', 'html', 'javascript', 'ms visual studio', 'web services (rest and soap)', 'xml', 'xslt']","['communication', 'html', 'java', 'javascript', 'oracledb', 'problem solving', 'sql']","['.net', 'c#', 'communication', 'html', 'java', 'javascript', 'ms visual studio', 'oracledb', 'problem solving', 'sql', 'web services (rest and soap)', 'xml', 'xslt']",0.15384615384615385
Data Modeler/Data Administrator,"['data modeling', 'db objects', 'sql sever dba']","['communication', 'etl', 'quality assurance', 'sql', 'ssis']","['communication', 'data modeling', 'db objects', 'etl', 'quality assurance', 'sql', 'sql sever dba', 'ssis']",0.0
"Performance Engineer w/Java, Jmeter, JVM, debugging","['debugging', 'java', 'jmeter', 'jvm']","['agile', 'communication', 'junit', 'leadership', 'oracledb', 'problem solving', 'product owner', 'sql']","['agile', 'communication', 'debugging', 'java', 'jmeter', 'junit', 'jvm', 'leadership', 'oracledb', 'problem solving', 'product owner', 'sql']",0.0
Cobol Developer with Apex Systems,"['cobol', 'db2', 'vantage']","['communication', 'negotiation', 'operations', 'problem solving', 'quality assurance', 'training']","['cobol', 'communication', 'db2', 'negotiation', 'operations', 'problem solving', 'quality assurance', 'training', 'vantage']",0.0
Senior Desktop Architect / Engineer,"['builds and design * desktop virtualization * strong scripting skills', 'superior overall desktop engineering and architecture skills * application packaging * desktop imaging']","['distribution', 'operations']","['builds and design * desktop virtualization * strong scripting skills', 'distribution', 'operations', 'superior overall desktop engineering and architecture skills * application packaging * desktop imaging']",0.0
Oracle DBA - up to $130K plus bonus,"['10 & 11', 'clustering', 'golden gate', 'oracledb', 'performance tuning', 'rac', 'scripting']","['linux', 'oracledb']","['10 & 11', 'clustering', 'golden gate', 'linux', 'oracledb', 'performance tuning', 'rac', 'scripting']",0.125
Senior MS SQL Server DBA - Up to $150K plus bonus,"['clustering', 'mirroring', 'ms sql server', 'performance tuning', 'replication', 'scripting', 'sql server reporting services']","['communication', 'sql', 'ssis']","['clustering', 'communication', 'mirroring', 'ms sql server', 'performance tuning', 'replication', 'scripting', 'sql', 'sql server reporting services', 'ssis']",0.0
Selenium Tester/Automation Engineer,"['mobile testing', 'selenium', 'sql', 'xml']","['ci/cd', 'collaboration', 'cucumber', 'devops', 'java', 'jenkins', 'jira', 'quality assurance', 'selenium', 'sql']","['ci/cd', 'collaboration', 'cucumber', 'devops', 'java', 'jenkins', 'jira', 'mobile testing', 'quality assurance', 'selenium', 'sql', 'xml']",0.16666666666666666
Network Engineer IV,"['802.11', 'cisco', 'management', 'network engineer', 'networking', 'wireless']",[],"['802.11', 'cisco', 'management', 'network engineer', 'networking', 'wireless']",0.0
Release Engineer,"['backup and recovery', 'java', 'perl', 'programming', 'project', 'python', 'release', 'sdlc']","['communication', 'confluence', 'java', 'jira', 'perl', 'python', 'supply chain management', 'training']","['backup and recovery', 'communication', 'confluence', 'java', 'jira', 'perl', 'programming', 'project', 'python', 'release', 'sdlc', 'supply chain management', 'training']",0.23076923076923078
System/Network Administrator,"['linux', 'network administrator', 'networks', 'os x', 'windows']","['heroku', 'linux']","['heroku', 'linux', 'network administrator', 'networks', 'os x', 'windows']",0.16666666666666666
OBIEE Developer/ Administrator (Secret clearance required),['obiee'],['communication'],"['communication', 'obiee']",0.0
Unix Systems and Middleware Developer,['unix scripting shell scripting automation weblogic websphere ibm mq oracle tuxedo'],"['linux', 'oracledb', 'shell']","['linux', 'oracledb', 'shell', 'unix scripting shell scripting automation weblogic websphere ibm mq oracle tuxedo']",0.0
Desktop Technical Support,"['a+', 'citrix', 'desktop support', 'help desk', 'mcdst', 'mcp', 'mcse', 'office', 'technical support', 'windows', 'xen']",[],"['a+', 'citrix', 'desktop support', 'help desk', 'mcdst', 'mcp', 'mcse', 'office', 'technical support', 'windows', 'xen']",0.0
Software Developer and Integrator,['experience with python experience with puppet experience with javascript experience developing both restful client and server apis familiarity with object oriented programming practices'],"['cucumber', 'java', 'javascript', 'puppet', 'python', 'selenium', 'sql']","['cucumber', 'experience with python experience with puppet experience with javascript experience developing both restful client and server apis familiarity with object oriented programming practices', 'java', 'javascript', 'puppet', 'python', 'selenium', 'sql']",0.0
Top Secret Network Deployment Engineer,['top secret network deployment engineer'],['leadership'],"['leadership', 'top secret network deployment engineer']",0.0
Top Secret Systems Administrator (Veterans Friendly),['top secret systems administrator (veterans friendly)'],"['leadership', 'sql']","['leadership', 'sql', 'top secret systems administrator (veterans friendly)']",0.0
Top Secret Linux Test Engineer (Veteran Friendly),['top secret linux test engineer (veteran friendly)'],"['java', 'javascript', 'leadership', 'linux', 'perl', 'shell']","['java', 'javascript', 'leadership', 'linux', 'perl', 'shell', 'top secret linux test engineer (veteran friendly)']",0.0
SAP PP MES Team Lead,['sap pp production planning mes manufacturing execution system team lead'],"['business development', 'consulting', 'go', 'lead generation', 'logistics']","['business development', 'consulting', 'go', 'lead generation', 'logistics', 'sap pp production planning mes manufacturing execution system team lead']",0.0
Java Developer - Backend Experience,"['backend experience', 'enterprise java']","['adaptability', 'java']","['adaptability', 'backend experience', 'enterprise java', 'java']",0.0
Regional Sales Manager (Boston),"['analysis', 'benchmark', 'manager', 'sales']","['creativity', 'problem solving', 'sales', 'strategy']","['analysis', 'benchmark', 'creativity', 'manager', 'problem solving', 'sales', 'strategy']",0.14285714285714285
Quality Assurance Analyst,"['.net', 'agile', 'analysis', 'analyst', 'asp', 'asp.net', 'automated', 'c#', 'development', 'foundation', 'management', 'project', 'project management', 'quality assurance', 'scripts', 'security', 'sql', 'sql server', 'testing']","['agile', 'asp.net', 'communication', 'creativity', 'healthcare', 'project management', 'quality assurance', 'sql', 'ssis', 'teamwork', 'time management', 'ui design']","['.net', 'agile', 'analysis', 'analyst', 'asp', 'asp.net', 'automated', 'c#', 'communication', 'creativity', 'development', 'foundation', 'healthcare', 'management', 'project', 'project management', 'quality assurance', 'scripts', 'security', 'sql', 'sql server', 'ssis', 'teamwork', 'testing', 'time management', 'ui design']",0.19230769230769232
Software Engineer Staff (PL/SQL),"['and jsp)', 'forms', 'framework', 'java', 'jdeveloper', 'oracle database and development tools (pl', 'oracle ebs (e-business suite)', 'reports', 'software engineer', 'sql', 'sql plus', 'unix']","['business intelligence', 'communication', 'etl', 'html', 'human resources', 'java', 'javascript', 'oracledb', 'problem solving', 'process improvement', 'sql', 'teamwork']","['and jsp)', 'business intelligence', 'communication', 'etl', 'forms', 'framework', 'html', 'human resources', 'java', 'javascript', 'jdeveloper', 'oracle database and development tools (pl', 'oracle ebs (e-business suite)', 'oracledb', 'problem solving', 'process improvement', 'reports', 'software engineer', 'sql', 'sql plus', 'teamwork', 'unix']",0.09090909090909091
Hardware Test Engineer,"['18 months', 'contract w2']",['communication'],"['18 months', 'communication', 'contract w2']",0.0
Python / Django Developer,"['12-24 months', 'contract w2']",['python'],"['12-24 months', 'contract w2', 'python']",0.0
Java Developer,"['12-24 months', 'contract w2']","['java', 'software engineering', 'sql']","['12-24 months', 'contract w2', 'java', 'software engineering', 'sql']",0.0
DevOps Engineer,"['agile', 'ansible', 'atlassian', 'automation', 'cloud', 'confluence', 'devops', 'jenkins', 'jira', 'paas', 'product development', 'saas', 'system admin']","['agile', 'cassandra', 'chef', 'devops', 'hadoop', 'informatica', 'javascript', 'operations', 'oracledb', 'python', 'scrum', 'spark', 'splunk', 'sql', 'tableau']","['agile', 'ansible', 'atlassian', 'automation', 'cassandra', 'chef', 'cloud', 'confluence', 'devops', 'hadoop', 'informatica', 'javascript', 'jenkins', 'jira', 'operations', 'oracledb', 'paas', 'product development', 'python', 'saas', 'scrum', 'spark', 'splunk', 'sql', 'system admin', 'tableau']",0.07692307692307693
Software Engineer,['software engineer'],"['agile', 'collaboration', 'encryption', 'leadership', 'software engineering']","['agile', 'collaboration', 'encryption', 'leadership', 'software engineer', 'software engineering']",0.0
Entry Level Java programmer,"['hibernate', 'java', 'mvc', 'object oriented programming', 'struts']","['communication', 'consulting', 'java', 'javascript', 'medical', 'problem solving', 'time management']","['communication', 'consulting', 'hibernate', 'java', 'javascript', 'medical', 'mvc', 'object oriented programming', 'problem solving', 'struts', 'time management']",0.09090909090909091
Infrastructure Project Manager,"['12 months', 'contract w2']","['communication', 'devops', 'leadership', 'linux', 'operations', 'project management', 'risk management']","['12 months', 'communication', 'contract w2', 'devops', 'leadership', 'linux', 'operations', 'project management', 'risk management']",0.0
Full Time UI Developer Angular/JavaScript/JQuery,"['9-12 months', 'full time']","['angular', 'communication', 'javascript', 'jquery', 'ui design']","['9-12 months', 'angular', 'communication', 'full time', 'javascript', 'jquery', 'ui design']",0.0
Sr. Solutions Specialist - Development Operations (DevOps),"['development operations', 'devops', 'mainframe administration', 'rational on z', 'zlinux']","['agile', 'ansible', 'aws', 'azure', 'chef', 'communication', 'consulting', 'devops', 'jenkins', 'operations', 'puppet', 'sales', 'scrum']","['agile', 'ansible', 'aws', 'azure', 'chef', 'communication', 'consulting', 'development operations', 'devops', 'jenkins', 'mainframe administration', 'operations', 'puppet', 'rational on z', 'sales', 'scrum', 'zlinux']",0.058823529411764705
Hadoop DBA / Developer,"['cloudera', 'database administration', 'dba', 'developer', 'hadoop', 'hortonworks']","['communication', 'consulting', 'etl', 'hadoop', 'sql']","['cloudera', 'communication', 'consulting', 'database administration', 'dba', 'developer', 'etl', 'hadoop', 'hortonworks', 'sql']",0.1
Solutions Architect - Amazon Web Services (AWS),"['amazon web services', 'ami', 'analytics', 'aws', 'business intelligence', 'data warehousing', 'database administration', 'development', 'ec2', 'iam', 'microsoft bi stack', 's3', 'sql', 'ssas', 'ssis', 'ssrs']","['aws', 'business intelligence', 'communication', 'consulting', 'dynamodb', 'express', 'iam', 'java', 'leadership', 'linux', 'python', 'redshift', 'sales', 'sql', 'ssis', 'strategy', 'training']","['amazon web services', 'ami', 'analytics', 'aws', 'business intelligence', 'communication', 'consulting', 'data warehousing', 'database administration', 'development', 'dynamodb', 'ec2', 'express', 'iam', 'java', 'leadership', 'linux', 'microsoft bi stack', 'python', 'redshift', 's3', 'sales', 'sql', 'ssas', 'ssis', 'ssrs', 'strategy', 'training']",0.17857142857142858
Solutions Architect - IBM Netezza (PureData),"['architect', 'business intelligence', 'data warehousing', 'database administration (dba)', 'ibm netezza', 'puredata for analytics', 'software development']","['business intelligence', 'communication', 'consulting', 'etl', 'express', 'leadership', 'linux', 'sales', 'sql', 'strategy', 'training']","['architect', 'business intelligence', 'communication', 'consulting', 'data warehousing', 'database administration (dba)', 'etl', 'express', 'ibm netezza', 'leadership', 'linux', 'puredata for analytics', 'sales', 'software development', 'sql', 'strategy', 'training']",0.058823529411764705
Solutions Architect - Marketing Execution (Adobe Analytics),"['adobe analytics', 'business optimization', 'html', 'javascript', 'marketing', 'web analytics', 'website architecture']","['account management', 'communication', 'consulting', 'digital marketing', 'html', 'javascript', 'leadership', 'marketing', 'sales']","['account management', 'adobe analytics', 'business optimization', 'communication', 'consulting', 'digital marketing', 'html', 'javascript', 'leadership', 'marketing', 'sales', 'web analytics', 'website architecture']",0.23076923076923078
Solutions Specialist - IBM Netezza (PureData) Developer,"['architect', 'business intelligence', 'data warehousing', 'ibm netezza', 'puredata for analytics', 'software development']","['communication', 'consulting', 'datastage', 'etl', 'informatica', 'linux', 'sql', 'ssis']","['architect', 'business intelligence', 'communication', 'consulting', 'data warehousing', 'datastage', 'etl', 'ibm netezza', 'informatica', 'linux', 'puredata for analytics', 'software development', 'sql', 'ssis']",0.0
Senior Audit Manager,['senior audit manager'],"['auditing', 'compliance']","['auditing', 'compliance', 'senior audit manager']",0.0
Network Engineer,['contract w2'],"['collaboration', 'communication', 'firewall', 'linux']","['collaboration', 'communication', 'contract w2', 'firewall', 'linux']",0.0
Tier II System Administrator - Windows and Linux,"['active directly', 'change management', 'linux', 'service desk', 'tier 2', 'tier ii', 'windows']","['healthcare', 'linux', 'operations', 'shell', 'sql']","['active directly', 'change management', 'healthcare', 'linux', 'operations', 'service desk', 'shell', 'sql', 'tier 2', 'tier ii', 'windows']",0.09090909090909091
Infrastructure Architect,"['analysis', 'architecture', 'brocade', 'capacity planning', 'configuration management', 'excel', 'hardware', 'ibm', 'library', 'linux', 'management', 'ms office', 'networking', 'project', 'project management', 'protocols', 'unix', 'vmware', 'windows']","['communication', 'leadership', 'linux', 'project management', 'puppet', 'strategy', 'training']","['analysis', 'architecture', 'brocade', 'capacity planning', 'communication', 'configuration management', 'excel', 'hardware', 'ibm', 'leadership', 'library', 'linux', 'management', 'ms office', 'networking', 'project', 'project management', 'protocols', 'puppet', 'strategy', 'training', 'unix', 'vmware', 'windows']",0.08333333333333333
Product Specialist,"['active directory 2008', 'active directory 2012', 'advanced group policy management', 'dhcp', 'dns', 'enterprise level', 'kix', 'powershell scripting', 'vbs', 'wins']",[],"['active directory 2008', 'active directory 2012', 'advanced group policy management', 'dhcp', 'dns', 'enterprise level', 'kix', 'powershell scripting', 'vbs', 'wins']",0.0
SR. SITE RELIABILITY ENGINEER - VIRTUSTREAM,"['development', 'devops', 'linux', 'openstack', 'perl', 'python', 'ruby', 'scripting']","['business analyst', 'chef', 'devops', 'linux', 'operations', 'perl', 'python', 'sales', 'swift', 'ux design']","['business analyst', 'chef', 'development', 'devops', 'linux', 'openstack', 'operations', 'perl', 'python', 'ruby', 'sales', 'scripting', 'swift', 'ux design']",0.2857142857142857
Enterprise Information Management (EIM) Principal Consultant (Remote),"['analysis', 'analyst', 'architecture', 'business analyst', 'change management', 'consulting', 'developer', 'development', 'informatica', 'management', 'manager', 'pc', 'project', 'project management', 'project manager', 'sales']","['business development', 'business intelligence', 'communication', 'consulting', 'customer success', 'informatica', 'leadership', 'medical', 'negotiation', 'operations', 'presentation skills', 'problem solving', 'project management', 'sales', 'strategy']","['analysis', 'analyst', 'architecture', 'business analyst', 'business development', 'business intelligence', 'change management', 'communication', 'consulting', 'customer success', 'developer', 'development', 'informatica', 'leadership', 'management', 'manager', 'medical', 'negotiation', 'operations', 'pc', 'presentation skills', 'problem solving', 'project', 'project management', 'project manager', 'sales', 'strategy']",0.14814814814814814
Senior ASIC/SoC Verification Storage Protocol Engineer,"['senior asic', 'soc verification storage protocol engineer']","['communication', 'linux', 'perl', 'r', 'soc']","['communication', 'linux', 'perl', 'r', 'senior asic', 'soc', 'soc verification storage protocol engineer']",0.0
Site Reliability Engineer,['site reliability engineer'],"['agile', 'aws', 'business analyst', 'chef', 'communication', 'go', 'java', 'javascript', 'linux', 'mongodb', 'onboarding', 'perl', 'php', 'project management', 'puppet', 'python', 'ruby', 'splunk']","['agile', 'aws', 'business analyst', 'chef', 'communication', 'go', 'java', 'javascript', 'linux', 'mongodb', 'onboarding', 'perl', 'php', 'project management', 'puppet', 'python', 'ruby', 'site reliability engineer', 'splunk']",0.0
"SW Developer, Windows 10 / UWP platform","['sw developer', 'uwp platform', 'windows 10']","['agile', 'communication', 'css', 'html', 'javascript', 'objective-c', 'scrum', 'slack']","['agile', 'communication', 'css', 'html', 'javascript', 'objective-c', 'scrum', 'slack', 'sw developer', 'uwp platform', 'windows 10']",0.0
HL7 Systems Analyst,['hl7 systems analyst'],"['clinical', 'medical', 'sql']","['clinical', 'hl7 systems analyst', 'medical', 'sql']",0.0
Java Developer,['java developer'],"['design patterns', 'java', 'javascript', 'oop', 'problem solving']","['design patterns', 'java', 'java developer', 'javascript', 'oop', 'problem solving']",0.0
SAP SD-AFS Functional Lead Consultant,"['afs solutions', 'credit card interfaces', 'taxes and edi']",['communication'],"['afs solutions', 'communication', 'credit card interfaces', 'taxes and edi']",0.0
Sr. Full Stack Developer,"['css', 'full stack developer', 'html', 'javascript', 'node.js']","['android', 'css', 'healthcare', 'html', 'javascript', 'medical', 'node.js', 'react', 'ux design']","['android', 'css', 'full stack developer', 'healthcare', 'html', 'javascript', 'medical', 'node.js', 'react', 'ux design']",0.4
Skype for Business Technician,"['case', 'change management', 'customer service', 'hardware', 'management', 'project', 'technician', 'windows']","['communication', 'training']","['case', 'change management', 'communication', 'customer service', 'hardware', 'management', 'project', 'technician', 'training', 'windows']",0.0
CyberArk Engineer,"['analytical skills', 'consulting', 'customer service', 'development', 'dns', 'ip', 'lan', 'management', 'networking', 'pl1', 'powershell', 'security', 'supervision', 'tcp', 'vbscript', 'windows']","['communication', 'consulting', 'critical thinking', 'project management']","['analytical skills', 'communication', 'consulting', 'critical thinking', 'customer service', 'development', 'dns', 'ip', 'lan', 'management', 'networking', 'pl1', 'powershell', 'project management', 'security', 'supervision', 'tcp', 'vbscript', 'windows']",0.05263157894736842
ETL QA/Tester,"['etl qa', 'tester']","['communication', 'etl', 'informatica', 'jira', 'leadership', 'marketing', 'oracledb', 'sql', 'strategy', 'teradata', 'training']","['communication', 'etl', 'etl qa', 'informatica', 'jira', 'leadership', 'marketing', 'oracledb', 'sql', 'strategy', 'teradata', 'tester', 'training']",0.0
Business Intelligence Development Manager,['(see job description)'],"['business intelligence', 'etl', 'sql', 'ssis', 'training']","['(see job description)', 'business intelligence', 'etl', 'sql', 'ssis', 'training']",0.0
OSISoft Analyst,"['analyst', 'osisoft', 'pi']","['sql', 'tableau']","['analyst', 'osisoft', 'pi', 'sql', 'tableau']",0.0
Windows 10 PC Deployment Technician (Secret Clearance),['windows 10 pc deployment technician (secret clearance)'],"['encryption', 'leadership']","['encryption', 'leadership', 'windows 10 pc deployment technician (secret clearance)']",0.0
"Senior Manager, SalesForce CRM","['crm', 'crm manager', 'force.com', 'salesforce', 'salesforce pm', 'sfdc']","['agile', 'business strategy', 'consulting', 'crm', 'management consulting', 'marketing', 'project management', 'sales', 'strategy']","['agile', 'business strategy', 'consulting', 'crm', 'crm manager', 'force.com', 'management consulting', 'marketing', 'project management', 'sales', 'salesforce', 'salesforce pm', 'sfdc', 'strategy']",0.07142857142857142
Scrum Master,['scrum master'],"['agile', 'finance', 'scrum', 'scrum master']","['agile', 'finance', 'scrum', 'scrum master']",0.25
Data Warehouse Developer,"['etl tools', 'job scheduling', 'olap tools', 'publishing and distribution of reports', 'sql']","['business intelligence', 'collaboration', 'distribution', 'etl', 'finance', 'sql']","['business intelligence', 'collaboration', 'distribution', 'etl', 'etl tools', 'finance', 'job scheduling', 'olap tools', 'publishing and distribution of reports', 'sql']",0.1
Global Audit Project Manager,"['management', 'project managers', 'reporting']","['agile', 'communication', 'consulting', 'project management']","['agile', 'communication', 'consulting', 'management', 'project management', 'project managers', 'reporting']",0.0
Technical Project Manager- Long-term consultant,"['pmo', 'program manager']","['go', 'leadership', 'problem solving', 'program management', 'project management']","['go', 'leadership', 'pmo', 'problem solving', 'program management', 'program manager', 'project management']",0.0
Senior Project Manager,['external customer facing experience required'],"['account management', 'collaboration', 'communication', 'consulting', 'jira', 'project management', 'risk management', 'sales']","['account management', 'collaboration', 'communication', 'consulting', 'external customer facing experience required', 'jira', 'project management', 'risk management', 'sales']",0.0
Director Advertising Analytics,"['advertising analytics', 'analytics', 'big data', 'director', 'google analytics', 'moat', 'senior manager', 'technology management']","['advertising', 'agile', 'communication', 'strategy']","['advertising', 'advertising analytics', 'agile', 'analytics', 'big data', 'communication', 'director', 'google analytics', 'moat', 'senior manager', 'strategy', 'technology management']",0.0
Director - Advertising Production,"['advertising analytics', 'analytics', 'big data', 'director', 'google analytics', 'javascript', 'moa', 'python', 'senior manager', 'technology management']","['advertising', 'agile', 'communication', 'javascript', 'python', 'strategy']","['advertising', 'advertising analytics', 'agile', 'analytics', 'big data', 'communication', 'director', 'google analytics', 'javascript', 'moa', 'python', 'senior manager', 'strategy', 'technology management']",0.14285714285714285
Business Analyst,"['audit', 'compliance', 'creative marketing', 'manager control assessment', 'marketing', 'mca testing', 'strategic marketing']","['auditing', 'communication', 'compliance', 'finance', 'marketing']","['audit', 'auditing', 'communication', 'compliance', 'creative marketing', 'finance', 'manager control assessment', 'marketing', 'mca testing', 'strategic marketing']",0.2
Automation Tester,"['automation tester', 'bss', 'mobile tester', 'oss', 'qa automation', 'selenium']","['devops', 'selenium']","['automation tester', 'bss', 'devops', 'mobile tester', 'oss', 'qa automation', 'selenium']",0.14285714285714285
"C#, .Net Sr Developer.","['.netframework 4.5+', 'angular', 'c#', 'framework', 'javascript', 'jenkins', 'linq', 'mvc 5', 'nodejs', 'react js', 'restful services', 'web services']","['angular', 'chef', 'dynamodb', 'javascript', 'jenkins', 'react']","['.netframework 4.5+', 'angular', 'c#', 'chef', 'dynamodb', 'framework', 'javascript', 'jenkins', 'linq', 'mvc 5', 'nodejs', 'react', 'react js', 'restful services', 'web services']",0.2
Sr Test Automation Engineer,"['automated tests for web services', 'build technologies', 'docker or lxc', 'groovy)', 'performance testing', 'perl', 'ruby', 'scripting (python', 'vm technologies (aws or openstack)']","['aws', 'collaboration', 'communication', 'docker', 'jenkins', 'perl', 'problem solving', 'python', 'ruby', 'sql']","['automated tests for web services', 'aws', 'build technologies', 'collaboration', 'communication', 'docker', 'docker or lxc', 'groovy)', 'jenkins', 'performance testing', 'perl', 'problem solving', 'python', 'ruby', 'scripting (python', 'sql', 'vm technologies (aws or openstack)']",0.11764705882352941
Java Developer,"['java', 'messaging', 'oracledb', 'unix']","['communication', 'java', 'oracledb', 'quality assurance', 'sql']","['communication', 'java', 'messaging', 'oracledb', 'quality assurance', 'sql', 'unix']",0.2857142857142857
CPE Grapevine SIGINT Intelligence Analyst - GA,"['inc. specializes in delivering secure', 'including u.s. government agencies and their prime contractors. wi', 'reliable and rapidly implemented workforce solutions to the u.s. federal marketplace', 'tad pgs']","['ci/cd', 'typescript']","['ci/cd', 'inc. specializes in delivering secure', 'including u.s. government agencies and their prime contractors. wi', 'reliable and rapidly implemented workforce solutions to the u.s. federal marketplace', 'tad pgs', 'typescript']",0.0
C++ Developers,"['c++', 'java', 'or c#', 'unix']","['c#', 'communication', 'java', 'problem solving']","['c#', 'c++', 'communication', 'java', 'or c#', 'problem solving', 'unix']",0.14285714285714285
Java Developer,"['api development', 'j2ee', 'java', 'object oriented design', 'soa', 'web services']","['java', 'leadership', 'training']","['api development', 'j2ee', 'java', 'leadership', 'object oriented design', 'soa', 'training', 'web services']",0.125
PHP/WORDPRESS ENGINEER,"['angular.js', 'git and githumb', 'javascript', 'jquery', 'mobile', 'mysql', 'node.js', 'php', 'react', 'wordpress']","['angular', 'business analyst', 'css', 'git', 'html', 'javascript', 'jquery', 'mysql', 'node.js', 'oop', 'php', 'react', 'redis', 'seo']","['angular', 'angular.js', 'business analyst', 'css', 'git', 'git and githumb', 'html', 'javascript', 'jquery', 'mobile', 'mysql', 'node.js', 'oop', 'php', 'react', 'redis', 'seo', 'wordpress']",0.3333333333333333
Senior Java Developer,"['backend', 'design', 'fullstack', 'j2ee', 'java', 'java 1.8', 'streaming']","['aws', 'devops', 'go', 'html', 'java', 'javascript', 'jquery', 'leadership']","['aws', 'backend', 'design', 'devops', 'fullstack', 'go', 'html', 'j2ee', 'java', 'java 1.8', 'javascript', 'jquery', 'leadership', 'streaming']",0.07142857142857142
Lead Architect - E-Commerce Technology,"['architecture', 'asp.net', 'c#', 'director', 'distributed systems', 'e-commerce', 'web development']","['agile', 'asp.net', 'software engineering']","['agile', 'architecture', 'asp.net', 'c#', 'director', 'distributed systems', 'e-commerce', 'software engineering', 'web development']",0.1111111111111111
Solution Architect,['sap & microsoft technoligies'],"['collaboration', 'communication', 'devops', 'java', 'leadership', 'negotiation', 'operations', 'program management', 'system design']","['collaboration', 'communication', 'devops', 'java', 'leadership', 'negotiation', 'operations', 'program management', 'sap & microsoft technoligies', 'system design']",0.0
Lead QA - Automation SME - Local to San Francisco CA only,"['automation', 'java', 'lead', 'selenium']","['agile', 'consulting', 'git', 'jira', 'linux', 'quality assurance', 'selenium', 'strategy', 'testing', 'ui design']","['agile', 'automation', 'consulting', 'git', 'java', 'jira', 'lead', 'linux', 'quality assurance', 'selenium', 'strategy', 'testing', 'ui design']",0.07692307692307693
SDET QA Automation Engineer - Local to Columbus Ohio only,"['automation', 'java', 'restful', 'selenium']","['communication', 'consulting', 'java', 'medical', 'mongodb', 'problem solving', 'selenium', 'testing']","['automation', 'communication', 'consulting', 'java', 'medical', 'mongodb', 'problem solving', 'restful', 'selenium', 'testing']",0.2
SAP CRM ABAP Developer,"['badis', 'bapis', 'crm 7.0', 'idocs', 'sap abap']","['communication', 'crm', 'leadership', 'mentoring', 'time management', 'ui design']","['badis', 'bapis', 'communication', 'crm', 'crm 7.0', 'idocs', 'leadership', 'mentoring', 'sap abap', 'time management', 'ui design']",0.0
Oracle Apps R12 Financials Programmer Analyst,"['java', 'oa framework', 'oracle apps r12 (financials)', 'pl', 'sql', 'unix shell', 'xml publisher']","['java', 'oracledb', 'shell', 'sql', 'training']","['java', 'oa framework', 'oracle apps r12 (financials)', 'oracledb', 'pl', 'shell', 'sql', 'training', 'unix shell', 'xml publisher']",0.2
SR Salesforce Developer,"['apex', 'salesforce', 'visualforce']","['agile', 'communication', 'creativity', 'informatica', 'training']","['agile', 'apex', 'communication', 'creativity', 'informatica', 'salesforce', 'training', 'visualforce']",0.0
Web Services Developer,"['architecture', 'consulting', 'developer', 'development', 'foundation', 'informatica', 'java', 'knowledge management', 'management', 'project', 'sales', 'security', 'soap', 'sql', 'xml']","['communication', 'consulting', 'informatica', 'java', 'leadership', 'mentoring', 'sales', 'social media', 'sql', 'training']","['architecture', 'communication', 'consulting', 'developer', 'development', 'foundation', 'informatica', 'java', 'knowledge management', 'leadership', 'management', 'mentoring', 'project', 'sales', 'security', 'soap', 'social media', 'sql', 'training', 'xml']",0.25
Sr Java Developer (Full Stack),"['8+ years experience minimum. full stack java developer', 'javascript']",[],"['8+ years experience minimum. full stack java developer', 'javascript']",0.0
Java/JavaScript Consultant,"['8-10 years experience', 'java', 'javascript']",[],"['8-10 years experience', 'java', 'javascript']",0.0
SAP HCM Technical Consultant,['sap hcm abap'],"['collaboration', 'consulting', 'go', 'html', 'java', 'javascript', 'objective-c', 'project management', 'sql', 'training']","['collaboration', 'consulting', 'go', 'html', 'java', 'javascript', 'objective-c', 'project management', 'sap hcm abap', 'sql', 'training']",0.0
SAP Analytics,"['analysis', 'customer support', 'excellent communication']","['communication', 'consulting', 'finance', 'supply chain']","['analysis', 'communication', 'consulting', 'customer support', 'excellent communication', 'finance', 'supply chain']",0.0
Java Developer - 02007,"['hibernate', 'j2ee', 'java', 'jpa', 'junit', 'orm', 'spock']","['agile', 'collaboration', 'design patterns', 'go', 'healthcare', 'java', 'junit', 'leadership', 'mentoring', 'problem solving', 'scrum', 'software engineering', 'sql']","['agile', 'collaboration', 'design patterns', 'go', 'healthcare', 'hibernate', 'j2ee', 'java', 'jpa', 'junit', 'leadership', 'mentoring', 'orm', 'problem solving', 'scrum', 'software engineering', 'spock', 'sql']",0.1111111111111111
Sr. Network Engineer,"['anycast', 'bgp and ospf']","['agile', 'critical thinking', 'firewall', 'ios', 'leadership', 'linux', 'operations']","['agile', 'anycast', 'bgp and ospf', 'critical thinking', 'firewall', 'ios', 'leadership', 'linux', 'operations']",0.0
Database Engineer,['percona'],"['agile', 'bash', 'elasticsearch', 'mysql', 'nagios', 'operations', 'oracledb', 'perl', 'puppet', 'python', 'ruby', 'sql', 'time management']","['agile', 'bash', 'elasticsearch', 'mysql', 'nagios', 'operations', 'oracledb', 'percona', 'perl', 'puppet', 'python', 'ruby', 'sql', 'time management']",0.0
Infrastructure Support Engineer-cloud,"['cloud', 'infrastructure', 'linux']","['bash', 'communication', 'perl', 'presentation skills', 'python', 'shell', 'teamwork']","['bash', 'cloud', 'communication', 'infrastructure', 'linux', 'perl', 'presentation skills', 'python', 'shell', 'teamwork']",0.0
Solutions Architect - AWS,"['amazon web services', 'azure', 'cloud', 'data center', 'infrastructure', 'pre sales', 'solutions architect']","['aws', 'azure', 'communication', 'linux', 'operations', 'oracledb', 'perl', 'training']","['amazon web services', 'aws', 'azure', 'cloud', 'communication', 'data center', 'infrastructure', 'linux', 'operations', 'oracledb', 'perl', 'pre sales', 'solutions architect', 'training']",0.07142857142857142
IT Security Manager,"['compliance', 'cyber security', 'it security manager', 'policies & procedures']","['compliance', 'critical thinking', 'strategy', 'training']","['compliance', 'critical thinking', 'cyber security', 'it security manager', 'policies & procedures', 'strategy', 'training']",0.14285714285714285
DevOps Engineer - B2B Ecommerce Startup,"['amazon', 'and docker', 'chef']","['aws', 'chef', 'devops', 'docker', 'html', 'java', 'javascript', 'laravel', 'php', 'postgresql', 'python', 'redis', 'ruby']","['amazon', 'and docker', 'aws', 'chef', 'devops', 'docker', 'html', 'java', 'javascript', 'laravel', 'php', 'postgresql', 'python', 'redis', 'ruby']",0.06666666666666667
Sales Representative,"['rental services', 'sales']","['adaptability', 'communication', 'sales', 'training']","['adaptability', 'communication', 'rental services', 'sales', 'training']",0.2
Desktop Support (hedge fund) 2 positions,"['active directory', 'exchange', 'windows 7']",['communication'],"['active directory', 'communication', 'exchange', 'windows 7']",0.0
Application Delivery Manager,"['analysis', 'architecture', 'change management', 'development', 'excel', 'lifecycle', 'management', 'manager', 'microsoft excel', 'microsoft word', 'outlook', 'powerpoint', 'project', 'project management', 'quality assurance', 'risk management', 'sales', 'sdlc', 'testing']","['collaboration', 'communication', 'compliance', 'finance', 'human resources', 'leadership', 'mentoring', 'operations', 'project management', 'quality assurance', 'risk management', 'sales', 'strategy', 'training']","['analysis', 'architecture', 'change management', 'collaboration', 'communication', 'compliance', 'development', 'excel', 'finance', 'human resources', 'leadership', 'lifecycle', 'management', 'manager', 'mentoring', 'microsoft excel', 'microsoft word', 'operations', 'outlook', 'powerpoint', 'project', 'project management', 'quality assurance', 'risk management', 'sales', 'sdlc', 'strategy', 'testing', 'training']",0.13793103448275862
Business Analyst/PM - Software Development (Public Schools),"['1-2 years', 'contract w2']",['healthcare'],"['1-2 years', 'contract w2', 'healthcare']",0.0
Data Architect,"['application architecture', 'data architecture', 'data development.', 'experience in data management']","['business intelligence', 'etl', 'hadoop', 'hive', 'kafka', 'spark']","['application architecture', 'business intelligence', 'data architecture', 'data development.', 'etl', 'experience in data management', 'hadoop', 'hive', 'kafka', 'spark']",0.0
Application Support Analyst,['application support analyst'],"['agile', 'communication', 'compliance', 'etl', 'go', 'hadoop', 'informatica', 'java', 'leadership', 'perl', 'problem solving', 'teamwork', 'time management']","['agile', 'application support analyst', 'communication', 'compliance', 'etl', 'go', 'hadoop', 'informatica', 'java', 'leadership', 'perl', 'problem solving', 'teamwork', 'time management']",0.0
IA Validation Analyst,['must be able to obtain and maintain a secret security clearance'],"['human resources', 'sql', 'training']","['human resources', 'must be able to obtain and maintain a secret security clearance', 'sql', 'training']",0.0
Business Analyst/Product Manager - Technical,"['business analyst', 'product manager - technical']",['agile'],"['agile', 'business analyst', 'product manager - technical']",0.0
Business Analyst/Product Manager - Technical,"['agile model', 'sdlc']",['agile'],"['agile', 'agile model', 'sdlc']",0.0
Large Systems Architect,"['n-tier application design', 'solutions architect', 'zos']",[],"['n-tier application design', 'solutions architect', 'zos']",0.0
IAM Risk Analyst,['iam risk analyst'],"['communication', 'leadership', 'onboarding']","['communication', 'iam risk analyst', 'leadership', 'onboarding']",0.0
iOS Developer,"['ios apps', 'ios technologies']","['creativity', 'ios', 'problem solving']","['creativity', 'ios', 'ios apps', 'ios technologies', 'problem solving']",0.0
Andriod Developer,"['c', 'ios', 'java']","['android', 'communication', 'ios', 'java', 'problem solving', 'quality assurance']","['android', 'c', 'communication', 'ios', 'java', 'problem solving', 'quality assurance']",0.2857142857142857
Sr. Tibco Consultant,"['db adapter java', 'ems', 'tibco bw']",[],"['db adapter java', 'ems', 'tibco bw']",0.0
Network Engineering and Architecture Consultant,"['and architecture', 'and architecture.network security engineering and operational support. ability to work with network protoco', 'and security design', 'data center.network design', 'engineering']",['operations'],"['and architecture', 'and architecture.network security engineering and operational support. ability to work with network protoco', 'and security design', 'data center.network design', 'engineering', 'operations']",0.0
Multiple Java Developer positions,"['6+ years java', 'hibernate', 'hpsm', 'j2ee experience', 'jsf', 'jsp', 'or dynatrace', 'servlets', 'spring', 'sql']","['agile', 'angular', 'design patterns', 'healthcare', 'html', 'java', 'javascript', 'jquery', 'junit', 'kanban', 'mysql', 'new relic', 'oracledb', 'ruby', 'scrum', 'software engineering', 'sql']","['6+ years java', 'agile', 'angular', 'design patterns', 'healthcare', 'hibernate', 'hpsm', 'html', 'j2ee experience', 'java', 'javascript', 'jquery', 'jsf', 'jsp', 'junit', 'kanban', 'mysql', 'new relic', 'or dynatrace', 'oracledb', 'ruby', 'scrum', 'servlets', 'software engineering', 'spring', 'sql']",0.038461538461538464
Documentum,['documentum'],"['business analyst', 'compliance', 'go', 'r', 'training']","['business analyst', 'compliance', 'documentum', 'go', 'r', 'training']",0.0
peoplesoft SCM,['peoplesoft scm'],['supply chain management'],"['peoplesoft scm', 'supply chain management']",0.0
Senior Jeeves ERP Consultant,['jeeves'],[],['jeeves'],0.0
Solution Design Consultant,"['etl', 'informatica', 'pasadena']","['communication', 'marketing', 'sales']","['communication', 'etl', 'informatica', 'marketing', 'pasadena', 'sales']",0.0
SAP Automation Testing Specialist,"['automation testing', 'execution', 'quality assurance', 'sap', 'test automation framework', 'test management methodology', 'worksoft certify']",['quality assurance'],"['automation testing', 'execution', 'quality assurance', 'sap', 'test automation framework', 'test management methodology', 'worksoft certify']",0.14285714285714285
Devops Lead with Telecom Exp,"['alm', 'cd', 'ci/cd', 'configuration management', 'release management']","['agile', 'business development', 'ci/cd', 'devops', 'leadership', 'strategy']","['agile', 'alm', 'business development', 'cd', 'ci/cd', 'configuration management', 'devops', 'leadership', 'release management', 'strategy']",0.1
Oracle WebCenter Imaging,"['ipm & portal', 'oracle webcenter imaging']","['java', 'oracledb']","['ipm & portal', 'java', 'oracle webcenter imaging', 'oracledb']",0.0
Sr Big Data Architect,['10+ years experience in it industry and software development 5+ years in big data and hadoop technologies.'],"['aws', 'azure', 'business intelligence', 'hadoop']","['10+ years experience in it industry and software development 5+ years in big data and hadoop technologies.', 'aws', 'azure', 'business intelligence', 'hadoop']",0.0
Data Modeler,"['""data modeler"" ""data modeling"" ""life insurance"" ""data warehousing"" sql metadata erwin etl mapping']","['etl', 'snowflake', 'sql']","['""data modeler"" ""data modeling"" ""life insurance"" ""data warehousing"" sql metadata erwin etl mapping', 'etl', 'snowflake', 'sql']",0.0
"Sr Data Analyst (Business Objects, Tableau)","['agile', 'alm', 'business objects', 'doors', 'rally', 'tableau']","['agile', 'consulting', 'oracledb', 'presentation skills', 'sql', 'tableau']","['agile', 'alm', 'business objects', 'consulting', 'doors', 'oracledb', 'presentation skills', 'rally', 'sql', 'tableau']",0.2
SAP Hybris Tester,"['rest', 'sap hybris testing', 'selenium', 'soap']",['testing'],"['rest', 'sap hybris testing', 'selenium', 'soap', 'testing']",0.0
"UI Developer - Need Locals to Bay Area, CA - In Person Interview","['angularjs', 'css', 'html', 'javascript']","['angular', 'bootstrap', 'css', 'javascript', 'jquery', 'ui design']","['angular', 'angularjs', 'bootstrap', 'css', 'html', 'javascript', 'jquery', 'ui design']",0.25
SFDC Lead Developer,"['apex', 'force.com development', 'sfdc lead']","['javascript', 'sales']","['apex', 'force.com development', 'javascript', 'sales', 'sfdc lead']",0.0
Microsoft Dynamics AX Techno Functional Consultant,['microsoft dynamics ax techno functional'],['software engineering'],"['microsoft dynamics ax techno functional', 'software engineering']",0.0
Citrix Engineer,['citrix 6.5'],"['customer success', 'operations', 'quality assurance', 'sql', 'vendor management']","['citrix 6.5', 'customer success', 'operations', 'quality assurance', 'sql', 'vendor management']",0.0
Entry Level RF Support/Test Engineer,"['anritsu', 'ms application suite', 'radio frequency communications concepts', 'trouble shooting', 'wireless networking']","['business development', 'marketing', 'operations', 'problem solving', 'sales', 'software engineering']","['anritsu', 'business development', 'marketing', 'ms application suite', 'operations', 'problem solving', 'radio frequency communications concepts', 'sales', 'software engineering', 'trouble shooting', 'wireless networking']",0.0
RF Support/Test Engineer,"['anritsu', 'ms application suite', 'radio frequency communications concepts', 'trouble shooting', 'wireless networking']","['business development', 'marketing', 'operations', 'problem solving', 'sales', 'software engineering']","['anritsu', 'business development', 'marketing', 'ms application suite', 'operations', 'problem solving', 'radio frequency communications concepts', 'sales', 'software engineering', 'trouble shooting', 'wireless networking']",0.0
Cell Biology and Mass Spectrometry Researcher,"['analytical biochemistry', 'cell biology', 'computational research', 'data analysis', 'glycomics', 'hplc', 'lipidomic', 'mass spectrometry', 'metabolomic', 'molecular biology', 'ph.d.', 'proteomic measurement technologies']","['communication', 'problem solving', 'teamwork']","['analytical biochemistry', 'cell biology', 'communication', 'computational research', 'data analysis', 'glycomics', 'hplc', 'lipidomic', 'mass spectrometry', 'metabolomic', 'molecular biology', 'ph.d.', 'problem solving', 'proteomic measurement technologies', 'teamwork']",0.0
Data Management Specialist,"['analysis', 'crm customer master', 'dashboards', 'data management', 'delivery', 'design', 'large-scale business integration', 'modeling', 'sap crm', 'sap erp', 'statistical analysis', 'transactional data sets']","['crm', 'marketing', 'sales']","['analysis', 'crm', 'crm customer master', 'dashboards', 'data management', 'delivery', 'design', 'large-scale business integration', 'marketing', 'modeling', 'sales', 'sap crm', 'sap erp', 'statistical analysis', 'transactional data sets']",0.0
Fluid Dynamics Process Engineer,"['c#', 'c++', 'chemical synthesis', 'electromechanical systems', 'fluid dispensing', 'fluid dynamics', 'labview', 'mass transfer', 'process engineer', 'valves', 'visual basic']","['communication', 'teamwork']","['c#', 'c++', 'chemical synthesis', 'communication', 'electromechanical systems', 'fluid dispensing', 'fluid dynamics', 'labview', 'mass transfer', 'process engineer', 'teamwork', 'valves', 'visual basic']",0.0
PC Configuration/Implementation Engineer,"['10', 'change control', 'deployment', 'dos', 'imaging', 'implementation', 'manufacturing', 'pc configuration', 'recovery', 'sap', 'win7', 'winbatch']","['leadership', 'marketing', 'project management', 'r', 'strategy', 'supply chain']","['10', 'change control', 'deployment', 'dos', 'imaging', 'implementation', 'leadership', 'manufacturing', 'marketing', 'pc configuration', 'project management', 'r', 'recovery', 'sap', 'strategy', 'supply chain', 'win7', 'winbatch']",0.0
Business Systems Analyst - Transportation,['transportation'],"['communication', 'logistics', 'marketing', 'operations', 'quality assurance', 'sql']","['communication', 'logistics', 'marketing', 'operations', 'quality assurance', 'sql', 'transportation']",0.0
Staff SW Product Architect,['embedded'],"['agile', 'android', 'leadership', 'linux', 'project management', 'scrum', 'supply chain management', 'training']","['agile', 'android', 'embedded', 'leadership', 'linux', 'project management', 'scrum', 'supply chain management', 'training']",0.0
System Requirements Analyst,['sme'],"['sales', 'sql', 'system design', 'time management']","['sales', 'sme', 'sql', 'system design', 'time management']",0.0
Application Architect,['.net'],"['angular', 'communication', 'design patterns', 'javascript', 'jenkins', 'jquery', 'operations', 'problem solving', 'react', 'sql']","['.net', 'angular', 'communication', 'design patterns', 'javascript', 'jenkins', 'jquery', 'operations', 'problem solving', 'react', 'sql']",0.0
Full Stack JavaScript Developer,['javascript'],"['communication', 'css', 'html', 'javascript', 'jquery']","['communication', 'css', 'html', 'javascript', 'jquery']",0.2
Software Systems Engineer,['qnx linux'],['linux'],"['linux', 'qnx linux']",0.0
Systems Engineer,['infotainment'],['android'],"['android', 'infotainment']",0.0
Oracle Project Manager with OLFM,"['project manager - program', 'project planning and controlling']","['oracledb', 'time management']","['oracledb', 'project manager - program', 'project planning and controlling', 'time management']",0.0
Data Architect,"['5+ years as a data architect', 'ibm infosphere']","['business intelligence', 'etl']","['5+ years as a data architect', 'business intelligence', 'etl', 'ibm infosphere']",0.0
Network Automation Engineer,"['linux', 'scripting (python preferred)', 'understanding of networking']","['ansible', 'chef', 'human resources', 'java', 'jenkins', 'linux', 'perl', 'puppet', 'python', 'ruby']","['ansible', 'chef', 'human resources', 'java', 'jenkins', 'linux', 'perl', 'puppet', 'python', 'ruby', 'scripting (python preferred)', 'understanding of networking']",0.08333333333333333
DevOps Engineer (w-2's only),"['competency in a scripting language (python preferred)', 'linux']","['ansible', 'chef', 'devops', 'human resources', 'jenkins', 'linux', 'perl', 'puppet', 'python', 'ruby', 'shell']","['ansible', 'chef', 'competency in a scripting language (python preferred)', 'devops', 'human resources', 'jenkins', 'linux', 'perl', 'puppet', 'python', 'ruby', 'shell']",0.08333333333333333
Cisco DCNM Engineer,"['cisco data center network manager', 'cisco nexus', 'cisco routing and switching']",['human resources'],"['cisco data center network manager', 'cisco nexus', 'cisco routing and switching', 'human resources']",0.0
Software Developer,['development of new training formats using the microsoft hololens technology for the after sales department'],"['project management', 'sales', 'training']","['development of new training formats using the microsoft hololens technology for the after sales department', 'project management', 'sales', 'training']",0.0
Project Manager,['(project manager ) and (data warehouse ) and (banking ) and (finance ) and (etl )'],"['business intelligence', 'communication', 'etl', 'program management', 'project management', 'react']","['(project manager ) and (data warehouse ) and (banking ) and (finance ) and (etl )', 'business intelligence', 'communication', 'etl', 'program management', 'project management', 'react']",0.0
Big Data Software Engineer,"['big data', 'hadoop', 'java', 'software engineer']","['consulting', 'elasticsearch', 'hadoop', 'healthcare', 'hive', 'java', 'linux', 'mentoring', 'pig', 'software engineering', 'spark', 'sql']","['big data', 'consulting', 'elasticsearch', 'hadoop', 'healthcare', 'hive', 'java', 'linux', 'mentoring', 'pig', 'software engineer', 'software engineering', 'spark', 'sql']",0.14285714285714285
PL SQL UNIX/LINUX,"['bash shell', 'data collection', 'data mining', 'ms sql', 'oracledb', 'perl scripting', 'pl sql', 'postgresql', 'salesforce.com', 'telecommunications', 'unix']","['bash', 'communication', 'operations', 'oracledb', 'perl', 'postgresql', 'project management', 'shell', 'sql']","['bash', 'bash shell', 'communication', 'data collection', 'data mining', 'ms sql', 'operations', 'oracledb', 'perl', 'perl scripting', 'pl sql', 'postgresql', 'project management', 'salesforce.com', 'shell', 'sql', 'telecommunications', 'unix']",0.1111111111111111
Bilingual Japanese Product Tester,['japanese jlpt engineer'],['software engineering'],"['japanese jlpt engineer', 'software engineering']",0.0
Linux Engineer,['linux engineer'],"['linux', 'oracledb', 'ux design']","['linux', 'linux engineer', 'oracledb', 'ux design']",0.0
Citrix Administrator / VMWare Administrator,"['active directory', 'citrix', 'vmware']",['sql'],"['active directory', 'citrix', 'sql', 'vmware']",0.0
Quality Assurance Analyst,['quality assurance analyst'],"['accounting', 'agile', 'communication', 'compliance', 'consulting', 'etl', 'finance', 'healthcare', 'human resources', 'legal', 'mentoring', 'operations', 'problem solving', 'quality assurance', 'regulatory', 'selenium', 'sql', 'teamwork', 'time management', 'training']","['accounting', 'agile', 'communication', 'compliance', 'consulting', 'etl', 'finance', 'healthcare', 'human resources', 'legal', 'mentoring', 'operations', 'problem solving', 'quality assurance', 'quality assurance analyst', 'regulatory', 'selenium', 'sql', 'teamwork', 'time management', 'training']",0.0
Professional Services Consultant,"['accounting', 'auditing', 'cfe', 'cia', 'cisa', 'communication skills', 'cpa', 'external audit', 'ia', 'internal auditing', 'sarbanes oxley', 'teammate', 'teammate software']","['accounting', 'auditing', 'communication', 'compliance', 'consulting', 'go', 'strategy', 'training']","['accounting', 'auditing', 'cfe', 'cia', 'cisa', 'communication', 'communication skills', 'compliance', 'consulting', 'cpa', 'external audit', 'go', 'ia', 'internal auditing', 'sarbanes oxley', 'strategy', 'teammate', 'teammate software', 'training']",0.10526315789473684
Quality Assurance Analyst,['quality assurance analyst'],"['accounting', 'asp.net', 'communication', 'compliance', 'consulting', 'finance', 'human resources', 'java', 'legal', 'operations', 'problem solving', 'quality assurance', 'regulatory', 'selenium', 'sql', 'strategy']","['accounting', 'asp.net', 'communication', 'compliance', 'consulting', 'finance', 'human resources', 'java', 'legal', 'operations', 'problem solving', 'quality assurance', 'quality assurance analyst', 'regulatory', 'selenium', 'sql', 'strategy']",0.0
Network Engineer (Cisco WAN),['cisco wan radius wi-fi telecom'],[],['cisco wan radius wi-fi telecom'],0.0
Adobe Campaign Consultant or Delivery Lead,['adobe campaign implementation'],"['agile', 'business development', 'communication', 'consulting', 'creativity', 'crm', 'digital marketing', 'leadership', 'marketing', 'oracledb', 'project management', 'sales', 'social media', 'teradata', 'training', 'vendor management']","['adobe campaign implementation', 'agile', 'business development', 'communication', 'consulting', 'creativity', 'crm', 'digital marketing', 'leadership', 'marketing', 'oracledb', 'project management', 'sales', 'social media', 'teradata', 'training', 'vendor management']",0.0
Sr. Mobile Testers - Android & iOS .,"['android', 'ios', 'jelly bean', 'json', 'kitkat', 'lollipop', 'mobile testing', 'restful service integration etc.', 'unit testing']","['android', 'ios']","['android', 'ios', 'jelly bean', 'json', 'kitkat', 'lollipop', 'mobile testing', 'restful service integration etc.', 'unit testing']",0.2222222222222222
SAP GS1,['sap gs1'],[],['sap gs1'],0.0
Sr. Java /J2EE Developer - Urgent Need Local to NJ area Preferred,"['angularjs', 'apache', 'design patterns', 'ejb', 'j2ee', 'java framework- spring', 'java servlets', 'javascript', 'jboss', 'jms', 'jquery', 'jsf', 'junit', 'rest', 'soap web-services', 'struts']","['agile', 'communication', 'css', 'design patterns', 'java', 'javascript', 'jquery', 'junit']","['agile', 'angularjs', 'apache', 'communication', 'css', 'design patterns', 'ejb', 'j2ee', 'java', 'java framework- spring', 'java servlets', 'javascript', 'jboss', 'jms', 'jquery', 'jsf', 'junit', 'rest', 'soap web-services', 'struts']",0.2
Lead or Senior Network Engineer - F5,"['automation', 'cisco routers and switches', 'dns', 'f5', 'f5 apm', 'gtm and ltms', 'network engineer', 'scripting']","['collaboration', 'linux', 'perl', 'python']","['automation', 'cisco routers and switches', 'collaboration', 'dns', 'f5', 'f5 apm', 'gtm and ltms', 'linux', 'network engineer', 'perl', 'python', 'scripting']",0.0
GRC Information Security Technical Lead or Senior,['information security technical lead grc'],"['advisory', 'agile', 'communication', 'compliance', 'consulting', 'express', 'penetration testing', 'process improvement', 'program management', 'project management', 'regulatory', 'risk management', 'time management', 'training']","['advisory', 'agile', 'communication', 'compliance', 'consulting', 'express', 'information security technical lead grc', 'penetration testing', 'process improvement', 'program management', 'project management', 'regulatory', 'risk management', 'time management', 'training']",0.0
DB2 DBA,"['db2', 'dba', 'oltp', 'sql', 'windows powershell']",['sql'],"['db2', 'dba', 'oltp', 'sql', 'windows powershell']",0.2
Front-end Engineer,"['css', 'html', 'javascript']","['angular', 'css', 'javascript', 'jquery', 'linux', 'mysql', 'node.js', 'react']","['angular', 'css', 'html', 'javascript', 'jquery', 'linux', 'mysql', 'node.js', 'react']",0.2222222222222222
Big Data Security Specialist,['hadoop management & security tools'],"['hadoop', 'linux']","['hadoop', 'hadoop management & security tools', 'linux']",0.0
Java Developer,['java xml sql unix'],"['java', 'sql']","['java', 'java xml sql unix', 'sql']",0.0
UX Researcher,['ux researcher'],"['marketing', 'ux design']","['marketing', 'ux design', 'ux researcher']",0.0
"QA Analyst - Oracle OM, Inventory, Pricing, IB, SC, AR","['ar', 'ib', 'inventory', 'oracle om', 'pricing', 'revenue experience', 'sc']","['oracledb', 'quality assurance', 'training']","['ar', 'ib', 'inventory', 'oracle om', 'oracledb', 'pricing', 'quality assurance', 'revenue experience', 'sc', 'training']",0.0
Senior Inside Cisco Sales Specialist,"['cisco', 'inside sales', 'sales', 'smartnet']","['communication', 'sales']","['cisco', 'communication', 'inside sales', 'sales', 'smartnet']",0.2
Project Manager 6-Implementation/Strategic Planning,"['acting', 'bank', 'banking', 'broker', 'business', 'change management', 'communication', 'design', 'development', 'digital', 'drive', 'enterprise', 'executive', 'framework', 'harness', 'implementation', 'lead', 'leadership', 'management', 'next', 'strategic planning']","['accounting', 'business strategy', 'clerical', 'collaboration', 'communication', 'consulting', 'distribution', 'finance', 'leadership', 'management consulting', 'operations', 'presentation skills', 'project management', 'sales', 'strategy']","['accounting', 'acting', 'bank', 'banking', 'broker', 'business', 'business strategy', 'change management', 'clerical', 'collaboration', 'communication', 'consulting', 'design', 'development', 'digital', 'distribution', 'drive', 'enterprise', 'executive', 'finance', 'framework', 'harness', 'implementation', 'lead', 'leadership', 'management', 'management consulting', 'next', 'operations', 'presentation skills', 'project management', 'sales', 'strategic planning', 'strategy']",0.058823529411764705
IT Recruiter,"['agency', 'erp', 'it', 'recruiter', 'technical recruiter']","['recruitment', 'social media']","['agency', 'erp', 'it', 'recruiter', 'recruitment', 'social media', 'technical recruiter']",0.0
System Engineer-Operations Engineer--Week-Ends--3 day work week,"['2012 r2', 'active directory', 'backups', 'esxi', 'patching', 'server momitoring', 'vmware 5.9', 'windows servers 2008']","['linux', 'mentoring', 'operations', 'project management', 'strategy']","['2012 r2', 'active directory', 'backups', 'esxi', 'linux', 'mentoring', 'operations', 'patching', 'project management', 'server momitoring', 'strategy', 'vmware 5.9', 'windows servers 2008']",0.0
Jr. Project Manager (NO H1-B),"['at least 4 years of erp and', 'or successfactors experience']","['communication', 'human resources', 'payroll', 'quality assurance']","['at least 4 years of erp and', 'communication', 'human resources', 'or successfactors experience', 'payroll', 'quality assurance']",0.0
Mediation Developer,['mediation developer'],"['java', 'oracledb', 'sql']","['java', 'mediation developer', 'oracledb', 'sql']",0.0
"C++ Developer - Trading Firm (Infrastructure, GUI or Trading App)","['c++ developer', 'c++ software engineer', 'trading firm']","['c++', 'communication', 'mysql', 'problem solving', 'python', 'r', 'shell', 'sql']","['c++', 'c++ developer', 'c++ software engineer', 'communication', 'mysql', 'problem solving', 'python', 'r', 'shell', 'sql', 'trading firm']",0.0
PEGA Tester,"['oracledb', 'pega tester', 'pl', 'sql', 'workflows']","['communication', 'healthcare', 'oracledb', 'sql', 'strategy']","['communication', 'healthcare', 'oracledb', 'pega tester', 'pl', 'sql', 'strategy', 'workflows']",0.25
CLOUD Data Analyst for Media,"['cloud', 'data analyst', 'dimensional and non-dimensional data model', 'experience in working with large data set', 'hive', 'presto', 'sql', 'write efficient sql queries']","['consulting', 'hive', 'sql', 'ui design']","['cloud', 'consulting', 'data analyst', 'dimensional and non-dimensional data model', 'experience in working with large data set', 'hive', 'presto', 'sql', 'ui design', 'write efficient sql queries']",0.2
Executive Admin,"['analytical skills', 'excel', 'outlook', 'powerpoint']",['operations'],"['analytical skills', 'excel', 'operations', 'outlook', 'powerpoint']",0.0
SSRS Developer,['ssrs'],"['business analyst', 'communication', 'risk management', 'sql', 'ssis', 'teamwork', 'training']","['business analyst', 'communication', 'risk management', 'sql', 'ssis', 'ssrs', 'teamwork', 'training']",0.0
"Developer, .Net","['.net', 'agile', 'consulting', 'developer', 'development', 'javascript', 'libraries', 'lifecycle', 'management', 'programming', 'project', 'project management', 'sdlc', 'sql', 'sql server', 'vb', 'visual basic']","['agile', 'consulting', 'javascript', 'project management', 'recruitment', 'sql']","['.net', 'agile', 'consulting', 'developer', 'development', 'javascript', 'libraries', 'lifecycle', 'management', 'programming', 'project', 'project management', 'recruitment', 'sdlc', 'sql', 'sql server', 'vb', 'visual basic']",0.2777777777777778
Cisco UC/UCCE Engineer,"['cisco uc', 'cisco voice gateways (ingress', 'cvp', 'egress) and vxml gateways', 'icm', 'ucce']","['ios', 'java', 'oracledb']","['cisco uc', 'cisco voice gateways (ingress', 'cvp', 'egress) and vxml gateways', 'icm', 'ios', 'java', 'oracledb', 'ucce']",0.0
SR. GUIDEWIRE INTEGRATION DEVELOPER,['guidewire developer'],"['communication', 'git', 'java', 'jenkins', 'splunk', 'sql']","['communication', 'git', 'guidewire developer', 'java', 'jenkins', 'splunk', 'sql']",0.0
Inside Account Executive,"['appointment setting', 'out-bound calls', 'relationship building', 'sales']","['communication', 'compliance', 'sales', 'teamwork']","['appointment setting', 'communication', 'compliance', 'out-bound calls', 'relationship building', 'sales', 'teamwork']",0.14285714285714285
Technical Product Manager - Servicing,"['applications', 'customer service', 'finance', 'manager', 'product', 'technical', 'web']","['balsamiq', 'business strategy', 'go', 'operations', 'product manager', 'quality assurance', 'sketch', 'strategy', 'ui design']","['applications', 'balsamiq', 'business strategy', 'customer service', 'finance', 'go', 'manager', 'operations', 'product', 'product manager', 'quality assurance', 'sketch', 'strategy', 'technical', 'ui design', 'web']",0.0
Pega Tester,"['prpc v7.x', 'soa', 'soap']","['communication', 'leadership', 'scrum']","['communication', 'leadership', 'prpc v7.x', 'scrum', 'soa', 'soap']",0.0
Sr Network Consultant 36219,"['asa', 'cisco', 'ios', 'lan', 'linux', 'network', 'routers', 'solarwinds', 'wan', 'wireshark']","['communication', 'ios', 'leadership', 'training']","['asa', 'cisco', 'communication', 'ios', 'lan', 'leadership', 'linux', 'network', 'routers', 'solarwinds', 'training', 'wan', 'wireshark']",0.07692307692307693
Sr. UI Engineer Lead Consultant,['sr. ui engineer lead consultant'],['ui design'],"['sr. ui engineer lead consultant', 'ui design']",0.0
3D Artist 3 (Engineering),['3d artist 3 (engineering)'],"['r', 'ray']","['3d artist 3 (engineering)', 'r', 'ray']",0.0
Technical Support Consultant,"['active directory and novell edirectory (including edirectory schema)', 'linux operating systems', 'novell idm and ldap', 'vmware. windows', 'xml (dirxml)']","['human resources', 'linux', 'problem solving']","['active directory and novell edirectory (including edirectory schema)', 'human resources', 'linux', 'linux operating systems', 'novell idm and ldap', 'problem solving', 'vmware. windows', 'xml (dirxml)']",0.0
Web Application Developer,"['2010', '2012', 'asp.net', 'microsoft sql server 2012', 'sql management studio 2008', 'ssis', 'ssrs', 't-sql']","['asp.net', 'business intelligence', 'communication', 'etl', 'sql', 'ssis']","['2010', '2012', 'asp.net', 'business intelligence', 'communication', 'etl', 'microsoft sql server 2012', 'sql', 'sql management studio 2008', 'ssis', 'ssrs', 't-sql']",0.16666666666666666
Web Developer,"['2010', '2012', 'c#', 'css', 'html', 'javascript', 'microsoft sql server 2012', 'mvc.net', 'ssis', 'ssrs', 't-sql', 'visual studio 2008', 'web services']","['communication', 'css', 'html', 'javascript', 'sql', 'ssis']","['2010', '2012', 'c#', 'communication', 'css', 'html', 'javascript', 'microsoft sql server 2012', 'mvc.net', 'sql', 'ssis', 'ssrs', 't-sql', 'visual studio 2008', 'web services']",0.26666666666666666
C# Developer- Dynamics CRM,"['.net', 'c#', 'dynamics']","['collaboration', 'communication', 'crm', 'design patterns', 'problem solving', 'project management', 'sql', 'time management', 'training']","['.net', 'c#', 'collaboration', 'communication', 'crm', 'design patterns', 'dynamics', 'problem solving', 'project management', 'sql', 'time management', 'training']",0.0
Project Coordinator,"['healthcare', 'microsoft project', 'ms', 'ms word', 'orange belt', 'project coordinator', 'project server']","['business analyst', 'consulting', 'healthcare', 'problem solving', 'project management']","['business analyst', 'consulting', 'healthcare', 'microsoft project', 'ms', 'ms word', 'orange belt', 'problem solving', 'project coordinator', 'project management', 'project server']",0.09090909090909091
Test Technician-Hardware/Software,['tech'],[],['tech'],0.0
Test Technician-Lab,['design verification test'],[],['design verification test'],0.0
Sales Account Manager,"['0 - 5 years experience. selling hardware', 'and large accounts a plus.', 'content service providers', 'software products & solutions into enterprise', 'verticals']","['business analyst', 'communication', 'presentation skills', 'sales', 'supply chain']","['0 - 5 years experience. selling hardware', 'and large accounts a plus.', 'business analyst', 'communication', 'content service providers', 'presentation skills', 'sales', 'software products & solutions into enterprise', 'supply chain', 'verticals']",0.0
Sales Engineer,"['5-8 years of work related experience', 'bs degree in technical field', 'customer centric mentality', 'deep technical background and understanding data center solutions', 'fluent english']","['business development', 'go', 'sales', 'supply chain']","['5-8 years of work related experience', 'bs degree in technical field', 'business development', 'customer centric mentality', 'deep technical background and understanding data center solutions', 'fluent english', 'go', 'sales', 'supply chain']",0.0
"Software Developer - Avaya @ Pittsburgh, PA","['pa', 'software developer - avaya @ pittsburgh']","['communication', 'oracledb', 'sql']","['communication', 'oracledb', 'pa', 'software developer - avaya @ pittsburgh', 'sql']",0.0
SAP QM,"['qm and pm experience', 'sap pp']","['communication', 'project management']","['communication', 'project management', 'qm and pm experience', 'sap pp']",0.0
Java with amazon webservices experience-Spanish,"['amazon webservices', 'j2ee', 'java', 'jdbc', 'spring', 'web application servers']",['java'],"['amazon webservices', 'j2ee', 'java', 'jdbc', 'spring', 'web application servers']",0.16666666666666666
MS Dynamics CRM Developer/Administrator,"['administration', 'dynamics crm']","['crm', 'sql']","['administration', 'crm', 'dynamics crm', 'sql']",0.0
MS Dynamics CRM Developer/Administrator,"['administration', 'dynamics crm']","['crm', 'sql']","['administration', 'crm', 'dynamics crm', 'sql']",0.0
Drupal developer,"['rds', 's3', 'sqs']","['aws', 'quality assurance']","['aws', 'quality assurance', 'rds', 's3', 'sqs']",0.0
BUSINESS DEVELOPMENT - SAP,"['business development', 'rfp', 'sales', 'sap', 'sow']","['consulting', 'lead generation', 'marketing', 'sales']","['business development', 'consulting', 'lead generation', 'marketing', 'rfp', 'sales', 'sap', 'sow']",0.125
16-05885 - OpenGL/C++ Developer,"['c++', 'opengl']",[],"['c++', 'opengl']",0.0
Security Testing Architect,['5+ years of cyber security architect experience with qa penetration testing'],"['penetration testing', 'quality assurance']","['5+ years of cyber security architect experience with qa penetration testing', 'penetration testing', 'quality assurance']",0.0
SDET Consultant(.Net),"['. net', 'git', 'sql', 'tfs']","['asp.net', 'c#', 'communication', 'git', 'sql', 'time management']","['. net', 'asp.net', 'c#', 'communication', 'git', 'sql', 'tfs', 'time management']",0.25
BI Developer (Technical Lead),"['bi (ssis', 'ssas)', 'ssrs']","['business intelligence', 'ssis']","['bi (ssis', 'business intelligence', 'ssas)', 'ssis', 'ssrs']",0.0
Verification Engineer - San Diego,"['pcie', 'sata', 'system verilog', 'vera']","['communication', 'problem solving', 'soc', 'teamwork']","['communication', 'pcie', 'problem solving', 'sata', 'soc', 'system verilog', 'teamwork', 'vera']",0.0
Windows Azure Consultant,"['azure site recovery', 'backups', 'clustering', 'load balancing and sql always on', 'site to site vpn.', 'virtual networking']","['azure', 'sql']","['azure', 'azure site recovery', 'backups', 'clustering', 'load balancing and sql always on', 'site to site vpn.', 'sql', 'virtual networking']",0.0
Senior Java Developer,"['css', 'html', 'java', 'javascript']","['angular', 'ansible', 'docker', 'java', 'javascript', 'jquery', 'junit', 'oracledb', 'owasp', 'sql']","['angular', 'ansible', 'css', 'docker', 'html', 'java', 'javascript', 'jquery', 'junit', 'oracledb', 'owasp', 'sql']",0.16666666666666666
Oracle RMB,['oracle revenue management and billing'],"['communication', 'oracledb']","['communication', 'oracle revenue management and billing', 'oracledb']",0.0
Pega Certified Sr System Architect @ Delaware,['pega certified sr system architect @ delaware'],[],['pega certified sr system architect @ delaware'],0.0
ERP Integration Manager,"['architecture', 'consulting', 'erp', 'lifecycle', 'management', 'manager', 'project', 'project management', 'sap', 'security', 'testing']","['communication', 'consulting', 'operations', 'project management', 'strategy', 'training']","['architecture', 'communication', 'consulting', 'erp', 'lifecycle', 'management', 'manager', 'operations', 'project', 'project management', 'sap', 'security', 'strategy', 'testing', 'training']",0.13333333333333333
Frontend Developer,"['angularjs', 'bootstrap', 'css3', 'html5', 'responsive ui design', 'spa']","['agile', 'bootstrap', 'communication', 'css', 'javascript']","['agile', 'angularjs', 'bootstrap', 'communication', 'css', 'css3', 'html5', 'javascript', 'responsive ui design', 'spa']",0.1
Datastage Developer,['datastage etl develop sql oracle'],"['datastage', 'etl', 'oracledb', 'sql']","['datastage', 'datastage etl develop sql oracle', 'etl', 'oracledb', 'sql']",0.0
NOC Analyst,"['5 + years noc experience', 'ccna or mcitp needed. vmware a plus', 'ms servers and cisco networks']","['communication', 'operations']","['5 + years noc experience', 'ccna or mcitp needed. vmware a plus', 'communication', 'ms servers and cisco networks', 'operations']",0.0
Electronics Technician - build/assembly/test,"['assembly', 'wiring and testing - build from components level of experience']",['training'],"['assembly', 'training', 'wiring and testing - build from components level of experience']",0.0
Human Resources Analyst,['human resources'],"['communication', 'go', 'human resources', 'negotiation', 'operations', 'problem solving', 'process improvement', 'project management', 'training']","['communication', 'go', 'human resources', 'negotiation', 'operations', 'problem solving', 'process improvement', 'project management', 'training']",0.1111111111111111
Portfolio Manager,"['clarity', 'portfolio management', 'sharepoint']","['communication', 'compliance', 'consulting', 'project management']","['clarity', 'communication', 'compliance', 'consulting', 'portfolio management', 'project management', 'sharepoint']",0.0
Argus Support Consultant,['argus'],['sql'],"['argus', 'sql']",0.0
JIRA Administrator,"['create custom projects', 'create queries', 'creating complex project workflows', 'dashboards', 'jira admin skills', 'perl scrpting', 'reports', 'set up production ready jira server', 'shell']","['agile', 'jira', 'perl', 'presentation skills', 'shell', 'strategy', 'training']","['agile', 'create custom projects', 'create queries', 'creating complex project workflows', 'dashboards', 'jira', 'jira admin skills', 'perl', 'perl scrpting', 'presentation skills', 'reports', 'set up production ready jira server', 'shell', 'strategy', 'training']",0.06666666666666667
6 Position- Salesforce Developer,['salesforce'],"['communication', 'crm', 'healthcare']","['communication', 'crm', 'healthcare', 'salesforce']",0.0
Digital Project Manager,"['interactive', 'offline direct marketing', 'online', 'print advertising', 'vendor management']","['advertising', 'business intelligence', 'campaign management', 'communication', 'marketing', 'project management', 'vendor management']","['advertising', 'business intelligence', 'campaign management', 'communication', 'interactive', 'marketing', 'offline direct marketing', 'online', 'print advertising', 'project management', 'vendor management']",0.09090909090909091
Oracle Developer,"['data modeling', 'etl datastage', 'oracle odi', 'oracle pl', 'sql']","['agile', 'communication', 'datastage', 'etl', 'finance', 'linux', 'oracledb', 'scrum', 'shell', 'sql']","['agile', 'communication', 'data modeling', 'datastage', 'etl', 'etl datastage', 'finance', 'linux', 'oracle odi', 'oracle pl', 'oracledb', 'scrum', 'shell', 'sql']",0.07142857142857142
Desktop technician,"['adobe', 'as400', 'hardware', 'manager', 'ms office', 'switches', 'technician', 'windows', 'windows 7']","['operations', 'strategy', 'teamwork']","['adobe', 'as400', 'hardware', 'manager', 'ms office', 'operations', 'strategy', 'switches', 'teamwork', 'technician', 'windows', 'windows 7']",0.0
Telecom-Contract Execution Mgmt.,"['ecp', 'management', 'technician', 'telecom']",[],"['ecp', 'management', 'technician', 'telecom']",0.0
Data Analyst,"['analysis', 'analyst', 'excel', 'powerpoint', 'sales']","['sales', 'tableau']","['analysis', 'analyst', 'excel', 'powerpoint', 'sales', 'tableau']",0.16666666666666666
SSRS Developer-4 positions,['immediate placement assured-ssrs reports developer from insurance domain'],"['go', 'sql']","['go', 'immediate placement assured-ssrs reports developer from insurance domain', 'sql']",0.0
Treasury Applications SME,['treasury applications'],"['accounting', 'risk management']","['accounting', 'risk management', 'treasury applications']",0.0
PHP Developer (Lead),"['jquery', 'lamp stack', 'mvc framework', 'php']","['communication', 'go', 'html', 'javascript', 'jquery', 'leadership', 'linux', 'mentoring', 'mysql', 'php', 'problem solving', 'sql', 'training']","['communication', 'go', 'html', 'javascript', 'jquery', 'lamp stack', 'leadership', 'linux', 'mentoring', 'mvc framework', 'mysql', 'php', 'problem solving', 'sql', 'training']",0.13333333333333333
Software Developer-Telematics,"['c++', 'java android', 'mobile']","['android', 'swift']","['android', 'c++', 'java android', 'mobile', 'swift']",0.0
Physical Design Engineer,['tapeout p&r timing closure rtl gdsii'],"['perl', 'r']","['perl', 'r', 'tapeout p&r timing closure rtl gdsii']",0.0
Mainframe Developer,"['cics', 'cobol', 'db2', 'enrollment', 'health insurance', 'ims', 'jcl', 'sql']",['communication'],"['cics', 'cobol', 'communication', 'db2', 'enrollment', 'health insurance', 'ims', 'jcl', 'sql']",0.0
Mobile Developer,['telerik'],"['android', 'ios', 'javascript']","['android', 'ios', 'javascript', 'telerik']",0.0
Desktop Support (Apple),"['desktop support', 'mac os x directory services integration', 'unix']","['collaboration', 'operations', 'oracledb', 'photoshop', 'shell']","['collaboration', 'desktop support', 'mac os x directory services integration', 'operations', 'oracledb', 'photoshop', 'shell', 'unix']",0.0
Project Manager IV,['project manager'],"['communication', 'consulting', 'leadership', 'negotiation', 'problem solving', 'project management']","['communication', 'consulting', 'leadership', 'negotiation', 'problem solving', 'project management', 'project manager']",0.0
"Sr. ABAP EDI Contractor - Santa Clara, CA","['3 ecc 6.0 (sd', 'abap objects', 'adobefo', 'badis', 'bapis', 'edi', 'fi) and gts', 'idocs', 'lsmw', 'mm', 'sap abap programming and strong knowledge of sap data model', 'sap r', 'sapscript', 'smartforms', 'user-exits', 'web dynpro']","['go', 'leadership', 'r', 'training']","['3 ecc 6.0 (sd', 'abap objects', 'adobefo', 'badis', 'bapis', 'edi', 'fi) and gts', 'go', 'idocs', 'leadership', 'lsmw', 'mm', 'r', 'sap abap programming and strong knowledge of sap data model', 'sap r', 'sapscript', 'smartforms', 'training', 'user-exits', 'web dynpro']",0.0
.NET developer,"['.net', 'c#', 'html5', 'javascript', 'vbscript', 'visual basic']",['asp.net'],"['.net', 'asp.net', 'c#', 'html5', 'javascript', 'vbscript', 'visual basic']",0.0
DMZ Engineer,['dmz'],[],['dmz'],0.0
Senior Java Developer,['java c# agile development big data hadoop'],"['agile', 'hadoop', 'hive', 'java', 'pig', 'python', 'spark']","['agile', 'hadoop', 'hive', 'java', 'java c# agile development big data hadoop', 'pig', 'python', 'spark']",0.0
SAP Canada Payroll - Lead Consultant,['sap canada payroll - lead consultant'],"['c++', 'consulting', 'payroll', 'regulatory']","['c++', 'consulting', 'payroll', 'regulatory', 'sap canada payroll - lead consultant']",0.0
Oracle/PeopleSoft Infrastructure/DBA Architect,['peoplesoft oracle hcm dba erp'],['oracledb'],"['oracledb', 'peoplesoft oracle hcm dba erp']",0.0
Test Lead - (Oracle EBS R12),['(qa) and (oracle) and (manual) and (automation) and (r12)'],"['accounting', 'agile', 'business analyst', 'communication', 'oracledb', 'problem solving', 'procurement', 'quality assurance', 'sql']","['(qa) and (oracle) and (manual) and (automation) and (r12)', 'accounting', 'agile', 'business analyst', 'communication', 'oracledb', 'problem solving', 'procurement', 'quality assurance', 'sql']",0.0
System Administrator - Window Domain Administrator,"['2003', '2008 r2 active directory support', '5 years active directory administration at window 2008 r2', 'large production environment', 'pki', 'window clustering']","['time management', 'training']","['2003', '2008 r2 active directory support', '5 years active directory administration at window 2008 r2', 'large production environment', 'pki', 'time management', 'training', 'window clustering']",0.0
LOS Replacement Project Training Manager,"['camtasia', 'capitvate', 'design', 'development', 'financial training', 'implementation', 'lending operations', 'loan origination', 'los replacement project training manager']","['communication', 'instructional design', 'operations', 'presentation skills', 'program management', 'regulatory', 'strategy', 'training']","['camtasia', 'capitvate', 'communication', 'design', 'development', 'financial training', 'implementation', 'instructional design', 'lending operations', 'loan origination', 'los replacement project training manager', 'operations', 'presentation skills', 'program management', 'regulatory', 'strategy', 'training']",0.0
Node Software Engineer,['node.js'],"['communication', 'git', 'javascript', 'linux', 'mongodb', 'node.js']","['communication', 'git', 'javascript', 'linux', 'mongodb', 'node.js']",0.16666666666666666
SAS admin,['sas admin'],"['communication', 'presentation skills', 'shell', 'sql', 'stakeholder management']","['communication', 'presentation skills', 'sas admin', 'shell', 'sql', 'stakeholder management']",0.0
SOA-Service Virtualization Test Lead-OR,"['rest', 'service virtualization', 'soa', 'soap', 'soap ui', 'tools preferably ca lisa', 'web services testing', 'wsdl']","['ios', 'ui design']","['ios', 'rest', 'service virtualization', 'soa', 'soap', 'soap ui', 'tools preferably ca lisa', 'ui design', 'web services testing', 'wsdl']",0.0
"MSTR Developer FTE Multiple positions @ SFO, CA | NY | NJ | KY","['ca', 'ky', 'mstr developer fte multiple positions @ sfo', 'nj', 'ny']",[],"['ca', 'ky', 'mstr developer fte multiple positions @ sfo', 'nj', 'ny']",0.0
iOS Developer Lead,"['css3', 'html5', 'hybrid application architecture', 'ios development', 'jquery mobile']","['agile', 'communication', 'ios', 'jquery', 'swift', 'ui design']","['agile', 'communication', 'css3', 'html5', 'hybrid application architecture', 'ios', 'ios development', 'jquery', 'jquery mobile', 'swift', 'ui design']",0.0
Sitecore Architect,"['asp.net', 'c# and sitecore']","['asp.net', 'crm', 'distribution']","['asp.net', 'c# and sitecore', 'crm', 'distribution']",0.25
SAP Basis Lead consultant,['sap basis'],"['business intelligence', 'leadership', 'strategy']","['business intelligence', 'leadership', 'sap basis', 'strategy']",0.0
Oracle APPS O2C (Order to cash) Techno functional lead,['oracle apps ebs r12 o2c'],"['communication', 'finance', 'oracledb', 'sql', 'supply chain', 'training']","['communication', 'finance', 'oracle apps ebs r12 o2c', 'oracledb', 'sql', 'supply chain', 'training']",0.0
Production Support Project Manager,"['j2ee', 'java', 'pmp', 'production support', 'project manager']","['communication', 'consulting', 'human resources', 'inventory management', 'java', 'operations', 'problem solving', 'quality assurance', 'risk management', 'strategy']","['communication', 'consulting', 'human resources', 'inventory management', 'j2ee', 'java', 'operations', 'pmp', 'problem solving', 'production support', 'project manager', 'quality assurance', 'risk management', 'strategy']",0.07142857142857142
ETL Developer - Qlikview,"['c2h w2', 'full time']","['etl', 'go', 'healthcare', 'oracledb', 'qlikview', 'sql']","['c2h w2', 'etl', 'full time', 'go', 'healthcare', 'oracledb', 'qlikview', 'sql']",0.0
AWS Cloud Engineer,"['aws cloud architecture', 'design']","['aws', 'presentation skills']","['aws', 'aws cloud architecture', 'design', 'presentation skills']",0.0
Java Developer,"['core java', 'hibernate', 'json', 'jsp', 'mvc', 'rest', 'soap', 'spring', 'struts']","['agile', 'business analyst', 'java', 'linux', 'splunk', 'sql']","['agile', 'business analyst', 'core java', 'hibernate', 'java', 'json', 'jsp', 'linux', 'mvc', 'rest', 'soap', 'splunk', 'spring', 'sql', 'struts']",0.0
Workforce Management - Solution Engineer - USDC,"['analysis', 'consulting', 'excel', 'html', 'http', 'kronos', 'lifecycle', 'management', 'project', 'recruiter', 'research', 'specification', 'testing']","['advisory', 'consulting', 'go', 'human resources', 'leadership', 'legal', 'payroll', 'problem solving', 'strategy', 'training']","['advisory', 'analysis', 'consulting', 'excel', 'go', 'html', 'http', 'human resources', 'kronos', 'leadership', 'legal', 'lifecycle', 'management', 'payroll', 'problem solving', 'project', 'recruiter', 'research', 'specification', 'strategy', 'testing', 'training']",0.045454545454545456
Sr. Web UI Software Engineer - NO Corp2Corp,"['angular', 'css3', 'html5', 'javascript', 'svg graphics and svg libraries']","['angular', 'communication', 'consulting', 'javascript', 'leadership', 'linux', 'training', 'ui design']","['angular', 'communication', 'consulting', 'css3', 'html5', 'javascript', 'leadership', 'linux', 'svg graphics and svg libraries', 'training', 'ui design']",0.18181818181818182
Solutions Designer,"['documenting', 'process', 'product', 'requirements']","['communication', 'quality assurance', 'social media', 'teamwork']","['communication', 'documenting', 'process', 'product', 'quality assurance', 'requirements', 'social media', 'teamwork']",0.0
DB2 DBA (MAINFRAME Z/OS),"['db2', 'db2 installation', 'dba', 'e', 'smp']",['oracledb'],"['db2', 'db2 installation', 'dba', 'e', 'oracledb', 'smp']",0.0
Systems Analyst (Micro Strategy),"[""5+ years' experience with intelligence server configuration settings"", 'microstrategy 9.x']","['communication', 'mentoring']","[""5+ years' experience with intelligence server configuration settings"", 'communication', 'mentoring', 'microstrategy 9.x']",0.0
Product Manager,"['agile', 'mobile applications', 'sdlc']","['agile', 'jira', 'leadership', 'product manager', 'product owner']","['agile', 'jira', 'leadership', 'mobile applications', 'product manager', 'product owner', 'sdlc']",0.14285714285714285
Big Data Cloud Staff Engineer - WA,"['big data cloud', 'c#', 'c++', 'coding', 'iaas', 'java', 'paas', 'python', 'ruby', 'saas']","['aws', 'azure', 'collaboration', 'communication', 'consulting', 'go', 'hadoop', 'hive', 'java', 'machine learning', 'problem solving', 'python', 'ruby', 'spark', 'training']","['aws', 'azure', 'big data cloud', 'c#', 'c++', 'coding', 'collaboration', 'communication', 'consulting', 'go', 'hadoop', 'hive', 'iaas', 'java', 'machine learning', 'paas', 'problem solving', 'python', 'ruby', 'saas', 'spark', 'training']",0.13636363636363635
IT Help Desk Technician (Level 2 Support),"['citrix', 'ethernet', 'help desk', 'lan', 'level 2 support', 'wan', 'windows']",['business analyst'],"['business analyst', 'citrix', 'ethernet', 'help desk', 'lan', 'level 2 support', 'wan', 'windows']",0.0
Solution Architect,"['benchmarking.', 'fiber channel san storage', 'ms sql server']","['communication', 'consulting', 'sql']","['benchmarking.', 'communication', 'consulting', 'fiber channel san storage', 'ms sql server', 'sql']",0.0
Entry Level Software Developer,['python'],"['agile', 'communication', 'java', 'mysql', 'sql', 'training']","['agile', 'communication', 'java', 'mysql', 'python', 'sql', 'training']",0.0
IT Global Security Authentication Lead,"['active directory', 'global exp includes -msft pki', 'saas protocols -saml', 'spnego', 'sso']",['strategy'],"['active directory', 'global exp includes -msft pki', 'saas protocols -saml', 'spnego', 'sso', 'strategy']",0.0
Java Architect,"['core java', 'java architect', 'rest services & documentation', 'spring']","['angular', 'devops', 'java', 'javascript']","['angular', 'core java', 'devops', 'java', 'java architect', 'javascript', 'rest services & documentation', 'spring']",0.0
SENIOR MAINFRAME HARDWARE STORAGE ENGINEER,"['gdps', 'global mirroring', 'hardware', 'hiper swap', 'mainframe', 'metro mirror', 'storage']",[],"['gdps', 'global mirroring', 'hardware', 'hiper swap', 'mainframe', 'metro mirror', 'storage']",0.0
IT Business Analyst (No CORP2CORP),['business analyst'],"['communication', 'critical thinking', 'presentation skills', 'problem solving', 'time management', 'training']","['business analyst', 'communication', 'critical thinking', 'presentation skills', 'problem solving', 'time management', 'training']",0.0
Senior SAP PP-PI & QM Functional Lead,"['mm', 'mps', 'pp-pi', 'qm', 'sap ecc 6.0', 'scm 7.03', 'wm & mrp']","['consulting', 'quality assurance']","['consulting', 'mm', 'mps', 'pp-pi', 'qm', 'quality assurance', 'sap ecc 6.0', 'scm 7.03', 'wm & mrp']",0.0
"Looking for Senior Java Developer - Warren, NJ","['cassandra and mariadb', 'j2ee', 'java', 'mongodb', 'mvc']","['aws', 'cassandra', 'css', 'design patterns', 'html', 'java', 'javascript', 'mongodb', 'problem solving']","['aws', 'cassandra', 'cassandra and mariadb', 'css', 'design patterns', 'html', 'j2ee', 'java', 'javascript', 'mongodb', 'mvc', 'problem solving']",0.16666666666666666
Senior Systems Engineer VMware SCCM,['sccm 2007 vmware vsphere 10+ years server and os administration powershell'],"['communication', 'consulting', 'operations', 'project management', 'training']","['communication', 'consulting', 'operations', 'project management', 'sccm 2007 vmware vsphere 10+ years server and os administration powershell', 'training']",0.0
Data Architect,"['amazon web services', 'big data & hadoop', 'cloud computing', 'data engineering', 'data warehouse design', 'database architecture', 'etl', 'google cloud', 'master data mgmt']","['aws', 'bigquery', 'etl', 'forecasting', 'hadoop', 'hive', 'linux', 'redshift', 'spark', 'sql']","['amazon web services', 'aws', 'big data & hadoop', 'bigquery', 'cloud computing', 'data engineering', 'data warehouse design', 'database architecture', 'etl', 'forecasting', 'google cloud', 'hadoop', 'hive', 'linux', 'master data mgmt', 'redshift', 'spark', 'sql']",0.05555555555555555
Senior front end developer,['senior front end web developer'],['ux design'],"['senior front end web developer', 'ux design']",0.0
Microstrategy Architect,"['architect', 'dw and bi concepts', 'informatica', 'metadata.', 'microstrategy', 'sql']","['business intelligence', 'human resources', 'informatica', 'sql']","['architect', 'business intelligence', 'dw and bi concepts', 'human resources', 'informatica', 'metadata.', 'microstrategy', 'sql']",0.25
Dynamics CRM Developer,"['.net', 'dynamics crm', 'ms dynamics']","['agile', 'asp.net', 'communication', 'crm', 'css', 'html', 'javascript', 'jquery', 'problem solving', 'sql']","['.net', 'agile', 'asp.net', 'communication', 'crm', 'css', 'dynamics crm', 'html', 'javascript', 'jquery', 'ms dynamics', 'problem solving', 'sql']",0.0
SAP SuccessFactors - Senior Manager,"['consulting', 'development', 'excel', 'html', 'http', 'manager', 'powerpoint', 'project', 'recruiter', 'research', 'sales', 'sap']","['advisory', 'consulting', 'go', 'human resources', 'leadership', 'legal', 'mentoring', 'sales', 'strategy', 'training']","['advisory', 'consulting', 'development', 'excel', 'go', 'html', 'http', 'human resources', 'leadership', 'legal', 'manager', 'mentoring', 'powerpoint', 'project', 'recruiter', 'research', 'sales', 'sap', 'strategy', 'training']",0.1
SAP PM - Consultant (Suplly Chain Capability),"['ariba', 'consulting', 'crm', 'development', 'excel', 'html', 'http', 'lifecycle', 'management', 'recruiter', 'research', 'sap', 'supply chain', 'testing']","['advisory', 'collaboration', 'consulting', 'crm', 'finance', 'human resources', 'leadership', 'legal', 'procurement', 'project management', 'strategy', 'supply chain', 'training']","['advisory', 'ariba', 'collaboration', 'consulting', 'crm', 'development', 'excel', 'finance', 'html', 'http', 'human resources', 'leadership', 'legal', 'lifecycle', 'management', 'procurement', 'project management', 'recruiter', 'research', 'sap', 'strategy', 'supply chain', 'testing', 'training']",0.125
"Payment Processor Job in Irving, TX","['payment processor job in irving', 'tx']","['accounting', 'communication']","['accounting', 'communication', 'payment processor job in irving', 'tx']",0.0
HR Transformation Senior Manager- Oracle HCM Cloud (Fusion HR),"['consulting', 'excel', 'manager', 'oracledb', 'peoplesoft', 'powerpoint', 'project', 'sales', 'sap']","['advisory', 'communication', 'consulting', 'human resources', 'legal', 'oracledb', 'sales', 'strategy', 'training']","['advisory', 'communication', 'consulting', 'excel', 'human resources', 'legal', 'manager', 'oracledb', 'peoplesoft', 'powerpoint', 'project', 'sales', 'sap', 'strategy', 'training']",0.2
HR Transformation Consultant- Oracle HCM Cloud (Fusion HR),"['consulting', 'excel', 'oracledb', 'peoplesoft', 'powerpoint', 'sap']","['advisory', 'communication', 'consulting', 'human resources', 'legal', 'oracledb', 'strategy', 'training']","['advisory', 'communication', 'consulting', 'excel', 'human resources', 'legal', 'oracledb', 'peoplesoft', 'powerpoint', 'sap', 'strategy', 'training']",0.16666666666666666
Senior Statistician - (Prevention) Trust & Safety,"['analysis', 'analyst', 'database', 'development', 'http', 'metrics', 'modeling', 'python', 'sql', 'testing']","['logistics', 'medical', 'python', 'r', 'sql', 'teamwork']","['analysis', 'analyst', 'database', 'development', 'http', 'logistics', 'medical', 'metrics', 'modeling', 'python', 'r', 'sql', 'teamwork', 'testing']",0.14285714285714285
SALESFORCE.COM APPLICATIONS MANAGER,['salesforce administration'],"['accounting', 'crm', 'operations', 'project management', 'sales', 'strategy', 'supply chain', 'training']","['accounting', 'crm', 'operations', 'project management', 'sales', 'salesforce administration', 'strategy', 'supply chain', 'training']",0.0
Infrastructure Analyst,"['acd', 'avaya', 'crm', 'ivr', 'sip', 'wfm']","['communication', 'compliance', 'crm', 'express', 'forecasting', 'operations', 'project management', 'training']","['acd', 'avaya', 'communication', 'compliance', 'crm', 'express', 'forecasting', 'ivr', 'operations', 'project management', 'sip', 'training', 'wfm']",0.07692307692307693
Networking Engineering F5 Load Balancers - F31477D*,['networking'],[],['networking'],0.0
Ping Federate Admin,"['ping access and ping id', 'ping federate', 'saml', 'sso']",[],"['ping access and ping id', 'ping federate', 'saml', 'sso']",0.0
Workday Functional Sr Consultant - Sr Solution Engineer - USDC,"['analyst', 'consulting', 'development', 'excel', 'http', 'lifecycle', 'management', 'oracledb', 'powerpoint', 'project', 'sap', 'testing']","['advisory', 'communication', 'consulting', 'go', 'human resources', 'leadership', 'legal', 'management consulting', 'operations', 'oracledb', 'presentation skills', 'problem solving', 'strategy', 'teamwork', 'training']","['advisory', 'analyst', 'communication', 'consulting', 'development', 'excel', 'go', 'http', 'human resources', 'leadership', 'legal', 'lifecycle', 'management', 'management consulting', 'operations', 'oracledb', 'powerpoint', 'presentation skills', 'problem solving', 'project', 'sap', 'strategy', 'teamwork', 'testing', 'training']",0.08
.NET Software Developer,"['.net', 'angularjs', 'bootstrap', 'c#', 'full stack', 'html5', 'microsoft visual studio', 'my sql', 'perl', 'sql']","['agile', 'asp.net', 'azure', 'bootstrap', 'git', 'go', 'jira', 'jquery', 'leadership', 'linux', 'medical', 'perl', 'sql', 'training']","['.net', 'agile', 'angularjs', 'asp.net', 'azure', 'bootstrap', 'c#', 'full stack', 'git', 'go', 'html5', 'jira', 'jquery', 'leadership', 'linux', 'medical', 'microsoft visual studio', 'my sql', 'perl', 'sql', 'training']",0.14285714285714285
Web Dynpro Developer,"['abap', 'web dynpro developer']",[],"['abap', 'web dynpro developer']",0.0
Mobile Engineer - Rider Growth,"['android', 'http', 'ios', 'metrics', 'networks', 'testing']","['android', 'ios', 'medical', 'strategy']","['android', 'http', 'ios', 'medical', 'metrics', 'networks', 'strategy', 'testing']",0.25
INFORMATICA MDM Lead Developer/Architect (HOT !!),"['etl developer data warehouse etl source target integration', 'hub', 'idq', 'informatica architect', 'informatica mdm', 'informatica mdm lead developer', 'master', 'master data management']","['etl', 'informatica', 'leadership', 'operations', 'quality assurance', 'risk management']","['etl', 'etl developer data warehouse etl source target integration', 'hub', 'idq', 'informatica', 'informatica architect', 'informatica mdm', 'informatica mdm lead developer', 'leadership', 'master', 'master data management', 'operations', 'quality assurance', 'risk management']",0.0
Multiple IT openings,['multiple openings'],"['business intelligence', 'java', 'oracledb', 'process improvement', 'python', 'sql']","['business intelligence', 'java', 'multiple openings', 'oracledb', 'process improvement', 'python', 'sql']",0.0
WPF FrontEnd Developer,"['c#', 'experience', 'fixed income', 'wpf prism rx p4 yaml financial knowledge']","['agile', 'communication', 'finance', 'sales']","['agile', 'c#', 'communication', 'experience', 'finance', 'fixed income', 'sales', 'wpf prism rx p4 yaml financial knowledge']",0.0
Sr Linux Administrator,"['certifications', 'linux', 'rhel', 'suse']","['compliance', 'devops', 'linux', 'puppet']","['certifications', 'compliance', 'devops', 'linux', 'puppet', 'rhel', 'suse']",0.14285714285714285
Sr Infrastructure Project Manager,"['certifications', 'linux', 'rhel', 'suse']","['ansible', 'devops', 'linux', 'puppet']","['ansible', 'certifications', 'devops', 'linux', 'puppet', 'rhel', 'suse']",0.14285714285714285
Software Engineer - Stability Platform,"['http', 'java', 'jenkins', 'software engineer', 'testing']","['ci/cd', 'java', 'jenkins', 'logistics', 'software engineering']","['ci/cd', 'http', 'java', 'jenkins', 'logistics', 'software engineer', 'software engineering', 'testing']",0.25
Lab validation engineer,"['camera', 'lab validation', 'tec']",['r'],"['camera', 'lab validation', 'r', 'tec']",0.0
Senior Software Engineer,"['java', 'oop', 'saas', 'soa', 'unix']","['communication', 'design patterns', 'java', 'oop', 'problem solving', 'teamwork', 'time management']","['communication', 'design patterns', 'java', 'oop', 'problem solving', 'saas', 'soa', 'teamwork', 'time management', 'unix']",0.2
Technical Support,"['application support', 'computer networking', 'customer support', 'javascript', 'json', 'linux', 't-sql', 'technical support', 'troubleshooting', 'unix', 'windows server', 'xml']","['communication', 'javascript']","['application support', 'communication', 'computer networking', 'customer support', 'javascript', 'json', 'linux', 't-sql', 'technical support', 'troubleshooting', 'unix', 'windows server', 'xml']",0.07692307692307693
Sr. .Net/Sitecore Developer,"['asp.net', 'c# orvb.ne', 'sitecore']","['asp.net', 'css', 'html', 'javascript', 'sql']","['asp.net', 'c# orvb.ne', 'css', 'html', 'javascript', 'sitecore', 'sql']",0.14285714285714285
.Net Developer,"['.net', 'asp.net', 'c#', 'sql', 'vb.net']","['asp.net', 'css', 'etl', 'human resources', 'javascript', 'oracledb', 'sql']","['.net', 'asp.net', 'c#', 'css', 'etl', 'human resources', 'javascript', 'oracledb', 'sql', 'vb.net']",0.2
.NET Developer (HOT !! / MULTIPLE POSITIONS),"['.net developer', '.net programmer', 'angular.js', 'asp.net', 'backbone.js', 'c#', 'javascript frameworks', 'mvc', 'nunit', 'restful web services', 'test driven development (tdd)', 'web api', 'web developer']","['angular', 'asp.net', 'communication', 'javascript', 'leadership', 'operations', 'oracledb', 'problem solving', 'sql']","['.net developer', '.net programmer', 'angular', 'angular.js', 'asp.net', 'backbone.js', 'c#', 'communication', 'javascript', 'javascript frameworks', 'leadership', 'mvc', 'nunit', 'operations', 'oracledb', 'problem solving', 'restful web services', 'sql', 'test driven development (tdd)', 'web api', 'web developer']",0.047619047619047616
".Net Developer, WPF, WCF, Financial","['.net', 'c#', 'financial background', 'wcf', 'wpf']",['sql'],"['.net', 'c#', 'financial background', 'sql', 'wcf', 'wpf']",0.0
.Net ProductionTechnical Lead Right to Hire Core JAva Required,['(.net over 2 year(s) or c# over 2 year(s) ) and(lead over 1 year(s) or manage over 1 year(s) ) and(javascript or xml or xsl or html or css ) and(integration )'],"['agile', 'consulting', 'css', 'healthcare', 'html', 'javascript', 'strategy']","['(.net over 2 year(s) or c# over 2 year(s) ) and(lead over 1 year(s) or manage over 1 year(s) ) and(javascript or xml or xsl or html or css ) and(integration )', 'agile', 'consulting', 'css', 'healthcare', 'html', 'javascript', 'strategy']",0.0
.NET with Cold Fusion,"['.net with cold fusion', 'mvc']","['asp.net', 'communication', 'oracledb', 'sql']","['.net with cold fusion', 'asp.net', 'communication', 'mvc', 'oracledb', 'sql']",0.0
Senior .Net Software Engineer,"['.net', 'c#', 'sql']","['agile', 'angular', 'asp.net', 'bootstrap', 'communication', 'css', 'html', 'javascript', 'jquery', 'marketing', 'recruitment', 'sql']","['.net', 'agile', 'angular', 'asp.net', 'bootstrap', 'c#', 'communication', 'css', 'html', 'javascript', 'jquery', 'marketing', 'recruitment', 'sql']",0.07142857142857142
Front End Developer with Java Backend,"['css3 exp & rdbms experience', 'javascript', 'strong angularjs experience', 'strong html5']","['communication', 'finance', 'java', 'javascript']","['communication', 'css3 exp & rdbms experience', 'finance', 'java', 'javascript', 'strong angularjs experience', 'strong html5']",0.14285714285714285
Magento Engineer,"['custom modules and themes', 'eav', 'magento', 'magentos theme system', 'wordpress']","['communication', 'linux', 'mysql', 'php']","['communication', 'custom modules and themes', 'eav', 'linux', 'magento', 'magentos theme system', 'mysql', 'php', 'wordpress']",0.0
Business Analyst - Identity and Access Management - Cloud Application,"['business analyst', 'cloud', 'iaas', 'identity management', 'paas']","['business analyst', 'communication', 'iam', 'jira', 'leadership', 'onboarding', 'presentation skills', 'regulatory', 'stakeholder management', 'strategy', 'tableau']","['business analyst', 'cloud', 'communication', 'iaas', 'iam', 'identity management', 'jira', 'leadership', 'onboarding', 'paas', 'presentation skills', 'regulatory', 'stakeholder management', 'strategy', 'tableau']",0.06666666666666667
Enterprise BU - Android Developer,"['bb10)', 'css', 'groovy', 'html 5', 'http', 'json', 'mobile', 'mobile development experience', 'mobile platforms a plus (ios', 'scripting', 'syncml', 'windows phone', 'xml']","['agile', 'android', 'communication', 'css', 'html', 'ios', 'java', 'javascript', 'mentoring', 'problem solving', 'python', 'ruby', 'shell', 'software engineering', 'ui design']","['agile', 'android', 'bb10)', 'communication', 'css', 'groovy', 'html', 'html 5', 'http', 'ios', 'java', 'javascript', 'json', 'mentoring', 'mobile', 'mobile development experience', 'mobile platforms a plus (ios', 'problem solving', 'python', 'ruby', 'scripting', 'shell', 'software engineering', 'syncml', 'ui design', 'windows phone', 'xml']",0.037037037037037035
iOS Software Architect,"['full mobile development life cycle', 'ios applications', 'scrum agile process']","['agile', 'communication', 'ios', 'objective-c', 'scrum', 'swift', 'ui design']","['agile', 'communication', 'full mobile development life cycle', 'ios', 'ios applications', 'objective-c', 'scrum', 'scrum agile process', 'swift', 'ui design']",0.0
Enterprise Architect,"['& techn domains', 'bs in appl env', 'business analyst', 'dodaf', 'indepth appl arch', 'netwk and adv techn', 'togaf']","['business strategy', 'communication', 'leadership', 'operations', 'program management', 'strategy']","['& techn domains', 'bs in appl env', 'business analyst', 'business strategy', 'communication', 'dodaf', 'indepth appl arch', 'leadership', 'netwk and adv techn', 'operations', 'program management', 'strategy', 'togaf']",0.0
Java Developer,"['exposure to angularjs', 'ext js etc..', 'java j2e', 'mybatis(soap', 'rest)', 'spring framework', 'struts', 'webservices']","['agile', 'communication', 'design patterns', 'git', 'html', 'java', 'javascript', 'jenkins', 'jira', 'problem solving', 'scrum', 'sql', 'teamwork', 'time management']","['agile', 'communication', 'design patterns', 'exposure to angularjs', 'ext js etc..', 'git', 'html', 'java', 'java j2e', 'javascript', 'jenkins', 'jira', 'mybatis(soap', 'problem solving', 'rest)', 'scrum', 'spring framework', 'sql', 'struts', 'teamwork', 'time management', 'webservices']",0.0
"Sr Java Developer with AngularJS, NodeJS(Right to hire/Client cannot Transfer/sponsor Visa)","['angular', 'angularjs', 'api', 'api development', 'backend', 'full stack', 'j2ee', 'java', 'javascript', 'meteor.js', 'mongodb', 'node.js', 'rest', 'restful', 'sql', 'web']","['angular', 'bootstrap', 'css', 'docker', 'git', 'html', 'javascript', 'jira', 'linux', 'meteor', 'mongodb', 'node.js', 'sql']","['angular', 'angularjs', 'api', 'api development', 'backend', 'bootstrap', 'css', 'docker', 'full stack', 'git', 'html', 'j2ee', 'java', 'javascript', 'jira', 'linux', 'meteor', 'meteor.js', 'mongodb', 'node.js', 'rest', 'restful', 'sql', 'web']",0.20833333333333334
.Net Developer (Right to hire/Client cannot Transfer/sponsor Visa),"['.net', 'angular.js', 'angularjs', 'api', 'c#', 'dot net', 'front end', 'full stack', 'mongodb', 'scala', 'ui design', 'web']","['angular', 'bootstrap', 'business analyst', 'css', 'docker', 'git', 'html', 'javascript', 'jira', 'linux', 'meteor', 'mongodb', 'node.js', 'sql']","['.net', 'angular', 'angular.js', 'angularjs', 'api', 'bootstrap', 'business analyst', 'c#', 'css', 'docker', 'dot net', 'front end', 'full stack', 'git', 'html', 'javascript', 'jira', 'linux', 'meteor', 'mongodb', 'node.js', 'scala', 'sql', 'ui design', 'web']",0.04
Big Data Engineer with Java,"['hadoop eco system', 'java', 'kafka', 'rest api', 'spark', 'webservices']","['hadoop', 'java', 'javascript', 'kafka', 'spark', 'ui design', 'ux design']","['hadoop', 'hadoop eco system', 'java', 'javascript', 'kafka', 'rest api', 'spark', 'ui design', 'ux design', 'webservices']",0.3
IT PM (Junior/Mid level),"['ms project', 'waterfall methodologies']",['project management'],"['ms project', 'project management', 'waterfall methodologies']",0.0
Systems Analyst with Apex Systems,"['agile', 'alm', 'rally', 'scrum', 'systems analysis']","['agile', 'communication', 'healthcare', 'java', 'product owner', 'quality assurance', 'scrum', 'scrum master', 'training']","['agile', 'alm', 'communication', 'healthcare', 'java', 'product owner', 'quality assurance', 'rally', 'scrum', 'scrum master', 'systems analysis', 'training']",0.16666666666666666
".Net Developers/Leads in Hartford, CT","['.net', 'develop', 'esd', 'etl', 'lead', 'microsoft', 'rest', 'soap']","['asp.net', 'communication', 'design patterns', 'etl', 'jquery', 'oracledb', 'sql', 'training']","['.net', 'asp.net', 'communication', 'design patterns', 'develop', 'esd', 'etl', 'jquery', 'lead', 'microsoft', 'oracledb', 'rest', 'soap', 'sql', 'training']",0.06666666666666667
Software Developer (XML & Scripting),"['linux', 'script', 'scripting', 'software development', 'xml']","['bash', 'consulting', 'java', 'linux', 'management consulting', 'mysql', 'shell', 'sql']","['bash', 'consulting', 'java', 'linux', 'management consulting', 'mysql', 'script', 'scripting', 'shell', 'software development', 'sql', 'xml']",0.08333333333333333
Peoplesoft ePerformance Functional Lead,['functional peoplesoft recruiting and eperformance lead'],"['advisory', 'collaboration', 'communication', 'critical thinking', 'healthcare', 'jira', 'negotiation', 'photoshop', 'problem solving', 'sql', 'talent acquisition']","['advisory', 'collaboration', 'communication', 'critical thinking', 'functional peoplesoft recruiting and eperformance lead', 'healthcare', 'jira', 'negotiation', 'photoshop', 'problem solving', 'sql', 'talent acquisition']",0.0
PMO Technical Tools Developer,['pmo technical tools developer'],"['css', 'html', 'java', 'javascript', 'jira', 'mysql', 'problem solving', 'sql', 'training']","['css', 'html', 'java', 'javascript', 'jira', 'mysql', 'pmo technical tools developer', 'problem solving', 'sql', 'training']",0.0
Big Data Analyst,"['linux', 'oracledb', 'pl', 'rac', 'sql', 'unix']","['business analyst', 'finance', 'leadership', 'market research', 'operations', 'sql', 'tableau']","['business analyst', 'finance', 'leadership', 'linux', 'market research', 'operations', 'oracledb', 'pl', 'rac', 'sql', 'tableau', 'unix']",0.08333333333333333
ServiceNow Developer (CTH),"['developer', 'development', 'java', 'javascript', 'programming', 'sdlc', 'testing']","['java', 'javascript']","['developer', 'development', 'java', 'javascript', 'programming', 'sdlc', 'testing']",0.2857142857142857
Sr. Salesforce Manager,['senior salesforce manager'],"['consulting', 'finance']","['consulting', 'finance', 'senior salesforce manager']",0.0
Sr Software Engineer-Java,"['customer interaction', 'development frameworks', 'j2ee', 'jave', 'support', 'unix background']","['communication', 'java', 'mysql', 'oracledb', 'postgresql', 'sql']","['communication', 'customer interaction', 'development frameworks', 'j2ee', 'java', 'jave', 'mysql', 'oracledb', 'postgresql', 'sql', 'support', 'unix background']",0.0
Network Engineer,"['bgp', 'ipv4', 'ipv6', 'linux', 'osi layers', 'ospf', 'troubleshooting']","['collaboration', 'communication', 'linux', 'operations', 'perl', 'php', 'problem solving', 'training']","['bgp', 'collaboration', 'communication', 'ipv4', 'ipv6', 'linux', 'operations', 'osi layers', 'ospf', 'perl', 'php', 'problem solving', 'training', 'troubleshooting']",0.07142857142857142
Senior .net serverside developer,"['.net', 'ajax', 'asp.net', 'c#', 'css', 'entity framework', 'heavy multi-threading', 'html', 'in server-side', 'jquery', 'linq', 'mvc 4 & 5', 'rest and json', 'sql', 'wcf services and web api']","['asp.net', 'communication', 'css', 'html', 'informatica', 'jquery', 'sql', 'ui design']","['.net', 'ajax', 'asp.net', 'c#', 'communication', 'css', 'entity framework', 'heavy multi-threading', 'html', 'in server-side', 'informatica', 'jquery', 'linq', 'mvc 4 & 5', 'rest and json', 'sql', 'ui design', 'wcf services and web api']",0.2777777777777778
DevOps Engineer 175K+,"['aws', 'devops']","['ansible', 'aws', 'chef', 'devops', 'linux', 'puppet', 'python', 'ruby']","['ansible', 'aws', 'chef', 'devops', 'linux', 'puppet', 'python', 'ruby']",0.25
Business Analyst With Big Data,"['agile tracking tool (e.g. rally', 'big data tools (e.g. cassandra', 'hadoop)', 'jira)']","['agile', 'cassandra', 'hadoop', 'jira', 'medical', 'regulatory', 'scrum', 'strategy']","['agile', 'agile tracking tool (e.g. rally', 'big data tools (e.g. cassandra', 'cassandra', 'hadoop', 'hadoop)', 'jira', 'jira)', 'medical', 'regulatory', 'scrum', 'strategy']",0.0
Voice Engineer,"['design', 'engineer', 'proxy', 'sip trunking', 'voice', 'voip']",[],"['design', 'engineer', 'proxy', 'sip trunking', 'voice', 'voip']",0.0
Infrastructure Architect,['(infrastructure architect ) and (.net ) and (devops ) and (vmware ) and (oracle soa )'],"['agile', 'devops', 'firewall', 'oracledb', 'strategy']","['(infrastructure architect ) and (.net ) and (devops ) and (vmware ) and (oracle soa )', 'agile', 'devops', 'firewall', 'oracledb', 'strategy']",0.0
Lead Mobile Developer( IOS and Android),['ios and android'],[],['ios and android'],0.0
Manager - Software Engineering,['10+ years of experience in software development'],"['agile', 'angular', 'asp.net', 'javascript', 'oracledb', 'sql']","['10+ years of experience in software development', 'agile', 'angular', 'asp.net', 'javascript', 'oracledb', 'sql']",0.0
"PHP, MySQL Mongo Back End Developers, Contract",['php mongo'],"['communication', 'jira', 'mongodb', 'mysql', 'php', 'sql']","['communication', 'jira', 'mongodb', 'mysql', 'php', 'php mongo', 'sql']",0.0
Senior Desktop Engineer,"['10', '7', '8', 'active directory', 'cisco', 'mobile devices', 'office', 'powershell', 'windows']",['operations'],"['10', '7', '8', 'active directory', 'cisco', 'mobile devices', 'office', 'operations', 'powershell', 'windows']",0.0
Desktop Support Engineer,"['10', '7', '8', 'active directory', 'executive support expereince', 'mobile devices', 'office', 'windows']",['operations'],"['10', '7', '8', 'active directory', 'executive support expereince', 'mobile devices', 'office', 'operations', 'windows']",0.0
Software Engineer in Test (SDET),['software engineer in test (sdet)'],"['agile', 'aws', 'azure', 'communication', 'docker', 'heroku', 'jenkins', 'scrum', 'selenium', 'software engineering']","['agile', 'aws', 'azure', 'communication', 'docker', 'heroku', 'jenkins', 'scrum', 'selenium', 'software engineer in test (sdet)', 'software engineering']",0.0
"QUALITY ASSURANCE ENGINEER - 4S Silversword Software and Services, LLC","['an', 'collaborate with program manager', 'developers and client to ensure systems and documents are developed according to software development life cycle (sdlc)', 'engineers', 'user acceptance testing (uat)']","['healthcare', 'oracledb', 'project management', 'sql', 'system design']","['an', 'collaborate with program manager', 'developers and client to ensure systems and documents are developed according to software development life cycle (sdlc)', 'engineers', 'healthcare', 'oracledb', 'project management', 'sql', 'system design', 'user acceptance testing (uat)']",0.0
.Net,['.net web anhular js c# server side'],"['agile', 'angular', 'asp.net', 'design patterns', 'javascript', 'scrum', 'system design']","['.net web anhular js c# server side', 'agile', 'angular', 'asp.net', 'design patterns', 'javascript', 'scrum', 'system design']",0.0
REMOTE ETL Consultant,['remote etl consultant ssis and document management'],"['document management', 'etl', 'go', 'sql', 'ssis']","['document management', 'etl', 'go', 'remote etl consultant ssis and document management', 'sql', 'ssis']",0.0
ATG Developer,"['dynatrace', 'endeca', 'technically strong in atg']","['java', 'jquery', 'linux', 'sql']","['dynatrace', 'endeca', 'java', 'jquery', 'linux', 'sql', 'technically strong in atg']",0.0
Network Seurity Engineer,['null'],"['aws', 'business analyst', 'firewall']","['aws', 'business analyst', 'firewall', 'null']",0.0
Vice President of Managed Services.,"['and fusion', 'e-business suite', 'vice president of managed services oracle jd edwards']","['consulting', 'finance', 'forecasting', 'go', 'go-to-market', 'leadership', 'marketing', 'operations', 'oracledb', 'presentation skills', 'problem solving', 'sales', 'strategy', 'time management']","['and fusion', 'consulting', 'e-business suite', 'finance', 'forecasting', 'go', 'go-to-market', 'leadership', 'marketing', 'operations', 'oracledb', 'presentation skills', 'problem solving', 'sales', 'strategy', 'time management', 'vice president of managed services oracle jd edwards']",0.0
UI JAVA Developers- Locals / Immediate Interviews,"['angularjs', 'java', 'spring', 'ui design']","['agile', 'chef', 'ci/cd', 'communication', 'git', 'human resources', 'java', 'jenkins', 'jira', 'junit', 'mysql', 'postgresql', 'puppet', 'python', 'ruby', 'scala', 'scrum', 'sql', 'ui design']","['agile', 'angularjs', 'chef', 'ci/cd', 'communication', 'git', 'human resources', 'java', 'jenkins', 'jira', 'junit', 'mysql', 'postgresql', 'puppet', 'python', 'ruby', 'scala', 'scrum', 'spring', 'sql', 'ui design']",0.09523809523809523
Java Engineer,"['hibernate', 'j2ee', 'java', 'multi-threading', 'support']","['communication', 'etl', 'hadoop', 'java', 'jira', 'linux', 'problem solving']","['communication', 'etl', 'hadoop', 'hibernate', 'j2ee', 'java', 'jira', 'linux', 'multi-threading', 'problem solving', 'support']",0.09090909090909091
Security L3,['extensive knowledge on checkpoint & cisco asa is must.- certification on network security is must.'],"['communication', 'firewall', 'leadership', 'presentation skills', 'problem solving', 'siem']","['communication', 'extensive knowledge on checkpoint & cisco asa is must.- certification on network security is must.', 'firewall', 'leadership', 'presentation skills', 'problem solving', 'siem']",0.0
Technical Solutions Architect,['strong hands-on technology background dealing with complex application performance and infrastructure issues'],"['clinical', 'communication', 'leadership', 'sales']","['clinical', 'communication', 'leadership', 'sales', 'strong hands-on technology background dealing with complex application performance and infrastructure issues']",0.0
Python Developer,['3+ years of software development experience'],"['python', 'sql']","['3+ years of software development experience', 'python', 'sql']",0.0
Windows / Azure Engineer,['experience in microsoft azure and office 365 administration'],"['azure', 'devops', 'jenkins', 'quality assurance']","['azure', 'devops', 'experience in microsoft azure and office 365 administration', 'jenkins', 'quality assurance']",0.0
Mobile Development Manager - iOS,"[""bachelor's degree in computer science or related field""]","['agile', 'communication', 'ios', 'java', 'objective-c', 'risk management', 'scrum', 'sql', 'swift']","['agile', ""bachelor's degree in computer science or related field"", 'communication', 'ios', 'java', 'objective-c', 'risk management', 'scrum', 'sql', 'swift']",0.0
Big Data Engineer,"[""bachelor's degree in computer science or equivalent experience""]","['hadoop', 'java', 'python', 'scala']","[""bachelor's degree in computer science or equivalent experience"", 'hadoop', 'java', 'python', 'scala']",0.0
Data Analyst,['solid understanding of the key metrics within digital advertising'],"['advertising', 'business intelligence', 'communication', 'marketing', 'sales', 'sql']","['advertising', 'business intelligence', 'communication', 'marketing', 'sales', 'solid understanding of the key metrics within digital advertising', 'sql']",0.0
Senior Software Engineer,['experience developing consumer services using json and rest frameworks'],"['angular', 'digital marketing', 'docker', 'javascript', 'marketing', 'node.js', 'react']","['angular', 'digital marketing', 'docker', 'experience developing consumer services using json and rest frameworks', 'javascript', 'marketing', 'node.js', 'react']",0.0
IT Trainer,"['google applications', 'knowledgeable in: salesforce', 'microsoft office suite', 'outlook', 'peoplesoft']",['communication'],"['communication', 'google applications', 'knowledgeable in: salesforce', 'microsoft office suite', 'outlook', 'peoplesoft']",0.0
Senior Android & iOS Software Engineer,['experience successfully publishing to the google play store and maintaining app versions'],"['android', 'communication', 'ios', 'oop', 'scrum']","['android', 'communication', 'experience successfully publishing to the google play store and maintaining app versions', 'ios', 'oop', 'scrum']",0.0
DevOps Lead,['10+ years of linux administration'],"['aws', 'chef', 'devops', 'hadoop', 'linux', 'mentoring', 'nagios', 'puppet', 'shell']","['10+ years of linux administration', 'aws', 'chef', 'devops', 'hadoop', 'linux', 'mentoring', 'nagios', 'puppet', 'shell']",0.0
Mainframe Developer/Analyst (solid Oil&Gas exp) ONLY LOCAL Citizns,"['cobol', 'db2 or vsam applications systems running on z', 'focus', 'ims', 'os and vm.', 'pl1']","['communication', 'consulting', 'operations', 'training']","['cobol', 'communication', 'consulting', 'db2 or vsam applications systems running on z', 'focus', 'ims', 'operations', 'os and vm.', 'pl1', 'training']",0.0
IT Application Developer,['strong sql skills'],['communication'],"['communication', 'strong sql skills']",0.0
Senior SDET Engineer,['hands-on experience with web technology (server or client side) and web frameworks'],"['aws', 'ci/cd', 'marketing', 'quality assurance', 'sql', 'testing']","['aws', 'ci/cd', 'hands-on experience with web technology (server or client side) and web frameworks', 'marketing', 'quality assurance', 'sql', 'testing']",0.0
Front End Developer,"['css3', 'javascript and ajax', 'strong experience with cross-browser specifications such as html5']","['advertising', 'communication', 'css', 'git', 'html', 'javascript', 'quality assurance']","['advertising', 'communication', 'css', 'css3', 'git', 'html', 'javascript', 'javascript and ajax', 'quality assurance', 'strong experience with cross-browser specifications such as html5']",0.0
Senior Talend developer,['senior talend developer'],"['agile', 'communication', 'datastage', 'etl', 'informatica', 'oracledb', 'problem solving', 'sql', 'talend']","['agile', 'communication', 'datastage', 'etl', 'informatica', 'oracledb', 'problem solving', 'senior talend developer', 'sql', 'talend']",0.0
Java/ETL Developer,"['.net', 'angular js', 'etl', 'informatica', 'j2ee', 'java', 'sql', 'testers and developers']","['angular', 'business intelligence', 'html', 'informatica', 'javascript', 'oracledb', 'teaching', 'training']","['.net', 'angular', 'angular js', 'business intelligence', 'etl', 'html', 'informatica', 'j2ee', 'java', 'javascript', 'oracledb', 'sql', 'teaching', 'testers and developers', 'training']",0.06666666666666667
Sr Salesforce Developer,"['501', 'certification 401']","['marketing', 'sales']","['501', 'certification 401', 'marketing', 'sales']",0.0
Material Requisition Coordinator,"['""customer service""', '""inventory control""', '""ms office suite (word', '""order management""', 'access', 'excel', 'powerpoint)""', 'purchasing']",['oracledb'],"['""customer service""', '""inventory control""', '""ms office suite (word', '""order management""', 'access', 'excel', 'oracledb', 'powerpoint)""', 'purchasing']",0.0
Software Eng /eLearning Programmer w/ability to have public trust,"['edge', 'experience in storyline ii', 'lectora', 'or similar authoring languages']",['consulting'],"['consulting', 'edge', 'experience in storyline ii', 'lectora', 'or similar authoring languages']",0.0
Cable/Infrastructure Engineer w/Secret clearance,['developing and maintaining it wiring diagrams'],"['consulting', 'leadership', 'training', 'typescript']","['consulting', 'developing and maintaining it wiring diagrams', 'leadership', 'training', 'typescript']",0.0
Organizational Change Management PM,['pmp'],"['project management', 'training']","['pmp', 'project management', 'training']",0.0
Network Security Engineer w/ability to maintain Top Secret clearance,"['and network assessments', 'ids', 'security scanners', 'system security related discipline']","['consulting', 'firewall', 'leadership', 'penetration testing']","['and network assessments', 'consulting', 'firewall', 'ids', 'leadership', 'penetration testing', 'security scanners', 'system security related discipline']",0.0
Scrum Master,"['and sprint demo', 'project management.', 'retrospective', 'spring planning', 'stand-ups']","['agile', 'communication', 'confluence', 'jira', 'product owner', 'scrum', 'scrum master']","['agile', 'and sprint demo', 'communication', 'confluence', 'jira', 'product owner', 'project management.', 'retrospective', 'scrum', 'scrum master', 'spring planning', 'stand-ups']",0.0
Senior .Net Developer,['senior .net developer'],"['android', 'creativity', 'ios', 'operations']","['android', 'creativity', 'ios', 'operations', 'senior .net developer']",0.0
Junior Developer,['object oriented java'],"['java', 'pharma']","['java', 'object oriented java', 'pharma']",0.0
System Administrator w/active Secret clearance,"['active directory', 'blackberry 10', 'blackberry enterprise server 5.0', 'bmc remedy', 'citrix', 'rsa', 'windows server 2008']","['consulting', 'ios', 'operations']","['active directory', 'blackberry 10', 'blackberry enterprise server 5.0', 'bmc remedy', 'citrix', 'consulting', 'ios', 'operations', 'rsa', 'windows server 2008']",0.0
BI Report Writer/Developer,"['asp.net', 'c#', 'excel power pivot', 'microsoft visual studio 2010', 'sql server', 'sql server analysis services (ssas)', 'sql server integration services (ssis)', 'sql server reporting services (ssrs)']","['business intelligence', 'communication', 'problem solving', 'sql', 'ssis', 'time management']","['asp.net', 'business intelligence', 'c#', 'communication', 'excel power pivot', 'microsoft visual studio 2010', 'problem solving', 'sql', 'sql server', 'sql server analysis services (ssas)', 'sql server integration services (ssis)', 'sql server reporting services (ssrs)', 'ssis', 'time management']",0.0
Solution Architect,"['amazon web service', 'amazon webservice', 'aws', 'class loaders', 'concurrency', 'java', 'jvm', 'multithreading', 'real time', 'real-time', 'scalable']","['agile', 'aws', 'communication', 'consulting', 'distribution', 'java', 'problem solving', 'system design', 'training']","['agile', 'amazon web service', 'amazon webservice', 'aws', 'class loaders', 'communication', 'concurrency', 'consulting', 'distribution', 'java', 'jvm', 'multithreading', 'problem solving', 'real time', 'real-time', 'scalable', 'system design', 'training']",0.1111111111111111
Risk and Compliance Analyst,"['audit', 'compliance', 'risk', 'sox']","['communication', 'compliance']","['audit', 'communication', 'compliance', 'risk', 'sox']",0.2
SDET,"['functional', 'performance', 'security and regression testing', 'sql']","['consulting', 'etl', 'go', 'project management', 'quality assurance', 'sql', 'strategy', 'testing']","['consulting', 'etl', 'functional', 'go', 'performance', 'project management', 'quality assurance', 'security and regression testing', 'sql', 'strategy', 'testing']",0.09090909090909091
SDET,"['functional', 'performance', 'security and regression testing', 'sql']","['consulting', 'etl', 'go', 'project management', 'quality assurance', 'sql', 'strategy', 'testing']","['consulting', 'etl', 'functional', 'go', 'performance', 'project management', 'quality assurance', 'security and regression testing', 'sql', 'strategy', 'testing']",0.09090909090909091
Service Desk Analyst,"['ms excel', 'troubleshoot']","['accounting', 'communication', 'consulting', 'healthcare', 'logistics']","['accounting', 'communication', 'consulting', 'healthcare', 'logistics', 'ms excel', 'troubleshoot']",0.0
Senior Functional Oracle HRMS CONSULTANT,['senior functional oracle hrms consultant with oab'],"['human resources', 'oracledb']","['human resources', 'oracledb', 'senior functional oracle hrms consultant with oab']",0.0
"Manager, Travel and Expenses SAP","['concur', 'human resources', 'implementation', 'integration', 'pmp', 'sap']","['accounting', 'communication', 'express', 'human resources', 'leadership', 'operations', 'oracledb', 'problem solving', 'program management', 'project management', 'strategy']","['accounting', 'communication', 'concur', 'express', 'human resources', 'implementation', 'integration', 'leadership', 'operations', 'oracledb', 'pmp', 'problem solving', 'program management', 'project management', 'sap', 'strategy']",0.0625
Java Architect - FULL TIME OPPORTUNITY!!!!,"['core java', 'java architect']","['agile', 'aws', 'communication', 'git', 'java', 'junit', 'leadership', 'oracledb', 'ui design']","['agile', 'aws', 'communication', 'core java', 'git', 'java', 'java architect', 'junit', 'leadership', 'oracledb', 'ui design']",0.0
SAP BW Backend Architect,"['architect', 'bw on hana. responsible for translating business requirements into technical solution', 'developer role will be responsible for data integration between sap bpc and ecc 6.0 utilizing sap bpc']","['business intelligence', 'legal', 'sql']","['architect', 'business intelligence', 'bw on hana. responsible for translating business requirements into technical solution', 'developer role will be responsible for data integration between sap bpc and ecc 6.0 utilizing sap bpc', 'legal', 'sql']",0.0
